{
    "categories": [
        "EU27*",
        "EU28",
        "Austria",
        "Belgium",
        "Croatia",
        "Cyprus",
        "Denmark",
        "Estonia",
        "Finland",
        "Germany",
        "Greece",
        "Hungary",
        "Italy",
        "Lithuania",
        "Poland",
        "Portugal",
        "Romania",
        "Spain",
        "Sweden",
        "United Kingdom"
    ],
    "data": [
        {
            "year": 2008,
            "series": [
                {
                    "name": "biodiesel",
                    "data": [
                        79.97843310251406,
                        82.25084756116185,
                        105.95720069404278,
                        105.13964313421258,
                        27.47747747747748,
                        66.66666666666667,
                        132.84794175301036,
                        null,
                        73.50192413413963,
                        87.93671191068987,
                        36.305147058823536,
                        null,
                        75.01123343068974,
                        62.12121212121213,
                        27.483443708609272,
                        31.35985198889916,
                        9.264931087289431,
                        80.22990886495444,
                        115.95402298850577,
                        95.84644094908023
                    ]
                }
            ]
        },
        {
            "year": 2009,
            "series": [
                {
                    "name": "biodiesel",
                    "data": [
                        76.4795601505133,
                        76.65751680789276,
                        89.36651583710406,
                        115.77429241031187,
                        15.261958997722099,
                        58.97435897435896,
                        138.2035247299602,
                        null,
                        74.98646453708717,
                        74.75386022488837,
                        36.846689895470384,
                        null,
                        80.25590901012974,
                        47.61904761904761,
                        21.81438998957247,
                        53.76128385155466,
                        10.031347962382446,
                        73.51741815216124,
                        128.25154835636016,
                        77.8608040511332
                    ]
                }
            ]
        },
        {
            "year": 2010,
            "series": [
                {
                    "name": "biodiesel",
                    "data": [
                        88.02800808066036,
                        89.36061788358946,
                        127.6595744680851,
                        139.78695570921323,
                        30.996309963099637,
                        70.27027027027029,
                        139.62210941906375,
                        null,
                        102.41360394953371,
                        90.90932489125679,
                        33.52272727272727,
                        null,
                        82.38300492610838,
                        79.23497267759565,
                        23.96835578362198,
                        69.3498452012384,
                        8.176100628930818,
                        80.32676056338028,
                        138.7755102040816,
                        98.36349039708516
                    ]
                }
            ]
        },
        {
            "year": 2011,
            "series": [
                {
                    "name": "biodiesel",
                    "data": [
                        94.2826686079767,
                        96.43904544980872,
                        90.4494382022472,
                        123.04089915704027,
                        17.65734265734266,
                        93.75,
                        100.10127607859025,
                        null,
                        81.2994350282486,
                        95.75756084356622,
                        29.59697732997482,
                        null,
                        98.57065315722816,
                        79.23497267759562,
                        24.103459219295463,
                        66.50148662041626,
                        6.480721903199345,
                        78.34240774349668,
                        138.9359698681733,
                        134.59021703919663
                    ]
                }
            ]
        },
        {
            "year": 2012,
            "series": [
                {
                    "name": "biodiesel",
                    "data": [
                        95.9482571515388,
                        95.85805499503056,
                        101.29935032483759,
                        153.12181879877843,
                        26.691729323308266,
                        45.45454545454545,
                        136.4995957962813,
                        null,
                        15.842636895268473,
                        94.78487614080832,
                        37.772925764192145,
                        null,
                        98.163624367715,
                        33.68421052631579,
                        26.6824644549763,
                        69.08517350157729,
                        6.689246401354784,
                        74.23902195608783,
                        172.68112598061836,
                        108.79818594104307
                    ]
                }
            ]
        },
        {
            "year": 2013,
            "series": [
                {
                    "name": "biodiesel",
                    "data": [
                        105.62059019303305,
                        106.61193563386615,
                        115.98381385938292,
                        165.69534112720294,
                        24.65483234714004,
                        63.888888888888864,
                        135.90747330960855,
                        null,
                        180.50847457627117,
                        100.19421294589078,
                        38.63636363636364,
                        null,
                        103.35631144762121,
                        51.121076233183864,
                        29.30897537728356,
                        48.94291754756871,
                        2.529644268774704,
                        83.6984207845135,
                        176.59157688540648,
                        135.10204081632656
                    ]
                }
            ]
        },
        {
            "year": 2014,
            "series": [
                {
                    "name": "biodiesel",
                    "data": [
                        105.10112871564777,
                        110.28970180706615,
                        126.97137117026622,
                        175.8845944474687,
                        32.27091633466136,
                        43.24324324324325,
                        118.37011884550085,
                        null,
                        156.4430244941427,
                        107.76301080611105,
                        54.47570332480818,
                        null,
                        106.43658944351564,
                        51.121076233183864,
                        27.936128935979706,
                        50.3657262277952,
                        11.627906976744187,
                        81.33600534402137,
                        175.4741379310345,
                        148.6491739552964
                    ]
                }
            ]
        },
        {
            "year": 2015,
            "series": [
                {
                    "name": "biodiesel",