{
    "type": "bC16",
    "range_thresholds": [
        4.487418948499464,
        11.278111444506395,
        11.478761763904929,
        16.036792997003307,
        16.038199512608333,
        26.184863998508614,
        26.460497699552946,
        43.14954332307334,
        43.49077711616118,
        54.09260244811068,
        54.68754515832047,
        72.45425638424051
    ],
    "series": [
        {
            "year": 2008,
            "data": {
                "AT": 55.964117455494964,
                "BE": 60.85806691098736,
                "BG": 4.9911441128601135,
                "HR": 9.728452401542354,
                "CY": 26.662973134167785,
                "CZ": 15.396998476960142,
                "DK": 55.82851637764933,
                "EE": 14.488466421261572,
                "FI": 41.142587616319744,
                "FR": 44.54371973097028,
                "DE": 41.824104757480605,
                "EL": 18.765167646495254,
                "HU": 11.478761763904929,
                "IE": 50.23212627669453,
                "IT": 30.840888807058484,
                "LV": 12.340502279008485,
                "LT": 7.335463138173237,
                "LU": 46.55172413793104,
                "MT": 15.333333333333332,
                "NL": 33.43395345610344,
                "PL": 14.422024575119204,
                "PT": 18.79603440067627,
                "RO": 7.653185068372679,
                "SK": 9.602939827215476,
                "SI": 19.127089585051788,
                "ES": 32.57156241198404,
                "SE": 47.52141616150056,
                "UK": 47.05375641775964
            }
        },
        {
            "year": 2009,
            "data": {
                "AT": 51.94278612533458,
                "BE": 59.9716128330449,
                "BG": 4.487418948499464,
                "HR": 9.686524093380145,
                "CY": 24.99793765628026,
                "CZ": 15.395693631521814,
                "DK": 54.09260244811068,
                "EE": 16.462314786677208,
                "FI": 32.41161599940172,
                "FR": 39.6532418823877,
                "DE": 40.111988558500094,
                "EL": 21.036611864584337,
                "HU": 9.4691933116096,
                "IE": 52.265084075173114,
                "IT": 28.551462147899365,
                "LV": 11.635305344740296,
                "LT": 8.11956413816261,
                "LU": 46.55172413793104,
                "MT": 16.08040201005025,
                "NL": 35.488636011049195,
                "PL": 11.895798773055361,
                "PT": 17.05540057051775,
                "RO": 8.02518410786646,
                "SK": 10.13493622254586,
                "SI": 16.93827502736776,
                "ES": 29.95665949640607,
                "SE": 45.30764225413211,
                "UK": 34.53855803209124
            }
        },
        {
            "year": 2010,
            "data": {
                "AT": 59.2852584844971,
                "BE": 62.759070967783785,
                "BG": 5.141161106398125,
                "HR": 7.493422458008879,
                "CY": 22.81469246578845,
                "CZ": 15.397136619999909,
                "DK": 58.69513358778625,
                "EE": 21.895345620558682,
                "FI": 45.940519334994924,
                "FR": 41.627213097093744,
                "DE": 44.79409364239334,
                "EL": 21.939591916109013,
                "HU": 10.229052763087982,
                "IE": 49.02405810258738,
                "IT": 29.888102069600855,
                "LV": 18.13356982032073,
                "LT": 9.211195950753462,
                "LU": 46.55172413793104,
                "MT": 15.50802139037433,
                "NL": 38.19052871174159,
                "PL": 12.9320517096258,
                "PT": 20.379618484334,
                "RO": 9.879935626728463,
                "SK": 14.359067503842564,
                "SI": 18.715174967402085,
                "ES": 30.214783983902613,
                "SE": 57.049461071185945,
                "UK": 33.787114312881066
            }
        },
        {
            "year": 2011,
            "data": {
                "AT": 60.97182692292027,
                "BE": 63.62171435069501,
                "BG": 5.316436676041999,
                "HR": 10.354554012532605,
                "CY": 20.793903754123303,
                "CZ": 15.397135323189476,
                "DK": 48.01583274129706,
                "EE": 22.93883002947156,
                "FI": 45.457219638560545,
                "FR": 44.64309439590575,
                "DE": 45.135956682215884,
                "EL": 14.370591851170785,
                "HU": 10.305561778214162,
                "IE": 52.307320608842716,
                "IT": 30.975209640659582,
                "LV": 17.66984949200953,
                "LT": 9.668214400821288,
                "LU": 46.55172413793104,
                "MT": 15.50802139037433,
                "NL": 41.79755280442753,
                "PL": 14.014988241542133,
                "PT": 19.394659325904268,
                "RO": 10.309663284747712,
                "SK": 11.850090973234366,
                "SI": 20.48073263509263,
                "ES": 29.56154443296371,
                "SE": 51.45141532305338,
                "UK": 47.401626836698505
            }
        },
        {
            "year": 2012,
            "data": {
                "AT": 56.272303220493185,
                "BE": 64.22646371438711,
                "BG": 5.496276208584014,
                "HR": 10.615318015681963,
                "CY": 20.87370873670485,
                "CZ": 15.395805029790642,
                "DK": 50.964681075382174,
                "EE": 22.240070673097943,
                "FI": 46.00917775447334,
                "FR": 44.52454020176544,
                "DE": 43.14954332307334,
                "EL": 11.210984678958033,
                "HU": 10.049076591268248,
                "IE": 55.84737363726462,
                "IT": 29.05152026394843,
                "LV": 17.799290976247974,
                "LT": 9.086650677871047,
                "LU": 46.55172413793104,
                "MT": 15.50802139037433,
                "NL": 41.760415564463095,
                "PL": 13.406362718560171,
                "PT": 20.11154907984936,
                "RO": 10.30130071466465,
                "SK": 10.0117937454615,
                "SI": 20.86771447796629,
                "ES": 29.313188760973137,
                "SE": 52.147850622753886,
                "UK": 48.88472386746139
            }
        },
        {
            "year": 2013,
            "data": {
                "AT": 58.42293914984503,
                "BE": 61.173810684584005,
                "BG": 5.743198909929365,
                "HR": 11.055485247977495,
                "CY": 16.735621744396088,
                "CZ": 15.397167473684707,
                "DK": 53.402448439395606,
                "EE": 24.39652070129498,
                "FI": 50.750198975794326,
                "FR": 43.49077711616118,
                "DE": 43.512611654598224,
                "EL": 9.424220923030868,
                "HU": 10.667104579707246,
                "IE": 57.390443179004706,
                "IT": 29.882622110787125,
                "LV": 17.465625091978172,
                "LT": 10.736485989243556,
                "LU": 42.49999999999999,
                "MT": 15.50802139037433,
                "NL": 34.296962967220416,
                "PL": 15.155059173821867,
                "PT": 21.621609762150808,
                "RO": 10.656011001372264,
                "SK": 10.282559029219968,
                "SI": 22.452778274644704,
                "ES": 30.62195416249161,
                "SE": 58.423440168607165,
                "UK": 47.886055403609134
            }
        },
        {
            "year": 2014,
            "data": {
                "AT": 60.052570473642724,
                "BE": 60.95678213179686,