{
    "categories": [
        "EU27*",
        "EU28",
        "Belgium",
        "Bulgaria",
        "Croatia",
        "Estonia",
        "Finland",
        "France",
        "Germany",
        "Greece",
        "Hungary",
        "Italy",
        "Lithuania",
        "Netherlands",
        "Poland",
        "Portugal",
        "Romania",
        "Slovakia",
        "Spain",
        "Sweden",
        "United Kingdom"
    ],
    "data": [
        {
            "year": 2008,
            "series": [
                {
                    "name": "bioethanol",
                    "data": [
                        132.97492939189956,
                        141.53244058189009,
                        174.8230838233829,
                        3.822937625754527,
                        24.324324324324326,
                        55.10204081632652,
                        106.2135922330097,
                        88.76478572813652,
                        138.03375470380138,
                        42.622950819672134,
                        32.434575733544804,
                        33.86983904828551,
                        26.326530612244905,
                        246.61271916173882,
                        40.936888454011736,
                        57.28518057285181,
                        12.705366922234392,
                        20.43868394815553,
                        182.60703363914368,
                        111.47301895964998,
                        239.5179469394833
                    ]
                }
            ]
        },
        {
            "year": 2009,
            "series": [
                {
                    "name": "bioethanol",
                    "data": [
                        113.1684358789378,
                        120.35677937709002,
                        207.38961569910055,
                        0.5597014925373134,
                        24.324324324324326,
                        55.102040816326536,
                        106.2135922330097,
                        88.76478572813652,
                        113.8901634136872,
                        70.87719298245614,
                        31.699346405228763,
                        36.302268891805724,
                        41.08216432865731,
                        207.41718939143828,
                        26.015588096362773,
                        46.354883081155435,
                        12.010443864229766,
                        38.198757763975145,
                        82.99221155587756,
                        112.84104389086596,
                        203.0755850727388
                    ]
                }
            ]
        },
        {
            "year": 2010,
            "series": [
                {
                    "name": "bioethanol",
                    "data": [
                        140.53289555270788,
                        145.1345425772171,
                        207.95484151107246,
                        5.065359477124184,
                        24.324324324324326,
                        55.102040816326536,
                        131.43580012650222,
                        118.44871049059529,
                        143.73188176466863,
                        58.70307167235496,
                        32.550043516100956,
                        35.99182004089979,
                        43.56846473029045,
                        288.2224268938521,
                        37.681513117754726,
                        76.35402906208718,
                        17.365381032234026,
                        66.70235546038543,
                        142.97643347559847,
                        166.42899584076056,
                        206.74414927261228
                    ]
                }
            ]
        },
        {
            "year": 2011,
            "series": [
                {
                    "name": "bioethanol",
                    "data": [
                        143.855334878767,
                        138.35161003589866,
                        212.78312361213918,
                        8.396946564885496,
                        24.324324324324326,
                        55.10204081632652,
                        147.09228824273072,
                        121.62776598969386,
                        130.41575020485615,
                        69.42675159235668,
                        29.36643835616438,
                        48.237423780487795,
                        47.863247863247864,
                        262.29570505511214,
                        57.64027761439831,
                        79.27107061503416,
                        11.028110870847255,
                        56.466512702078525,
                        211.8484288354898,
                        165.20156774916012,
                        51.211044060510865
                    ]
                }
            ]
        },
        {
            "year": 2012,
            "series": [
                {
                    "name": "bioethanol",
                    "data": [
                        148.16690503942056,
                        144.41494999325536,
                        203.84615384615384,
                        13.365853658536587,
                        20.98765432098765,
                        44.48275862068965,
                        143.46201743462018,
                        109.9776444287563,
                        123.76986121511145,
                        56.13382899628253,
                        42.38297872340425,
                        41.37280222509188,
                        67.402376910017,
                        254.2634932533733,
                        44.456504884478214,
                        34.924330616996514,
                        11.976166832174776,
                        34.50106157112526,
                        135.12786002691792,
                        169.59222252227926,
                        78.01099000090082
                    ]
                }
            ]
        },
        {
            "year": 2013,
            "series": [
                {
                    "name": "bioethanol",
                    "data": [
                        141.62110282368195,
                        138.43071641416822,
                        211.1891279728199,
                        13.677130044843047,
                        20.98765432098765,
                        33.910034602076124,
                        135.92057761732858,
                        108.12119319069186,
                        127.09206568371224,
                        55.55555555555554,
                        42.920747996438116,
                        48.80273660205245,
                        78.52564102564105,
                        229.59532473260555,
                        53.47875141030461,
                        47.63513513513514,
                        13.108356290174472,
                        41.75317185697809,
                        101.47380999800836,
                        185.68643831801728,
                        84.15979157620494
                    ]
                }
            ]
        },
        {
            "year": 2014,
            "series": [
                {
                    "name": "bioethanol",