{
    "type": "Bioeth",
    "range_thresholds": [
        0.5597014925373134,
        27.216706607326252,
        27.21670660732626,
        47.8134110787172,
        47.863247863247864,
        76.35402906208718,
        77.90262172284645,
        125.78890097932535,
        127.09206568371224,
        168.10971579643098,
        169.59222252227926,
        308.95818455923194
    ],
    "series": [
        {
            "year": 2008,
            "data": {
                "BE": 174.8230838233829,
                "BG": 3.822937625754527,
                "HR": 24.324324324324326,
                "EE": 55.10204081632652,
                "FI": 106.2135922330097,
                "FR": 88.76478572813652,
                "DE": 138.03375470380138,
                "EL": 42.622950819672134,
                "HU": 32.434575733544804,
                "IT": 33.86983904828551,
                "LT": 26.326530612244905,
                "NL": 246.61271916173882,
                "PL": 40.936888454011736,
                "PT": 57.28518057285181,
                "RO": 12.705366922234392,
                "SK": 20.43868394815553,
                "ES": 182.60703363914368,
                "SE": 111.47301895964998,
                "UK": 239.5179469394833
            }
        },
        {
            "year": 2009,
            "data": {
                "BE": 207.38961569910055,
                "BG": 0.5597014925373134,
                "HR": 24.324324324324326,
                "EE": 55.102040816326536,
                "FI": 106.2135922330097,
                "FR": 88.76478572813652,
                "DE": 113.8901634136872,
                "EL": 70.87719298245614,
                "HU": 31.699346405228763,
                "IT": 36.302268891805724,
                "LT": 41.08216432865731,
                "NL": 207.41718939143828,
                "PL": 26.015588096362773,
                "PT": 46.354883081155435,
                "RO": 12.010443864229766,
                "SK": 38.198757763975145,
                "ES": 82.99221155587756,
                "SE": 112.84104389086596,
                "UK": 203.0755850727388
            }
        },
        {
            "year": 2010,
            "data": {
                "BE": 207.95484151107246,
                "BG": 5.065359477124184,
                "HR": 24.324324324324326,
                "EE": 55.102040816326536,
                "FI": 131.43580012650222,
                "FR": 118.44871049059529,
                "DE": 143.73188176466863,
                "EL": 58.70307167235496,
                "HU": 32.550043516100956,
                "IT": 35.99182004089979,
                "LT": 43.56846473029045,
                "NL": 288.2224268938521,
                "PL": 37.681513117754726,
                "PT": 76.35402906208718,
                "RO": 17.365381032234026,
                "SK": 66.70235546038543,
                "ES": 142.97643347559847,
                "SE": 166.42899584076056,
                "UK": 206.74414927261228
            }
        },
        {
            "year": 2011,
            "data": {
                "BE": 212.78312361213918,
                "BG": 8.396946564885496,
                "HR": 24.324324324324326,
                "EE": 55.10204081632652,
                "FI": 147.09228824273072,
                "FR": 121.62776598969386,
                "DE": 130.41575020485615,
                "EL": 69.42675159235668,
                "HU": 29.36643835616438,
                "IT": 48.237423780487795,
                "LT": 47.863247863247864,
                "NL": 262.29570505511214,
                "PL": 57.64027761439831,
                "PT": 79.27107061503416,
                "RO": 11.028110870847255,
                "SK": 56.466512702078525,
                "ES": 211.8484288354898,
                "SE": 165.20156774916012,
                "UK": 51.211044060510865
            }
        },
        {
            "year": 2012,
            "data": {
                "BE": 203.84615384615384,
                "BG": 13.365853658536587,
                "HR": 20.98765432098765,
                "EE": 44.48275862068965,
                "FI": 143.46201743462018,
                "FR": 109.9776444287563,
                "DE": 123.76986121511145,
                "EL": 56.13382899628253,
                "HU": 42.38297872340425,
                "IT": 41.37280222509188,
                "LT": 67.402376910017,
                "NL": 254.2634932533733,
                "PL": 44.456504884478214,
                "PT": 34.924330616996514,
                "RO": 11.976166832174776,
                "SK": 34.50106157112526,
                "ES": 135.12786002691792,
                "SE": 169.59222252227926,
                "UK": 78.01099000090082
            }
        },
        {
            "year": 2013,
            "data": {
                "BE": 211.1891279728199,
                "BG": 13.677130044843047,
                "HR": 20.98765432098765,
                "EE": 33.910034602076124,
                "FI": 135.92057761732858,
                "FR": 108.12119319069186,
                "DE": 127.09206568371224,
                "EL": 55.55555555555554,
                "HU": 42.920747996438116,
                "IT": 48.80273660205245,
                "LT": 78.52564102564105,
                "NL": 229.59532473260555,
                "PL": 53.47875141030461,
                "PT": 47.63513513513514,
                "RO": 13.108356290174472,
                "SK": 41.75317185697809,
                "ES": 101.47380999800836,
                "SE": 185.68643831801728,
                "UK": 84.15979157620494
            }
        },
        {
            "year": 2014,
            "data": {
                "BE": 248.74936191934663,
                "BG": 14.028776978417268,
                "HR": 15.517241379310345,
                "EE": 35.53459119496856,
                "FI": 142.81900694073678,
                "FR": 124.48299401678513,
                "DE": 128.90165340353815,
                "EL": 43.911439114391136,
                "HU": 58.59683794466402,
                "IT": 36.07395323545405,
                "LT": 79.62674961119752,
                "NL": 183.29414399283397,
                "PL": 54.946604876083015,
                "PT": 52.109704641350206,
                "RO": 11.960943856794144,
                "SK": 37.235023041474655,
                "ES": 136.35132520797058,
                "SE": 125.78890097932535,
                "UK": 101.07472371489405
            }
        },
        {
            "year": 2015,
            "data": {
                "BE": 280.07237635705667,
                "BG": 13.957597173144878,
                "HR": 15.517241379310349,
                "EE": 47.8134110787172,
                "FI": 139.87274655355247,
                "FR": 136.72181005483617,
                "DE": 151.3057654324858,
                "EL": 77.90262172284645,
                "HU": 87.29064039408867,
                "IT": 88.61323882473991,
                "LT": 107.55007704160244,
                "NL": 223.38700596779643,
                "PL": 51.64609053497942,
                "PT": 59.2850049652433,
                "RO": 12.376525276002324,
                "SK": 58.58490566037735,
                "ES": 131.24014336917566,
                "SE": 166.42735042735043,
                "UK": 89.32299147754479
            }
        },
        {
            "year": 2016,
            "data": {
                "BE": 264.1126240480037,
                "BG": 13.483146067415733,
                "HR": 17.167381974248926,
                "EE": 81.2286689419795,
                "FI": 138.02742616033757,
                "FR": 130.70642682500872,
                "DE": 151.240805108722,
                "EL": 72.22222222222223,
                "HU": 97.83505154639177,
                "IT": 123.87990762124711,
                "LT": 174.25474254742545,
                "NL": 213.68311568242228,
                "PL": 52.95669377885249,