{
    "type": "bchem",
    "range_thresholds": [
        6.143024654403608,
        22.29385680914711,
        22.302541541687933,
        35.09644531566656,
        35.1711576900004,
        57.3208722741433,
        57.668711656441715,
        86.17954367847118,
        86.82754319227196,
        123.53574688042362,
        123.65028706807608,
        227.14754129633374
    ],
    "series": [
        {
            "year": 2008,
            "data": {
                "AT": 156.4917965459677,
                "BE": 102.47952645225705,
                "BG": 9.587034141538346,
                "HR": 18.9552716346374,
                "CY": 36.614789027558295,
                "CZ": 29.332878718520263,
                "DK": 120.74770280947149,
                "EE": 19.84802770301791,
                "FI": 100.63370924455366,
                "FR": 89.45611658775205,
                "DE": 94.68631777742004,
                "EL": 68.87424914605708,
                "HU": 41.48782584228549,
                "IE": 215.7521979809137,
                "IT": 76.96145510081635,
                "LV": 15.068356774797778,
                "LT": 23.11060535409657,
                "LU": 57.668711656441715,
                "MT": 7.9117001105524025,
                "NL": 37.585702038823854,
                "PL": 37.53609946060896,
                "PT": 34.50487157800073,
                "RO": 20.509642132983924,
                "SK": 18.606346167990093,
                "SI": 49.75037907582449,
                "ES": 77.82233449122504,
                "SE": 110.2878315986718,
                "UK": 100.18870036030486
            }
        },
        {
            "year": 2009,
            "data": {
                "AT": 82.33569033888381,
                "BE": 112.78677386930231,
                "BG": 10.303357336505604,
                "HR": 16.98558658566114,
                "CY": 35.47895939754022,
                "CZ": 29.155495143849247,
                "DK": 127.88581214054335,
                "EE": 38.33660937865631,
                "FI": 102.83192369164699,
                "FR": 83.87350542821875,
                "DE": 89.30724421235195,
                "EL": 69.1463154337395,
                "HU": 29.217056044189647,
                "IE": 132.67914204222865,
                "IT": 73.68917071369242,
                "LV": 17.921620951282822,
                "LT": 23.820120495971175,
                "LU": 57.668711656441715,
                "MT": 10.799514543691288,
                "NL": 30.317569611490413,
                "PL": 30.364511893270254,
                "PT": 32.47827788338253,
                "RO": 20.302674725506726,
                "SK": 22.819921269350065,
                "SI": 64.41511618603634,
                "ES": 69.51536176418722,
                "SE": 117.48962942763546,
                "UK": 91.00103790470449
            }
        },
        {
            "year": 2010,
            "data": {
                "AT": 114.00906859670566,
                "BE": 129.81576167846458,
                "BG": 13.438935279016334,
                "HR": 21.13827018608953,
                "CY": 34.69704793328106,
                "CZ": 29.40631978587153,
                "DK": 127.03407860443019,
                "EE": 38.46811585327597,
                "FI": 126.2608470877695,
                "FR": 93.10394042804613,
                "DE": 111.03793793355938,
                "EL": 60.5020014627204,
                "HU": 41.00460556948313,
                "IE": 225.9128980702901,
                "IT": 78.7093081652242,
                "LV": 31.22106883420655,
                "LT": 26.27335348250486,
                "LU": 57.668711656441715,
                "MT": 6.596041074718503,
                "NL": 41.86078604373979,
                "PL": 35.09644531566656,
                "PT": 42.21435435581572,
                "RO": 20.29908627826457,
                "SK": 35.250920577433675,
                "SI": 72.27893501110907,
                "ES": 83.249077071673,
                "SE": 151.5163762717539,
                "UK": 85.57128010495886
            }
        },
        {
            "year": 2011,
            "data": {
                "AT": 106.44748509330036,
                "BE": 123.65028706807608,
                "BG": 15.404697825635973,
                "HR": 16.698937837030062,
                "CY": 31.38111112736672,
                "CZ": 29.60460204438445,
                "DK": 94.70649413452342,
                "EE": 19.4970370927968,
                "FI": 135.04823130825574,
                "FR": 100.72464383100143,
                "DE": 105.97914118053015,
                "EL": 58.931523875528526,
                "HU": 45.09101852959261,
                "IE": 180.24178913811187,
                "IT": 81.86284152920761,
                "LV": 23.0356519688142,
                "LT": 29.894232530989818,
                "LU": 57.668711656441715,
                "MT": 6.143024654403608,
                "NL": 33.97101478735314,
                "PL": 35.79449779508246,
                "PT": 44.635229161985976,
                "RO": 19.473778675965267,
                "SK": 35.80017167677465,
                "SI": 75.46106057064522,
                "ES": 86.82754319227196,
                "SE": 136.8343624814821,
                "UK": 68.23951030990932
            }
        },
        {
            "year": 2012,
            "data": {
                "AT": 109.74119371262793,
                "BE": 146.78250315474614,
                "BG": 14.768473676809824,
                "HR": 19.101652823471703,
                "CY": 31.688767075218234,
                "CZ": 29.87130371000461,
                "DK": 126.56569026182312,
                "EE": 32.47952778127194,
                "FI": 128.47814303303306,
                "FR": 85.87962111569688,
                "DE": 101.93347043478441,
                "EL": 47.841146162346035,
                "HU": 39.71963091357125,
                "IE": 174.6009349774603,
                "IT": 84.21028261870876,
                "LV": 11.534869769503356,
                "LT": 35.64512062196589,
                "LU": 60.919540229885065,
                "MT": 6.187413775901962,
                "NL": 75.52224291628723,
                "PL": 33.199423168122394,
                "PT": 34.604091964306114,
                "RO": 19.82388347319152,
                "SK": 27.86346425515316,
                "SI": 72.04974813765855,
                "ES": 85.23049208580336,
                "SE": 139.35538945096621,
                "UK": 76.40907586745253
            }
        },
        {
            "year": 2013,
            "data": {
                "AT": 110.37579440843392,
                "BE": 153.5131696128939,
                "BG": 13.668080042974616,
                "HR": 18.77387144609014,
                "CY": 30.365304260806273,
                "CZ": 29.474076823295785,
                "DK": 126.07097114204839,
                "EE": 31.083998052175204,
                "FI": 129.20739177917915,
                "FR": 93.16846338390623,
                "DE": 105.99536643100086,
                "EL": 52.3344642050286,
                "HU": 43.11417252120007,
                "IE": 180.9452430692167,
                "IT": 86.17954367847118,
                "LV": 11.305471998749493,
                "LT": 42.57382936362208,
                "LU": 62.5,
                "MT": 6.303043358046935,
                "NL": 57.06240424933966,
                "PL": 34.901501248386694,
                "PT": 37.86014322463408,
                "RO": 18.23980382445884,
                "SK": 32.39569128687402,
                "SI": 89.54308813778992,
                "ES": 81.56140186498057,
                "SE": 142.2651544770096,
                "UK": 83.20089721131481
            }
        },
        {
            "year": 2014,
            "data": {
                "AT": 112.70758309205029,
                "BE": 165.44934790079014,