{
    "type": "bC22",
    "range_thresholds": [
        6.089789775437633,
        21.02736781209395,
        21.152023327747408,
        41.06162938423992,
        41.10935482248731,
        57.013120716503046,
        57.01834271035354,
        74.34720624192207,
        74.62285653366204,
        82.61837663693746,
        82.8595261380383,
        148.77292740784225
    ],
    "series": [
        {
            "year": 2008,
            "data": {
                "AT": 74.34720624192207,
                "BE": 66.07325904085549,
                "BG": 6.089789775437633,
                "HR": 17.908942534414408,
                "CY": 36.416656335720646,
                "CZ": 81.42687001835753,
                "DK": 71.29584133652877,
                "EE": 17.92873676525568,
                "FI": 107.7645975283297,
                "FR": 57.013120716503046,
                "DE": 63.41402032887984,
                "EL": 35.870203250661866,
                "HU": 27.21838043054379,
                "IE": 51.486098619575564,
                "IT": 51.52229485539549,
                "LV": 13.213088252804491,
                "LT": 12.879828978244447,
                "LU": 61.17021276595745,
                "MT": 47.215059648416116,
                "NL": 34.230451186646924,
                "PL": 30.569890770758253,
                "PT": 69.08784521556944,
                "RO": 18.237783795541468,
                "SK": 34.245178239329206,
                "SI": 39.32124007916504,
                "ES": 63.81450062836992,
                "SE": 45.6204973753263,
                "UK": 77.10790058723231
            }
        },
        {
            "year": 2009,
            "data": {
                "AT": 60.56162725346859,
                "BE": 65.5890457613878,
                "BG": 6.735387851495826,
                "HR": 16.161792076223108,
                "CY": 39.61428385437628,
                "CZ": 81.42018697830636,
                "DK": 77.88301870777636,
                "EE": 18.741309866169978,
                "FI": 108.59673950566015,
                "FR": 57.01834271035354,
                "DE": 53.76397670418746,
                "EL": 36.36851294166325,
                "HU": 32.120472432987015,
                "IE": 42.68014582001904,
                "IT": 48.8571555501943,
                "LV": 9.506741616188435,
                "LT": 9.463842000728198,
                "LU": 61.170212765957444,
                "MT": 23.88116136585144,
                "NL": 36.435910702314345,
                "PL": 29.70036270587913,
                "PT": 78.86800493472552,
                "RO": 25.43118484125897,
                "SK": 34.594452400820074,
                "SI": 37.942286975591294,
                "ES": 62.021927398423976,
                "SE": 38.40009816519978,
                "UK": 51.02517060456954
            }
        },
        {
            "year": 2010,
            "data": {
                "AT": 69.29675241812282,
                "BE": 81.43769748833465,
                "BG": 7.936513141054879,
                "HR": 16.719367357058786,
                "CY": 38.38669428622506,
                "CZ": 81.4645092533227,
                "DK": 78.85324623704906,
                "EE": 19.659911640957276,
                "FI": 109.8785472184374,
                "FR": 63.41303914863392,
                "DE": 68.027538540393,
                "EL": 38.13147279017336,
                "HU": 48.43860207523675,
                "IE": 49.84661239674092,
                "IT": 65.82851050126835,
                "LV": 14.94264298149178,
                "LT": 12.51488983978786,
                "LU": 90.98143236074269,
                "MT": 34.340847170571735,
                "NL": 42.648784820560174,
                "PL": 33.08779373024732,
                "PT": 101.44347116363019,
                "RO": 32.67755164093441,
                "SK": 41.915612586110655,
                "SI": 49.38671511181016,
                "ES": 77.20270070890065,
                "SE": 51.37323285046271,
                "UK": 62.030846540334224
            }
        },
        {
            "year": 2011,
            "data": {
                "AT": 75.09613818900684,
                "BE": 86.21958019167269,
                "BG": 9.118785541497925,
                "HR": 16.812700016761166,
                "CY": 37.494063835806436,
                "CZ": 81.43496362501855,
                "DK": 75.45694505264227,
                "EE": 19.92431588017002,
                "FI": 110.40942959724329,
                "FR": 66.94139084840587,
                "DE": 74.62285653366204,
                "EL": 39.87006514942824,
                "HU": 62.57347585045577,
                "IE": 48.17002946554878,
                "IT": 77.64997131400253,
                "LV": 16.265883059096918,
                "LT": 11.4623796036829,
                "LU": 71.10552763819095,
                "MT": 49.70409751361115,
                "NL": 40.510116059624096,
                "PL": 33.40040463827416,
                "PT": 108.67983548289726,
                "RO": 27.957117911680413,
                "SK": 56.31503347356672,
                "SI": 36.1589382226539,
                "ES": 77.5098204257557,
                "SE": 55.78805011078791,
                "UK": 69.95253052085312
            }
        },
        {
            "year": 2012,
            "data": {
                "AT": 69.85458854004668,
                "BE": 93.88282578242271,
                "BG": 8.037710271079751,
                "HR": 17.554494437088163,
                "CY": 34.948233361649706,
                "CZ": 81.42677158935906,
                "DK": 75.48963753198211,
                "EE": 20.833715329884367,
                "FI": 102.24136051024128,
                "FR": 77.98809586123316,
                "DE": 75.02795883555821,
                "EL": 45.53627120268747,
                "HU": 69.8839939454044,
                "IE": 50.680002262191785,
                "IT": 75.13139823372164,
                "LV": 15.408190612187994,
                "LT": 13.312993261637905,
                "LU": 77.02702702702702,
                "MT": 49.799948215583235,
                "NL": 39.59984116962131,
                "PL": 33.93284467512496,
                "PT": 117.22628048196816,
                "RO": 33.39335577664391,
                "SK": 70.91334076027243,
                "SI": 44.009148639531915,
                "ES": 86.20501489321173,
                "SE": 63.04927313170171,
                "UK": 69.48374676233459
            }
        },
        {
            "year": 2013,
            "data": {
                "AT": 75.24085996223363,
                "BE": 85.7037852783602,
                "BG": 10.206211810409412,
                "HR": 18.624312335203253,
                "CY": 37.31751315037346,
                "CZ": 81.41878989999401,
                "DK": 79.34978875620024,
                "EE": 20.15751114419733,
                "FI": 83.34582298120814,
                "FR": 76.73273557660512,
                "DE": 73.863239408995,
                "EL": 28.39011930332139,
                "HU": 67.92094310650049,
                "IE": 54.05289315449336,
                "IT": 74.95579482453644,
                "LV": 16.718693078958815,
                "LT": 13.277550235621153,
                "LU": 85.6763925729443,
                "MT": 49.81526626884392,
                "NL": 40.51523015248756,
                "PL": 38.40610573191041,
                "PT": 126.2484102420871,
                "RO": 40.01460463602464,
                "SK": 85.48022025875132,
                "SI": 42.762055195297606,
                "ES": 84.36690480058377,
                "SE": 60.30897220875246,
                "UK": 74.6486959339
            }
        },
        {
            "year": 2014,
            "data": {
                "AT": 70.44044693736446,
                "BE": 95.84285905062879,
                "BG": 14.804177966738505,