{
    "type": "C12",
    "range_thresholds": [
        0.2994011976047904,
        36.322188449848035,
        38.60711582134746,
        88.75404530744335,
        91.72610556348074,
        114.22768461618584,
        115.49893842887472,
        175.69060773480663,
        178.547698149027,
        292.87268770402613,
        312.7856365614798,
        39208.620689655174
    ],
    "series": [
        {
            "year": 2008,
            "data": {
                "BE": 103.8713910761155,
                "BG": 18.85902876001886,
                "HR": 97.55529685681023,
                "DK": 244.22057264050903,
                "FR": 313.38411316648535,
                "DE": 92.1946564885496,
                "EL": 109.02686041391459,
                "HU": 61.83712121212121,
                "IT": 252.4907749077491,
                "LV": 0.2994011976047904,
                "NL": 416.90140845070425,
                "PL": 45.80920871243452,
                "PT": 420.29411764705884,
                "RO": 44.876543209876544,
                "ES": 129.83550765740216,
                "UK": 461.975729188844
            }
        },
        {
            "year": 2009,
            "data": {
                "BE": 103.8713910761155,
                "BG": 14.685476410730805,
                "HR": 97.55529685681023,
                "DK": 244.22057264050903,
                "FR": 324.1022850924918,
                "DE": 122.26231106777182,
                "EL": 153.67063492063494,
                "HU": 53.227408142999,
                "IT": 252.4907749077491,
                "LV": 0.3875968992248062,
                "NL": 509.56040577928064,
                "PL": 53.84850335980453,
                "PT": 415.8357771260997,
                "RO": 45.637162586315135,
                "ES": 137.42277140335392,
                "UK": 5621.5025906735755
            }
        },
        {
            "year": 2010,
            "data": {
                "BE": 103.8713910761155,
                "BG": 19.840757477942763,
                "HR": 97.55529685681023,
                "DK": 244.22057264050903,
                "FR": 292.87268770402613,
                "DE": 97.83048886317616,
                "EL": 107.86516853932585,
                "HU": 39.11028730305839,
                "IT": 239.09710391822827,
                "LV": 8.333333333333334,
                "NL": 172.47736093143595,
                "PL": 49.45756222080409,
                "PT": 425.77777777777777,
                "RO": 47.82894736842106,
                "ES": 159.12698412698415,
                "UK": 5621.5025906735755
            }
        },
        {
            "year": 2011,
            "data": {
                "BE": 103.8713910761155,
                "BG": 16.937229437229437,
                "HR": 97.55529685681023,
                "DK": 106.72926447574335,
                "FR": 379.1621327529924,
                "DE": 139.1641452344932,
                "EL": 107.86516853932585,
                "HU": 36.322188449848035,
                "IT": 118.69369369369369,
                "LV": 3.333333333333333,
                "NL": 169.42257217847768,
                "PL": 150.15140045420137,
                "PT": 448.97314375987366,
                "RO": 49.86282578875171,
                "ES": 115.49893842887472,
                "UK": 5891.4507772020725
            }
        },
        {
            "year": 2012,
            "data": {
                "BE": 119.81856245638521,
                "BG": 32.90504544030085,
                "HR": 97.55529685681023,
                "DK": 100.31055900621118,
                "FR": 379.1621327529924,
                "DE": 152.130898021309,
                "EL": 107.86516853932585,
                "HU": 26.43312101910828,
                "IT": 101.31578947368419,
                "LV": 3.4482758620689657,
                "NL": 191.12546752805167,
                "PL": 56.100821080771425,
                "PT": 477.0226537216829,
                "RO": 46.188055908513356,
                "ES": 157.82828282828282,
                "UK": 5891.4507772020725
            }
        },
        {
            "year": 2013,
            "data": {
                "BE": 112.8808864265928,
                "BG": 24.3705315511346,
                "HR": 68.01517067003793,
                "DK": 91.72610556348074,
                "FR": 292.11099020674646,
                "DE": 142.07270650932625,
                "EL": 94.79405034324941,
                "HU": 19.32443047918303,
                "IT": 92.08754208754208,
                "LV": 4.761904761904763,
                "NL": 183.78561736770692,
                "PL": 55.912572389314406,
                "PT": 562.6485568760611,
                "RO": 45.92545799115604,
                "ES": 108.23762376237623,
                "UK": 5891.4507772020725
            }
        },
        {
            "year": 2014,
            "data": {
                "BE": 112.77235161532684,
                "BG": 22.67552182163188,
                "HR": 68.01517067003793,
                "DK": 116.289592760181,
                "FR": 292.11099020674646,
                "DE": 147.27567155648694,
                "EL": 118.69107043815865,
                "HU": 38.60711582134746,
                "IT": 82.63772954924875,
                "LV": 4.3478260869565215,
                "NL": 185.36585365853657,
                "PL": 61.950774840474025,
                "PT": 706.3903281519862,
                "RO": 46.86530105524519,
                "ES": 201.8101545253864,
                "UK": 5891.4507772020725
            }
        },
        {
            "year": 2015,
            "data": {
                "BE": 116.18837380426784,
                "BG": 28.409469823274428,
                "HR": 47.48677248677249,
                "DK": 126.4274061990212,
                "FR": 227.04026115342762,
                "DE": 161.34714023033,
                "EL": 117.28074727555786,
                "HU": 28.6770140428677,
                "IT": 101.7786561264822,
                "LV": 4.545454545454546,
                "NL": 194.1485371342836,
                "PL": 69.19236940631129,
                "PT": 761.1111111111112,
                "RO": 48.69262056943637,
                "ES": 175.69060773480663,
                "UK": 5891.4507772020725
            }
        },
        {
            "year": 2016,
            "data": {
                "BE": 105.12820512820512,
                "BG": 20.476389469285422,
                "HR": 43.99509803921568,
                "DK": 187.76470588235298,
                "FR": 312.7856365614798,
                "DE": 178.6814725890356,
                "EL": 139.62059620596207,
                "HU": 32.186544342507645,
                "IT": 113.506711409396,
                "LV": 5.263157894736842,
                "NL": 154.4896392939371,
                "PL": 66.84528954191876,
                "PT": 694.6026986506747,
                "RO": 46.58143413007226,
                "ES": 178.547698149027,
                "UK": 5891.4507772020725
            }
        },
        {
            "year": 2017,
            "data": {
                "BE": 88.75404530744335,
                "BG": 7.365853658536585,
                "HR": 42.03747072599531,
                "DK": 245.6456456456457,
                "FR": 312.7856365614798,
                "DE": 194.1519272058072,
                "EL": 238.88602372356883,
                "HU": 31.46853146853147,
                "IT": 134.88943488943488,
                "LV": 4.3478260869565215,
                "NL": 180.88818398096748,
                "PL": 166.72240802675586,
                "PT": 591.6030534351146,
                "RO": 54.83182060864922,
                "ES": 170.51991150442478,
                "UK": 39208.620689655174
            }
        },
        {
            "year": 2018,
            "data": {
                "BE": 96.14373356704644,
                "BG": 9.269490484960096,