{
    "type": "bC14",
    "range_thresholds": [
        3.2776081427969124,
        6.95523464324031,
        6.9792854638618556,
        9.043757134927324,
        9.072332307517616,
        13.85286645853128,
        13.872419959553115,
        36.01348398285361,
        36.02989113094142,
        45.1216222066313,
        45.81125364368467,
        68.53758502310063
    ],
    "series": [
        {
            "year": 2008,
            "data": {
                "AT": 36.02989113094142,
                "BE": 48.63705361936732,
                "BG": 3.2776081427969124,
                "HR": 8.507431409897226,
                "CY": 15.590136459236406,
                "CZ": 9.306483706946457,
                "DK": 54.041351487226656,
                "EE": 8.50871685854748,
                "FI": 33.41008338629583,
                "FR": 45.81125364368467,
                "DE": 47.311444205814226,
                "EL": 18.69928525285964,
                "HU": 7.429147171661162,
                "IE": 42.817906176566794,
                "IT": 29.02176591261125,
                "LV": 6.729526179594988,
                "LT": 5.790786443013077,
                "MT": 6.246371054347402,
                "PL": 7.551867048529358,
                "PT": 10.090370508816797,
                "RO": 5.334298407821754,
                "SK": 6.487983467167295,
                "SI": 11.848157994297425,
                "ES": 27.94858671353036,
                "SE": 50.21849960435111,
                "UK": 36.01348398285361
            }
        },
        {
            "year": 2009,
            "data": {
                "AT": 36.32958132858382,
                "BE": 43.61541536551169,
                "BG": 3.398576032037487,
                "HR": 8.411814571052338,
                "CY": 16.411996167386068,
                "CZ": 9.296275751813925,
                "DK": 63.674864974778224,
                "EE": 7.776750477095812,
                "FI": 30.55316599753712,
                "FR": 43.62974605401036,
                "DE": 44.277863983675736,
                "EL": 20.408363503112238,
                "HU": 6.794964754091888,
                "IE": 41.487954022472024,
                "IT": 26.96020670865939,
                "LV": 5.002662697139545,
                "LT": 5.241622701893682,
                "MT": 7.060476393929702,
                "PL": 6.141946145869231,
                "PT": 10.065682460100833,
                "RO": 4.761716289786771,
                "SK": 6.900104714361733,
                "SI": 9.718232503103373,
                "ES": 28.671849954074503,
                "SE": 40.87616862544062,
                "UK": 28.513617503392442
            }
        },
        {
            "year": 2010,
            "data": {
                "AT": 36.10843263597451,
                "BE": 44.027756968962066,
                "BG": 3.640074522715836,
                "HR": 7.995857400624861,
                "CY": 16.45032199780783,
                "CZ": 9.220848519136908,
                "DK": 68.00322862871847,
                "EE": 8.510307097619139,
                "FI": 32.82034304953161,
                "FR": 39.689684631208785,
                "DE": 47.49279959523281,
                "EL": 19.047526968775433,
                "HU": 7.758104793094901,
                "IE": 35.805100847732774,
                "IT": 30.161260522191462,
                "LV": 6.015842598787995,
                "LT": 5.870179639422465,
                "MT": 6.103154593947167,
                "PL": 7.084846299293929,
                "PT": 10.557690591839721,
                "RO": 5.311935871554356,
                "SK": 6.9792854638618556,
                "SI": 13.548796157609685,
                "ES": 29.222903761451,
                "SE": 53.292617552188815,
                "UK": 41.690406579331224
            }
        },
        {
            "year": 2011,
            "data": {
                "AT": 39.85421719649228,
                "BE": 43.120456308466885,
                "BG": 4.083351181873381,
                "HR": 7.831285658031397,
                "CY": 16.027008023198768,
                "CZ": 9.258061197484787,
                "DK": 65.22475080037022,
                "EE": 9.80988785630139,
                "FI": 34.94763769040092,
                "FR": 43.29881033836101,
                "DE": 53.19075584684757,
                "EL": 15.798990340552207,
                "HU": 8.598813232568867,
                "IE": 60.62693701054543,
                "IT": 34.350064279291736,
                "LV": 6.178962820538413,
                "LT": 7.096455026297831,
                "MT": 6.097524512604543,
                "PL": 7.249953346022638,
                "PT": 10.993512081907573,
                "RO": 5.652970094691508,
                "SK": 8.235091981621173,
                "SI": 13.872419959553115,
                "ES": 30.683551757232948,
                "SE": 54.25834658622835,
                "UK": 40.36811513895854
            }
        },
        {
            "year": 2012,
            "data": {
                "AT": 36.27566991197687,
                "BE": 47.17253749920202,
                "BG": 4.261389516297092,
                "HR": 7.495839446336657,
                "CY": 13.575353543175705,
                "CZ": 9.199066571408515,
                "DK": 59.63211492193953,
                "EE": 10.463839908255988,
                "FI": 34.5263124086334,
                "FR": 40.015114069422175,
                "DE": 52.13983334967868,
                "EL": 16.16045663142004,
                "HU": 9.080995797314591,
                "IE": 61.76458505803779,
                "IT": 31.57291911610032,
                "LV": 5.815597266156847,
                "LT": 6.951550654160031,
                "MT": 6.097802388693237,
                "PL": 6.803731679857194,
                "PT": 11.25315296532008,
                "RO": 5.581260380124951,
                "SK": 7.652209860733842,
                "SI": 14.921228635744814,
                "ES": 30.752190915349964,
                "SE": 49.2620396117565,
                "UK": 40.323443142875774
            }
        },
        {
            "year": 2013,
            "data": {
                "AT": 36.63021472750604,
                "BE": 46.99403319364785,
                "BG": 4.641346083493036,
                "HR": 7.293571975962446,
                "CY": 11.33918798345897,
                "CZ": 9.263786914861322,
                "DK": 65.25897197978993,
                "EE": 10.408634550000512,
                "FI": 36.34045988751193,
                "FR": 40.85700774187831,
                "DE": 52.67244908205482,
                "EL": 16.07970612869597,
                "HU": 8.632651912774953,
                "IE": 51.866161326068195,
                "IT": 33.7923430151788,
                "LV": 6.563973719811552,
                "LT": 7.621618465300385,
                "MT": 6.096466543899814,
                "PL": 7.888893371098338,
                "PT": 12.079828850175982,
                "RO": 6.132389255075783,
                "SK": 7.564723499083434,
                "SI": 12.813359518261715,
                "ES": 27.848796322695126,
                "SE": 53.06377330840429,
                "UK": 39.89470652299197
            }
        },
        {
            "year": 2014,
            "data": {
                "AT": 37.271863613673155,
                "BE": 52.11522972164039,
                "BG": 5.017073188885262,
                "HR": 8.520152896747947,
                "CY": 11.618272009123174,
                "CZ": 9.27820965735176,
                "DK": 65.17779284510189,
                "EE": 11.164821629487697,
                "FI": 36.663790524490224,
                "FR": 44.719558015247934,
                "DE": 58.98032264818097,
                "EL": 13.096873909494162,
                "HU": 8.078858429417293,
                "IE": 59.506633468614474,
                "IT": 35.91925326794664,