{
    "type": "A02",
    "range_thresholds": [
        1.1363636363636362,
        12.094266277939749,
        12.544742729306488,
        21.26427406199021,
        21.69230769230769,
        38.125,
        38.2,
        47.55878580589997,
        47.6,
        65.0,
        66.5,
        205.42857142857144
    ],
    "series": [
        {
            "year": 2008,
            "data": {
                "AT": 40.97379741885022,
                "BE": 40.375,
                "BG": 8.46195358877496,
                "HR": 7.061445399554282,
                "CY": 3.4090909090909087,
                "CZ": 28.15880721220527,
                "DK": 38.2,
                "EE": 47.71689497716896,
                "FI": 142.41379310344828,
                "FR": 79.61290322580646,
                "DE": 64.44736842105263,
                "EL": 11.381818181818184,
                "HU": 13.945480631276903,
                "IE": 31.457286432160807,
                "IT": 49.89333333333333,
                "LV": 21.13670133729569,
                "LT": 10.169252468265162,
                "LU": 39.64285714285714,
                "NL": 49.5,
                "PL": 16.5,
                "PT": 57.59865659109992,
                "RO": 7.692567567567567,
                "SK": 17.294612151318304,
                "SI": 41.934426229508205,
                "ES": 62.57383966244726,
                "SE": 81.8029411764706,
                "UK": 29.149043303121854
            }
        },
        {
            "year": 2009,
            "data": {
                "AT": 37.29472431574772,
                "BE": 33.56521739130435,
                "BG": 8.303571428571429,
                "HR": 6.121567417463746,
                "CY": 1.1363636363636362,
                "CZ": 22.718154463390174,
                "DK": 35.72,
                "EE": 26.03119584055459,
                "FI": 130.5181347150259,
                "FR": 60.06666666666666,
                "DE": 51.68421052631579,
                "EL": 10.03577817531306,
                "HU": 9.294582392776524,
                "IE": 38.45410628019323,
                "IT": 46.621875,
                "LV": 20.731907894736842,
                "LT": 9.99004975124378,
                "LU": 37.586206896551715,
                "NL": 52.0,
                "PL": 15.246913580246913,
                "PT": 55.05982905982906,
                "RO": 6.359223300970874,
                "SK": 15.342307692307694,
                "SI": 38.7,
                "ES": 44.794520547945204,
                "SE": 74.43636363636364,
                "UK": 30.25551102204409
            }
        },
        {
            "year": 2010,
            "data": {
                "AT": 43.59967715899921,
                "BE": 37.04347826086957,
                "BG": 10.463611859838275,
                "HR": 6.6366906474820135,
                "CY": 37.60869565217392,
                "CZ": 30.62867647058824,
                "DK": 35.7,
                "EE": 40.24952015355086,
                "FI": 133.6320754716981,
                "FR": 72.2666666666667,
                "DE": 43.21052631578948,
                "EL": 9.319470699432893,
                "HU": 11.328758577666873,
                "IE": 25.860349127182044,
                "IT": 45.453125,
                "LV": 25.103550295857982,
                "LT": 17.61664564943253,
                "LU": 37.8125,
                "NL": 55.5,
                "PL": 16.026194144838207,
                "PT": 61.144104803493455,
                "RO": 8.07592190889371,
                "SK": 15.836415947390055,
                "SI": 41.26903553299493,
                "ES": 45.8411214953271,
                "SE": 89.10285714285713,
                "UK": 28.93851508120649
            }
        },
        {
            "year": 2011,
            "data": {
                "AT": 49.75403225806453,
                "BE": 41.52173913043478,
                "BG": 9.443277310924367,
                "HR": 7.110637000914355,
                "CY": 37.95454545454545,
                "CZ": 44.276449128496154,
                "DK": 39.83333333333333,
                "EE": 47.16783216783218,
                "FI": 141.5740740740741,
                "FR": 86.89655172413794,
                "DE": 63.878048780487816,
                "EL": 10.083892617449663,
                "HU": 11.516483516483516,
                "IE": 1.1692307692307693,
                "IT": 40.659033078880405,
                "LV": 20.327070285316637,
                "LT": 19.450418160095577,
                "LU": 38.48484848484848,
                "NL": 59.0,
                "PL": 19.376453488372096,
                "PT": 67.0695652173913,
                "RO": 14.135198135198136,
                "SK": 16.62484823957912,
                "SI": 46.31217838765009,
                "ES": 55.641025641025635,
                "SE": 88.4275,
                "UK": 32.92893401015229
            }
        },
        {
            "year": 2012,
            "data": {
                "AT": 51.917229729729726,
                "BE": 37.75,
                "BG": 9.854341736694678,
                "HR": 8.501506024096384,
                "CY": 36.19047619047619,
                "CZ": 47.246808510638296,
                "DK": 43.61666666666667,
                "EE": 33.63787375415282,
                "FI": 134.21052631578948,
                "FR": 74.0344827586207,
                "DE": 76.39024390243901,
                "EL": 12.59920634920635,
                "HU": 12.544742729306488,
                "IE": 1.162079510703364,
                "IT": 43.680851063829785,
                "LV": 16.277108433734938,
                "LT": 10.988924050632914,
                "LU": 37.42857142857143,
                "NL": 63.5,
                "PL": 15.702300405953991,
                "PT": 69.85890652557319,
                "RO": 9.28975265017668,
                "SK": 18.677966101694924,
                "SI": 44.676375404530745,
                "ES": 61.019108280254784,
                "SE": 77.29767441860466,
                "UK": 39.08830548926015
            }
        },
        {
            "year": 2013,
            "data": {
                "AT": 53.99564270152506,
                "BE": 36.5,
                "BG": 10.059685295713512,
                "HR": 10.145054945054945,
                "CY": 34.14634146341464,
                "CZ": 47.55878580589997,
                "DK": 51.25,
                "EE": 34.430577223088925,
                "FI": 148.2511210762332,
                "FR": 79.6206896551724,
                "DE": 76.85000000000002,
                "EL": 15.831533477321813,
                "HU": 10.906749098402882,
                "IE": 4.882352941176472,
                "IT": 48.68010752688172,
                "LV": 20.16597510373444,
                "LT": 14.326765188834155,
                "LU": 50.33333333333334,
                "NL": 63.0,
                "PL": 16.759388038942973,
                "PT": 70.4995904995905,
                "RO": 11.465804066543438,
                "SK": 21.26427406199021,
                "SI": 45.078125,
                "ES": 66.81528662420382,
                "SE": 74.97209302325581,
                "UK": 34.21362077413033
            }
        },
        {
            "year": 2014,
            "data": {
                "AT": 51.03678929765886,
                "BE": 37.0,
                "BG": 10.057024364955936,
                "HR": 11.163918525703199,
                "CY": 39.09090909090909,
                "CZ": 46.89027099067082,
                "DK": 51.01666666666666,
                "EE": 39.031770045385784,
                "FI": 158.0184331797235,
                "FR": 109.5,
                "DE": 86.75,
                "EL": 11.633027522935778,
                "HU": 10.348308934881372,
                "IE": 5.979381443298968,
                "IT": 47.6,
                "LV": 21.69230769230769,
                "LT": 14.683175528040788,