{
    "categories": [
        "EU27*",
        "EU28",
        "Austria",
        "Belgium",
        "Bulgaria",
        "Croatia",
        "Cyprus",
        "Czechia",
        "Denmark",
        "Estonia",
        "Finland",
        "France",
        "Germany",
        "Greece",
        "Hungary",
        "Ireland",
        "Italy",
        "Latvia",
        "Lithuania",
        "Luxembourg",
        "Netherlands",
        "Poland",
        "Portugal",
        "Romania",
        "Slovakia",
        "Slovenia",
        "Spain",
        "Sweden",
        "United Kingdom"
    ],
    "data": [
        {
            "year": 2008,
            "series": [
                {
                    "name": "forestry",
                    "data": [
                        41.277563734732354,
                        40.2906976744186,
                        40.97379741885022,
                        40.375,
                        8.46195358877496,
                        7.061445399554282,
                        3.4090909090909087,
                        28.15880721220527,
                        38.2,
                        47.71689497716896,
                        142.41379310344828,
                        79.61290322580646,
                        64.44736842105263,
                        11.381818181818184,
                        13.945480631276903,
                        31.457286432160807,
                        49.89333333333333,
                        21.13670133729569,
                        10.169252468265162,
                        39.64285714285714,
                        49.5,
                        16.5,
                        57.59865659109992,
                        7.692567567567567,
                        17.294612151318304,
                        41.934426229508205,
                        62.57383966244726,
                        81.8029411764706,
                        29.149043303121854
                    ]
                }
            ]
        },
        {
            "year": 2009,
            "series": [
                {
                    "name": "forestry",
                    "data": [
                        35.05795749092795,
                        34.60026082832754,
                        37.29472431574772,
                        33.56521739130435,
                        8.303571428571429,
                        6.121567417463746,
                        1.1363636363636362,
                        22.718154463390174,
                        35.72,
                        26.03119584055459,
                        130.5181347150259,
                        60.06666666666666,
                        51.68421052631579,
                        10.03577817531306,
                        9.294582392776524,
                        38.45410628019323,
                        46.621875,
                        20.731907894736842,
                        9.99004975124378,
                        37.586206896551715,
                        52.0,
                        15.246913580246913,
                        55.05982905982906,
                        6.359223300970874,
                        15.342307692307694,
                        38.7,
                        44.794520547945204,
                        74.43636363636364,
                        30.25551102204409
                    ]
                }
            ]
        },
        {
            "year": 2010,
            "series": [
                {
                    "name": "forestry",
                    "data": [
                        39.93327079691297,
                        39.246499857137024,
                        43.59967715899921,
                        37.04347826086957,
                        10.463611859838275,
                        6.6366906474820135,
                        37.60869565217392,
                        30.62867647058824,
                        35.7,
                        40.24952015355086,
                        133.6320754716981,
                        72.2666666666667,
                        43.21052631578948,
                        9.319470699432893,
                        11.328758577666873,
                        25.860349127182044,
                        45.453125,
                        25.103550295857982,
                        17.61664564943253,
                        37.8125,
                        55.5,
                        16.026194144838207,
                        61.144104803493455,
                        8.07592190889371,
                        15.836415947390055,
                        41.26903553299493,
                        45.8411214953271,
                        89.10285714285713,
                        28.93851508120649
                    ]
                }
            ]
        },
        {
            "year": 2011,
            "series": [
                {
                    "name": "forestry",
                    "data": [
                        45.292230493974415,
                        44.22953122256686,
                        49.75403225806453,
                        41.52173913043478,
                        9.443277310924367,
                        7.110637000914355,
                        37.95454545454545,
                        44.276449128496154,
                        39.83333333333333,
                        47.16783216783218,
                        141.5740740740741,
                        86.89655172413794,
                        63.878048780487816,
                        10.083892617449663,
                        11.516483516483516,
                        1.1692307692307693,
                        40.659033078880405,
                        20.327070285316637,
                        19.450418160095577,
                        38.48484848484848,
                        59.0,
                        19.376453488372096,
                        67.0695652173913,
                        14.135198135198136,
                        16.62484823957912,
                        46.31217838765009,
                        55.641025641025635,
                        88.4275,
                        32.92893401015229
                    ]
                }
            ]
        },
        {
            "year": 2012,
            "series": [
                {
                    "name": "forestry",
                    "data": [
                        42.71688640271985,
                        41.946813285457814,
                        51.917229729729726,
                        37.75,
                        9.854341736694678,
                        8.501506024096384,
                        36.19047619047619,
                        47.246808510638296,
                        43.61666666666667,
                        33.63787375415282,
                        134.21052631578948,
                        74.0344827586207,
                        76.39024390243901,
                        12.59920634920635,
                        12.544742729306488,
                        1.162079510703364,
                        43.680851063829785,
                        16.277108433734938,
                        10.988924050632914,
                        37.42857142857143,
                        63.5,
                        15.702300405953991,
                        69.85890652557319,
                        9.28975265017668,
                        18.677966101694924,
                        44.676375404530745,
                        61.019108280254784,
                        77.29767441860466,
                        39.08830548926015
                    ]
                }
            ]
        },
        {
            "year": 2013,
            "series": [
                {
                    "name": "forestry",