{
    "type": "A01",
    "range_thresholds": [
        1.914542533327544,
        6.862277930284352,
        6.949934784789806,
        13.350749659245801,
        13.418506740717516,
        21.215332059521746,
        21.504597211228152,
        30.955238726790448,
        31.03283749649172,
        39.18688524590164,
        39.2373595505618,
        68.38341968911917
    ],
    "series": [
        {
            "year": 2008,
            "data": {
                "AT": 16.1534584150098,
                "BE": 35.650602409638545,
                "BG": 2.816575309985076,
                "HR": 8.64376521503922,
                "CY": 22.875776397515526,
                "CZ": 16.544154812621848,
                "DK": 24.74242424242424,
                "EE": 12.505592841163311,
                "FI": 14.019607843137255,
                "FR": 36.10828877005348,
                "DE": 30.442996742671014,
                "EL": 12.020864916620125,
                "HU": 21.504597211228152,
                "IE": 13.09263572836409,
                "IT": 30.955238726790448,
                "LV": 5.739103458973164,
                "LT": 9.336829117828502,
                "LU": 29.110512129380048,
                "MT": 26.48,
                "NL": 49.70588235294117,
                "PL": 3.860673840515013,
                "PT": 4.60065170166546,
                "RO": 3.083462241597525,
                "SK": 21.899964015833035,
                "SI": 5.657209786569495,
                "ES": 32.0198897997581,
                "SE": 47.99298245614035,
                "UK": 33.7472690727956
            }
        },
        {
            "year": 2009,
            "data": {
                "AT": 13.350749659245801,
                "BE": 32.76352395672334,
                "BG": 1.968081389661389,
                "HR": 8.04771893025695,
                "CY": 20.712130356065174,
                "CZ": 12.728600642711072,
                "DK": 24.4609375,
                "EE": 10.60750446694461,
                "FI": 16.225165562913904,
                "FR": 31.73113854595336,
                "DE": 24.42364532019705,
                "EL": 11.446523804906429,
                "HU": 18.707942636514066,
                "IE": 8.39943802010159,
                "IT": 29.085162023877203,
                "LV": 4.6855146124523515,
                "LT": 5.323693412720915,
                "LU": 22.684931506849317,
                "MT": 27.246376811594207,
                "NL": 46.91959798994975,
                "PL": 3.426822071407495,
                "PT": 4.619345347554248,
                "RO": 2.625933715280296,
                "SK": 18.17864077669903,
                "SI": 5.5951749734888665,
                "ES": 31.03283749649172,
                "SE": 34.97931034482758,
                "UK": 30.376246473562194
            }
        },
        {
            "year": 2010,
            "data": {
                "AT": 15.274902231423972,
                "BE": 43.16612377850164,
                "BG": 1.914542533327544,
                "HR": 6.971827398237301,
                "CY": 22.624462200368782,
                "CZ": 11.718510573092244,
                "DK": 38.91428571428571,
                "EE": 13.331431831146604,
                "FI": 18.58632676709154,
                "FR": 40.810924369747895,
                "DE": 31.161129568106308,
                "EL": 11.195534466124556,
                "HU": 19.37504278184681,
                "IE": 13.255086071987481,
                "IT": 28.700400801603212,
                "LV": 6.719813338518375,
                "LT": 6.949934784789806,
                "LU": 23.852459016393446,
                "MT": 26.761565836298928,
                "NL": 55.37373737373736,
                "PL": 4.232849092695032,
                "PT": 4.837797532585749,
                "RO": 2.114364102378976,
                "SK": 15.420868491459146,
                "SI": 5.9647935003385255,
                "ES": 32.86634681288554,
                "SE": 49.2344262295082,
                "UK": 26.7646755390488
            }
        },
        {
            "year": 2011,
            "data": {
                "AT": 18.148582142020157,
                "BE": 38.83925549915398,
                "BG": 2.575488189329309,
                "HR": 6.862277930284352,
                "CY": 23.493827160493826,
                "CZ": 17.576489533011273,
                "DK": 44.45645161290322,
                "EE": 17.058823529411768,
                "FI": 16.480186480186482,
                "FR": 43.24084507042254,
                "DE": 35.88079470198675,
                "EL": 11.200372274044463,
                "HU": 25.52225970761394,
                "IE": 18.994698605929702,
                "IT": 32.194256950005716,
                "LV": 6.2763554216867465,
                "LT": 9.447668393782383,
                "LU": 27.17514124293785,
                "MT": 29.763779527559052,
                "NL": 50.397959183673464,
                "PL": 4.882303970029658,
                "PT": 4.336009265915808,
                "RO": 3.0140973711381145,
                "SK": 23.43788948899045,
                "SI": 7.223843268028345,
                "ES": 32.42505656108597,
                "SE": 50.57384615384616,
                "UK": 28.457915647117638
            }
        },
        {
            "year": 2012,
            "data": {
                "AT": 18.94157862026103,
                "BE": 49.572164948453604,
                "BG": 2.643265565438374,
                "HR": 7.314903692327381,
                "CY": 23.278145695364238,
                "CZ": 18.92536675687224,
                "DK": 60.49344262295082,
                "EE": 19.488574537540806,
                "FI": 17.74580335731415,
                "FR": 44.16643159379407,
                "DE": 33.16805324459235,
                "EL": 11.678168332795876,
                "HU": 21.215332059521746,
                "IE": 15.280756482745176,
                "IT": 34.218026654196855,
                "LV": 7.850019944156362,
                "LT": 11.927576034991352,
                "LU": 41.69054441260746,
                "MT": 28.09338521400778,
                "NL": 53.77835051546393,
                "PL": 4.907945528629637,
                "PT": 4.219098704044478,
                "RO": 2.186190126982902,
                "SK": 26.234238085060912,
                "SI": 6.0894721987016664,
                "ES": 32.98337707786526,
                "SE": 50.9453125,
                "UK": 32.34372940339036
            }
        },
        {
            "year": 2013,
            "data": {
                "AT": 17.59447583176397,
                "BE": 44.50524475524475,
                "BG": 2.6360608345902463,
                "HR": 8.944498393964293,
                "CY": 22.56072172102707,
                "CZ": 18.698283141007604,
                "DK": 45.77540983606558,
                "EE": 19.30733410942957,
                "FI": 17.540372670807454,
                "FR": 39.2373595505618,
                "DE": 38.942953020134226,
                "EL": 10.926489966085585,
                "HU": 24.962008589362405,
                "IE": 17.257662835249047,
                "IT": 38.20779844031194,
                "LV": 6.821580117195394,
                "LT": 10.928721174004192,
                "LU": 32.83236994219653,
                "MT": 30.245901639344265,
                "NL": 60.104712041884824,
                "PL": 5.68901303538175,
                "PT": 5.048656741245945,
                "RO": 2.7811255274677604,
                "SK": 30.43460601137287,
                "SI": 6.024642401926073,
                "ES": 35.9682632970908,
                "SE": 48.7,
                "UK": 37.05163879206819
            }
        },
        {
            "year": 2014,
            "data": {
                "AT": 16.79067218704335,
                "BE": 42.68421052631579,
                "BG": 2.6670898422380827,