{
    "categories": [
        "EU27*",
        "EU28",
        "Austria",
        "Belgium",
        "Bulgaria",
        "Croatia",
        "Cyprus",
        "Czechia",
        "Denmark",
        "Estonia",
        "Finland",
        "France",
        "Germany",
        "Greece",
        "Hungary",
        "Ireland",
        "Italy",
        "Latvia",
        "Lithuania",
        "Malta",
        "Netherlands",
        "Poland",
        "Portugal",
        "Romania",
        "Slovakia",
        "Slovenia",
        "Spain",
        "Sweden",
        "United Kingdom"
    ],
    "data": [
        {
            "year": 2008,
            "series": [
                {
                    "name": "paper",
                    "data": [
                        56.99060045054957,
                        56.662019780816266,
                        86.65735952886004,
                        84.19510952623534,
                        7.135405227322644,
                        17.497167097655225,
                        35.29614325068871,
                        25.16533715142837,
                        61.016313519594966,
                        20.97705403404885,
                        90.34478342990684,
                        60.84326036123947,
                        65.96461660675803,
                        38.3601756954612,
                        26.73644756317017,
                        48.36529902079793,
                        56.968602141856366,
                        20.089326405979396,
                        19.33053065757119,
                        31.759656652360515,
                        30.758792878853672,
                        32.48013870558705,
                        57.6656570718846,
                        10.123187047016524,
                        22.5175133493362,
                        29.36045785119836,
                        64.25907789664004,
                        72.56927516371735,
                        53.458594183998706
                    ]
                }
            ]
        },
        {
            "year": 2009,
            "series": [
                {
                    "name": "paper",
                    "data": [
                        56.49607859858914,
                        55.44895554969786,
                        90.06195390861616,
                        86.90255801227192,
                        7.866129406307976,
                        16.092375366568913,
                        31.229478292593942,
                        25.16533715142837,
                        70.39414253791661,
                        19.501287437322134,
                        115.28215636822192,
                        58.459853073849715,
                        65.95509115444756,
                        44.178578827429035,
                        26.759489927083692,
                        53.86355374237589,
                        47.643859556485204,
                        18.671891548400765,
                        21.681257816687516,
                        34.987593052109176,
                        29.82755676967731,
                        28.903483200747814,
                        54.46701710543324,
                        10.307426462691957,
                        26.48536422822577,
                        37.12153912560893,
                        62.16174384109376,
                        80.49613333924619,
                        45.82218685115654
                    ]
                }
            ]
        },
        {
            "year": 2010,
            "series": [
                {
                    "name": "paper",
                    "data": [
                        61.66274540029718,
                        61.53218640915329,
                        98.80478385262985,
                        88.30739726660428,
                        8.086899191149275,
                        10.727105238080114,
                        32.35406333460511,
                        25.16533715142837,
                        73.93350304713414,
                        21.923076923076927,
                        115.35937376452914,
                        59.844788540496744,
                        66.63132559540428,
                        43.358432049621925,
                        27.676827666548647,
                        52.0806824072765,
                        61.4835988089457,
                        18.12973194188664,
                        19.645085803432142,
                        42.79069767441861,
                        32.45117300358257,
                        30.301015174560494,
                        81.06325616630645,
                        11.836479299196991,
                        25.66953919190877,
                        33.427173403043106,
                        71.24635421566916,
                        102.9333304954274,
                        60.34426378059784
                    ]
                }
            ]
        },
        {
            "year": 2011,
            "series": [
                {
                    "name": "paper",
                    "data": [
                        63.28792616748167,
                        64.68322752176526,
                        102.63938649661628,
                        86.30707251566696,
                        8.475990197952692,
                        15.32768893069928,
                        31.39125025917479,
                        25.16533715142837,
                        63.32454938336669,
                        22.27427597955707,
                        115.6644630062151,
                        59.75233413396387,
                        66.09188396579748,
                        37.39523543455071,
                        28.357002249718786,
                        46.78569763647382,
                        63.71437263679429,
                        19.918481175587253,
                        21.711795109156828,
                        42.79069767441862,
                        33.709787816563995,
                        33.252752346737736,
                        73.00064894354193,
                        13.408996273795927,
                        25.106074440088086,
                        34.74793506123612,
                        72.42831329188805,
                        106.02672513533977,
                        68.90141322291257
                    ]
                }
            ]
        },
        {
            "year": 2012,
            "series": [
                {
                    "name": "paper",
                    "data": [
                        64.46671433176742,
                        64.7519936626531,
                        100.40030115766795,
                        90.8089162035314,
                        9.714186430370953,
                        16.63985148514851,
                        32.31173380035026,
                        25.16533715142837,
                        59.42469141158861,
                        26.066282420749282,
                        116.741278824225,
                        60.475546657653204,
                        67.28463122836233,
                        36.66884749147757,
                        28.59626145969759,
                        48.810345621059405,
                        62.36526649844859,
                        23.529411764705877,
                        22.62096774193548,
                        42.79069767441861,
                        34.94438944855297,
                        33.90071654630316,
                        74.97133027522936,
                        13.99567503305218,
                        25.857780792493358,
                        34.475216087493386,
                        72.66607562863048,
                        100.87025661133622,
                        72.79713336774135
                    ]
                }
            ]
        },
        {
            "year": 2013,