{
    "type": "Biod",
    "range_thresholds": [
        2.529644268774704,
        29.59697732997482,
        30.51006711409396,
        54.47570332480818,
        58.97435897435896,
        81.2994350282486,
        81.33600534402137,
        106.61427473535463,
        107.76301080611105,
        136.910477266309,
        138.2035247299602,
        268.37944664031625
    ],
    "series": [
        {
            "year": 2008,
            "data": {
                "AT": 105.95720069404278,
                "BE": 105.13964313421258,
                "HR": 27.47747747747748,
                "CY": 66.66666666666667,
                "DK": 132.84794175301036,
                "FI": 73.50192413413963,
                "DE": 87.93671191068987,
                "EL": 36.305147058823536,
                "IT": 75.01123343068974,
                "LT": 62.12121212121213,
                "PL": 27.483443708609272,
                "PT": 31.35985198889916,
                "RO": 9.264931087289431,
                "ES": 80.22990886495444,
                "SE": 115.95402298850577,
                "UK": 95.84644094908023
            }
        },
        {
            "year": 2009,
            "data": {
                "AT": 89.36651583710406,
                "BE": 115.77429241031187,
                "HR": 15.261958997722099,
                "CY": 58.97435897435896,
                "DK": 138.2035247299602,
                "FI": 74.98646453708717,
                "DE": 74.75386022488837,
                "EL": 36.846689895470384,
                "IT": 80.25590901012974,
                "LT": 47.61904761904761,
                "PL": 21.81438998957247,
                "PT": 53.76128385155466,
                "RO": 10.031347962382446,
                "ES": 73.51741815216124,
                "SE": 128.25154835636016,
                "UK": 77.8608040511332
            }
        },
        {
            "year": 2010,
            "data": {
                "AT": 127.6595744680851,
                "BE": 139.78695570921323,
                "HR": 30.996309963099637,
                "CY": 70.27027027027029,
                "DK": 139.62210941906375,
                "FI": 102.41360394953371,
                "DE": 90.90932489125679,
                "EL": 33.52272727272727,
                "IT": 82.38300492610838,
                "LT": 79.23497267759565,
                "PL": 23.96835578362198,
                "PT": 69.3498452012384,
                "RO": 8.176100628930818,
                "ES": 80.32676056338028,
                "SE": 138.7755102040816,
                "UK": 98.36349039708516
            }
        },
        {
            "year": 2011,
            "data": {
                "AT": 90.4494382022472,
                "BE": 123.04089915704027,
                "HR": 17.65734265734266,
                "CY": 93.75,
                "DK": 100.10127607859025,
                "FI": 81.2994350282486,
                "DE": 95.75756084356622,
                "EL": 29.59697732997482,
                "IT": 98.57065315722816,
                "LT": 79.23497267759562,
                "PL": 24.103459219295463,
                "PT": 66.50148662041626,
                "RO": 6.480721903199345,
                "ES": 78.34240774349668,
                "SE": 138.9359698681733,
                "UK": 134.59021703919663
            }
        },
        {
            "year": 2012,
            "data": {
                "AT": 101.29935032483759,
                "BE": 153.12181879877843,
                "HR": 26.691729323308266,
                "CY": 45.45454545454545,
                "DK": 136.4995957962813,
                "FI": 15.842636895268473,
                "DE": 94.78487614080832,
                "EL": 37.772925764192145,
                "IT": 98.163624367715,
                "LT": 33.68421052631579,
                "PL": 26.6824644549763,
                "PT": 69.08517350157729,
                "RO": 6.689246401354784,
                "ES": 74.23902195608783,
                "SE": 172.68112598061836,
                "UK": 108.79818594104307
            }
        },
        {
            "year": 2013,
            "data": {
                "AT": 115.98381385938292,
                "BE": 165.69534112720294,
                "HR": 24.65483234714004,
                "CY": 63.888888888888864,
                "DK": 135.90747330960855,
                "FI": 180.50847457627117,
                "DE": 100.19421294589078,
                "EL": 38.63636363636364,
                "IT": 103.35631144762121,
                "LT": 51.121076233183864,
                "PL": 29.30897537728356,
                "PT": 48.94291754756871,
                "RO": 2.529644268774704,
                "ES": 83.6984207845135,
                "SE": 176.59157688540648,
                "UK": 135.10204081632656
            }
        },
        {
            "year": 2014,
            "data": {
                "AT": 126.97137117026622,
                "BE": 175.8845944474687,
                "HR": 32.27091633466136,
                "CY": 43.24324324324325,
                "DK": 118.37011884550085,
                "FI": 156.4430244941427,
                "DE": 107.76301080611105,
                "EL": 54.47570332480818,
                "IT": 106.43658944351564,
                "LT": 51.121076233183864,
                "PL": 27.936128935979706,
                "PT": 50.3657262277952,
                "RO": 11.627906976744187,
                "ES": 81.33600534402137,
                "SE": 175.4741379310345,
                "UK": 148.6491739552964
            }
        },
        {
            "year": 2015,
            "data": {
                "AT": 118.83597883597885,
                "BE": 189.23537702607467,
                "HR": 28.11320754716981,
                "CY": 51.16279069767442,
                "DK": 130.36779324055664,
                "EE": 24.71910112359551,
                "FI": 156.73027333677152,
                "DE": 106.61427473535463,
                "EL": 59.18854415274463,
                "IT": 116.21506163798368,
                "LT": 51.121076233183864,
                "PL": 27.935464595159846,
                "PT": 48.94636015325671,
                "RO": 16.951915240423798,
                "ES": 86.56350741457125,
                "SE": 186.48648648648648,
                "UK": 136.910477266309
            }
        },
        {
            "year": 2016,
            "data": {
                "AT": 140.31083050024282,
                "BE": 162.83288305673491,
                "HR": 30.94777562862669,
                "CY": 82.60869565217392,
                "DK": 260.0790513833992,
                "FI": 203.78129790495655,
                "DE": 110.88247955230305,
                "EL": 60.54114994363022,
                "HU": 59.62616822429906,
                "IT": 119.83776690922105,
                "LT": 51.121076233183864,
                "PL": 30.51006711409396,
                "PT": 61.01218369259605,
                "RO": 22.144846796657387,
                "ES": 91.59208028207212,
                "SE": 188.9930697105585,
                "UK": 134.85597288901442
            }
        },
        {
            "year": 2017,
            "data": {
                "AT": 132.54847645429362,
                "BE": 168.78515185601802,
                "HR": 38.80597014925374,
                "CY": 93.75,
                "DK": 260.0790513833992,
                "FI": 268.3794466403162,
                "DE": 127.34511788549636,
                "EL": 63.42042755344418,
                "HU": 42.90271132376395,
                "IT": 122.92168015751476,
                "LT": 51.121076233183864,
                "PL": 27.641939494405303,
                "PT": 66.48351648351647,
                "RO": 26.3265306122449,
                "ES": 89.46162657502863,
                "SE": 200.97597597597596,
                "UK": 119.11889296808813
            }
        },
        {
            "year": 2018,