{
    "categories": [
        "EU27*",
        "EU28",
        "Austria",
        "Belgium",
        "Bulgaria",
        "Croatia",
        "Cyprus",
        "Czechia",
        "Denmark",
        "Estonia",
        "Finland",
        "France",
        "Germany",
        "Greece",
        "Hungary",
        "Ireland",
        "Italy",
        "Latvia",
        "Lithuania",
        "Luxembourg",
        "Malta",
        "Netherlands",
        "Poland",
        "Portugal",
        "Romania",
        "Slovakia",
        "Slovenia",
        "Spain",
        "Sweden",
        "United Kingdom"
    ],
    "data": [
        {
            "year": 2008,
            "series": [
                {
                    "name": "bio-based chemicals (excluding biofuels)",
                    "data": [
                        79.99927295891166,
                        80.49847416651093,
                        156.4917965459677,
                        102.47952645225705,
                        9.587034141538346,
                        18.9552716346374,
                        36.614789027558295,
                        29.332878718520263,
                        120.74770280947149,
                        19.84802770301791,
                        100.63370924455366,
                        89.45611658775205,
                        94.68631777742004,
                        68.87424914605708,
                        41.48782584228549,
                        215.7521979809137,
                        76.96145510081635,
                        15.068356774797778,
                        23.11060535409657,
                        57.668711656441715,
                        7.9117001105524025,
                        37.585702038823854,
                        37.53609946060896,
                        34.50487157800073,
                        20.509642132983924,
                        18.606346167990093,
                        49.75037907582449,
                        77.82233449122504,
                        110.2878315986718,
                        100.18870036030486
                    ]
                }
            ]
        },
        {
            "year": 2009,
            "series": [
                {
                    "name": "bio-based chemicals (excluding biofuels)",
                    "data": [
                        74.76330246389698,
                        75.48942764599558,
                        82.33569033888381,
                        112.78677386930231,
                        10.303357336505604,
                        16.98558658566114,
                        35.47895939754022,
                        29.155495143849247,
                        127.88581214054335,
                        38.33660937865631,
                        102.83192369164699,
                        83.87350542821875,
                        89.30724421235195,
                        69.1463154337395,
                        29.217056044189647,
                        132.67914204222865,
                        73.68917071369242,
                        17.921620951282822,
                        23.820120495971175,
                        57.668711656441715,
                        10.799514543691288,
                        30.317569611490413,
                        30.364511893270254,
                        32.47827788338253,
                        20.302674725506726,
                        22.819921269350065,
                        64.41511618603634,
                        69.51536176418722,
                        117.48962942763546,
                        91.00103790470449
                    ]
                }
            ]
        },
        {
            "year": 2010,
            "series": [
                {
                    "name": "bio-based chemicals (excluding biofuels)",
                    "data": [
                        90.18529273735905,
                        88.4053034158956,
                        114.00906859670566,
                        129.81576167846458,
                        13.438935279016334,
                        21.13827018608953,
                        34.69704793328106,
                        29.40631978587153,
                        127.03407860443019,
                        38.46811585327597,
                        126.2608470877695,
                        93.10394042804613,
                        111.03793793355938,
                        60.5020014627204,
                        41.00460556948313,
                        225.9128980702901,
                        78.7093081652242,
                        31.22106883420655,
                        26.27335348250486,
                        57.668711656441715,
                        6.596041074718503,
                        41.86078604373979,
                        35.09644531566656,
                        42.21435435581572,
                        20.29908627826457,
                        35.250920577433675,
                        72.27893501110907,
                        83.249077071673,
                        151.5163762717539,
                        85.57128010495886
                    ]
                }
            ]
        },
        {
            "year": 2011,
            "series": [
                {
                    "name": "bio-based chemicals (excluding biofuels)",
                    "data": [
                        93.9311468181667,
                        87.63646089124875,
                        106.44748509330036,
                        123.65028706807608,
                        15.404697825635973,
                        16.698937837030062,
                        31.38111112736672,
                        29.60460204438445,
                        94.70649413452342,
                        19.4970370927968,
                        135.04823130825574,
                        100.72464383100143,
                        105.97914118053015,
                        58.931523875528526,
                        45.09101852959261,
                        180.24178913811187,
                        81.86284152920761,
                        23.0356519688142,
                        29.894232530989818,
                        57.668711656441715,
                        6.143024654403608,
                        33.97101478735314,
                        35.79449779508246,
                        44.635229161985976,
                        19.473778675965267,
                        35.80017167677465,
                        75.46106057064522,
                        86.82754319227196,
                        136.8343624814821,
                        68.23951030990932
                    ]
                }
            ]
        },
        {
            "year": 2012,
            "series": [
                {
                    "name": "bio-based chemicals (excluding biofuels)",