{
    "type": "bC21",
    "range_thresholds": [
        14.090520922288642,
        38.000947991698254,
        38.99556868537666,
        58.01702323441453,
        58.01702323441454,
        109.25366595271171,
        109.28701826060059,
        134.8804526675324,
        135.23969722455843,
        193.18255602250983,
        197.49739582417084,
        955.5687607986932
    ],
    "series": [
        {
            "year": 2008,
            "data": {
                "AT": 116.77776539296582,
                "BE": 190.56033403384862,
                "BG": 14.34775346584266,
                "HR": 58.01702323441454,
                "CY": 50.98039215686275,
                "CZ": 43.95996703014978,
                "DK": 193.18255602250983,
                "EE": 42.738589211618255,
                "FI": 152.59179319167362,
                "FR": 122.6703464814714,
                "DE": 129.75130586301282,
                "EL": 86.03983794733288,
                "HU": 59.49138412541164,
                "IE": 594.0128832308562,
                "IT": 103.79415661819876,
                "LT": 17.92573623559539,
                "NL": 131.85556086187702,
                "PL": 52.70426753844525,
                "PT": 64.6662956091146,
                "RO": 22.223375861877933,
                "SK": 21.851743592499886,
                "SI": 135.23969722455843,
                "ES": 109.25366595271171,
                "SE": 322.269653228559,
                "UK": 235.5845302882641
            }
        },
        {
            "year": 2009,
            "data": {
                "AT": 131.95434726265017,
                "BE": 197.49739582417084,
                "BG": 15.26032315978456,
                "HR": 58.01702323441454,
                "CY": 50.98039215686275,
                "CZ": 43.95173204039716,
                "DK": 193.03885806763404,
                "EE": 33.333333333333336,
                "FI": 163.31715622656412,
                "FR": 113.05900556133105,
                "DE": 131.70690022514944,
                "EL": 78.05857389886934,
                "HU": 60.657895493071,
                "IE": 654.3143773543652,
                "IT": 109.28701826060059,
                "LT": 38.99556868537666,
                "NL": 130.03567974365853,
                "PL": 41.90411046853684,
                "PT": 60.78265037566325,
                "RO": 21.01774538685613,
                "SK": 25.833416147620486,
                "SI": 135.23969722455843,
                "ES": 102.03619435363787,
                "SE": 321.3421176297525,
                "UK": 190.68579536323315
            }
        },
        {
            "year": 2010,
            "data": {
                "AT": 137.53977004759963,
                "BE": 282.0816439694138,
                "BG": 19.490045406915826,
                "HR": 58.01702323441453,
                "CY": 50.98039215686275,
                "CZ": 43.83646841151646,
                "DK": 192.99928580681842,
                "EE": 26.332288401253923,
                "FI": 192.3117311472392,
                "FR": 122.74520958132449,
                "DE": 133.80019061109184,
                "EL": 68.19307431303207,
                "HU": 72.68786981632127,
                "IE": 776.6569628265726,
                "IT": 133.8048749904001,
                "LT": 38.99556868537666,
                "NL": 117.53050955181669,
                "PL": 51.517584608904144,
                "PT": 58.863856662245084,
                "RO": 32.349349049025996,
                "SK": 38.00035282797673,
                "SI": 135.23969722455843,
                "ES": 103.88616090181415,
                "SE": 323.2695725502673,
                "UK": 208.58764530386426
            }
        },
        {
            "year": 2011,
            "data": {
                "AT": 129.4557926519458,
                "BE": 244.3750701939746,
                "BG": 14.090520922288642,
                "HR": 58.01702323441454,
                "CY": 49.87168520102652,
                "CZ": 44.05191400241303,
                "DK": 149.03378608248977,
                "EE": 26.33228840125392,
                "FI": 203.61478505791683,
                "FR": 119.25123221695844,
                "DE": 137.14919318449068,
                "EL": 62.98960292819686,
                "HU": 76.9696789000139,
                "IE": 955.5687607986932,
                "IT": 130.1917761473043,
                "LT": 21.15702479338843,
                "NL": 162.1161312151131,
                "PL": 51.32662406558004,
                "PT": 55.326950869431855,
                "RO": 30.64852083631441,
                "SK": 38.000947991698254,
                "SI": 135.23969722455843,
                "ES": 98.64011073353922,
                "SE": 324.39067108803835,
                "UK": 217.07648892605118
            }
        },
        {
            "year": 2012,
            "data": {
                "AT": 115.51102722862764,
                "BE": 244.37170070612544,
                "BG": 16.201049164328413,
                "HR": 58.01702323441454,
                "CY": 51.774193548387096,
                "CZ": 44.12480217740058,
                "DK": 172.00529458033944,
                "EE": 26.33228840125392,
                "FI": 203.73391512611562,
                "FR": 123.39410721559527,
                "DE": 131.15750276056386,
                "EL": 64.46123274340529,
                "HU": 77.01328926498735,
                "IE": 806.5415281145598,
                "IT": 124.91678480094885,
                "LT": 35.69131832797427,
                "NL": 258.2777413518308,
                "PL": 42.26605584774149,
                "PT": 61.85987546828496,
                "RO": 26.788692193262623,
                "SK": 38.000230878949644,
                "SI": 135.23969722455843,
                "ES": 112.22933359622769,
                "SE": 322.84120396429716,
                "UK": 217.7811662090861
            }
        },
        {
            "year": 2013,
            "data": {
                "AT": 114.84254963891372,
                "BE": 288.6659424314204,
                "BG": 16.152677279043363,
                "HR": 55.581794761700294,
                "CY": 51.774193548387096,
                "CZ": 44.136948886415546,
                "DK": 168.83551752239362,
                "EE": 26.332288401253923,
                "FI": 203.754545204303,
                "FR": 118.95307097718927,
                "DE": 124.98375312438492,
                "EL": 58.925623283992145,
                "HU": 65.39909312572884,
                "IE": 808.3260543956502,
                "IT": 132.4233659108205,
                "LT": 45.74314574314574,
                "NL": 143.97208322582168,
                "PL": 59.71874840054977,
                "PT": 65.913488612118,
                "RO": 29.960712933524185,
                "SK": 37.99084134197409,
                "SI": 135.23969722455843,
                "ES": 119.78203704753076,
                "SE": 365.7473503105085,
                "UK": 193.06160388706184
            }
        },
        {
            "year": 2014,
            "data": {
                "AT": 134.46299270543338,
                "BE": 265.60009196552744,
                "BG": 16.15264083920454,
                "HR": 56.53695696932265,
                "CY": 51.774193548387096,
                "CZ": 44.121125345497475,
                "DK": 177.2099464357885,
                "EE": 26.332288401253923,
                "FI": 203.76491300234693,
                "FR": 105.88074867690771,
                "DE": 133.7805309583375,
                "EL": 67.37863313312737,
                "HU": 67.73441142588365,
                "IE": 807.292631935471,
                "IT": 132.23349680984592,
                "LT": 89.39828080229228,
                "NL": 134.8804526675324,
                "PL": 46.1354606910104,
                "PT": 66.13969142850517,
                "RO": 30.293314010499916,