{
    "categories": [
        "EU27*",
        "EU28",
        "Austria",
        "Belgium",
        "Bulgaria",
        "Croatia",
        "Cyprus",
        "Czechia",
        "Denmark",
        "Estonia",
        "Finland",
        "France",
        "Germany",
        "Greece",
        "Hungary",
        "Ireland",
        "Italy",
        "Latvia",
        "Lithuania",
        "Malta",
        "Netherlands",
        "Poland",
        "Portugal",
        "Romania",
        "Slovakia",
        "Slovenia",
        "Spain",
        "Sweden",
        "United Kingdom"
    ],
    "data": [
        {
            "year": 2008,
            "series": [
                {
                    "name": "fishing and aquaculture",
                    "data": [
                        29.1340058431178,
                        30.129671227282014,
                        33.333333333333336,
                        69.16666666666667,
                        9.25925925925926,
                        8.509840674789128,
                        55.098039215686285,
                        17.169811320754718,
                        82.83333333333333,
                        21.127819548872186,
                        55.78947368421053,
                        39.55555555555555,
                        41.4,
                        31.12240388864339,
                        5.412186379928316,
                        28.85844748858448,
                        44.11439114391144,
                        18.93258426966292,
                        6.340694006309148,
                        13.18181818181818,
                        114.33333333333331,
                        7.507936507936507,
                        18.02738021157436,
                        2.553191489361702,
                        51.11111111111111,
                        11.73913043478261,
                        18.164794007490638,
                        74.0,
                        55.750452079566
                    ]
                }
            ]
        },
        {
            "year": 2009,
            "series": [
                {
                    "name": "fishing and aquaculture",
                    "data": [
                        31.752274728500147,
                        32.177298109965626,
                        36.470588235294116,
                        77.4,
                        9.207920792079207,
                        8.065395095367847,
                        53.07692307692307,
                        17.889908256880734,
                        61.3,
                        24.022988505747122,
                        56.31578947368421,
                        38.22222222222222,
                        33.6,
                        32.39190432382705,
                        9.246575342465754,
                        41.601941747572816,
                        46.94827586206896,
                        33.360655737704924,
                        8.493150684931509,
                        21.64383561643836,
                        88.0,
                        8.943396226415095,
                        16.81443951868271,
                        9.192307692307693,
                        13.999999999999998,
                        17.083333333333332,
                        23.443983402489625,
                        34.4,
                        48.43983402489626
                    ]
                }
            ]
        },
        {
            "year": 2010,
            "series": [
                {
                    "name": "fishing and aquaculture",
                    "data": [
                        34.316796174536755,
                        35.32187670485543,
                        46.89655172413793,
                        85.6,
                        8.679245283018867,
                        6.9020300088261255,
                        29.411764705882355,
                        13.55072463768116,
                        85.63333333333333,
                        25.10416666666667,
                        67.05882352941177,
                        41.0,
                        41.8,
                        35.89825847846013,
                        8.531073446327683,
                        31.30536130536131,
                        49.82608695652174,
                        21.9672131147541,
                        6.375000000000001,
                        29.027777777777782,
                        97.66666666666669,
                        11.872340425531911,
                        18.24789097988319,
                        11.966666666666665,
                        6.25,
                        17.2,
                        24.39130434782609,
                        49.3,
                        62.559726962457354
                    ]
                }
            ]
        },
        {
            "year": 2011,
            "series": [
                {
                    "name": "fishing and aquaculture",
                    "data": [
                        36.77302979411582,
                        38.00851788756388,
                        54.0,
                        91.0,
                        10.084745762711863,
                        8.09865470852018,
                        52.18181818181818,
                        18.55345911949685,
                        85.76666666666667,
                        30.000000000000004,
                        68.8888888888889,
                        43.941176470588225,
                        44.2,
                        36.295761078998076,
                        9.1156462585034,
                        46.88356164383562,
                        47.61594202898551,
                        26.759259259259252,
                        13.503649635036494,
                        25.714285714285715,
                        91.0,
                        12.925,
                        18.444730077120823,
                        30.5,
                        8.823529411764708,
                        17.083333333333332,
                        27.7027027027027,
                        121.2,
                        71.34246575342465
                    ]
                }
            ]
        },
        {
            "year": 2012,
            "series": [
                {
                    "name": "fishing and aquaculture",
                    "data": [
                        33.765080531569595,
                        36.330631350610794,
                        62.81250000000001,
                        82.4,
                        10.15625,
                        10.942350332594238,
                        43.33333333333333,
                        17.114093959731544,
                        86.86666666666667,
                        24.666666666666664,
                        62.77777777777778,
                        36.70588235294118,
                        42.4,
                        33.78706854642684,
                        8.482758620689657,
                        56.40926640926641,
                        39.55035971223021,
                        21.95121951219512,
                        16.51376146788991,
                        31.216216216216218,
                        92.0,
                        8.75,
                        18.712998712998715,
                        17.894736842105264,
                        11.764705882352938,
                        17.5,
                        28.116591928251122,
                        107.2,
                        86.38578680203045
                    ]
                }
            ]
        },
        {
            "year": 2013,
            "series": [
                {
                    "name": "fishing and aquaculture",