{
    "type": "bC15",
    "range_thresholds": [
        2.9899940674147274,
        8.342095885804843,
        8.409275715886691,
        12.656154003686256,
        12.791878172588833,
        17.407725482530857,
        17.41184881868822,
        43.18181818181817,
        43.23873121869784,
        51.98171984466287,
        52.290856299127434,
        74.7082713042285
    ],
    "series": [
        {
            "year": 2008,
            "data": {
                "AT": 45.86651574564417,
                "BE": 44.51410658307209,
                "BG": 2.9899940674147274,
                "HR": 8.464595480520988,
                "CY": 19.863013698630134,
                "CZ": 10.217681030653043,
                "DK": 44.73708094413559,
                "EE": 8.781279059903435,
                "FI": 37.4698529703623,
                "FR": 51.75175701524783,
                "DE": 40.80286336513083,
                "EL": 19.140565894991678,
                "HU": 8.420628425431122,
                "IE": 38.55421686746988,
                "IT": 37.760165582814366,
                "LV": 6.186695463439028,
                "LT": 7.989061190239679,
                "PL": 10.090170134368918,
                "PT": 13.690927976321332,
                "RO": 5.363590250622387,
                "SK": 9.176410777834263,
                "SI": 13.813333333333334,
                "ES": 28.049247666726107,
                "SE": 42.12076583210604,
                "UK": 44.48109414577765
            }
        },
        {
            "year": 2009,
            "data": {
                "AT": 41.39053650269813,
                "BE": 37.96791443850268,
                "BG": 3.15431574132198,
                "HR": 8.183382425850855,
                "CY": 17.821782178217823,
                "CZ": 10.217681030653043,
                "DK": 45.31615925058547,
                "EE": 8.200184799969508,
                "FI": 32.13501474317396,
                "FR": 49.838151999489185,
                "DE": 39.27447212812691,
                "EL": 22.741129130593833,
                "HU": 8.409275715886691,
                "IE": 43.396226415094326,
                "IT": 32.43333411274074,
                "LV": 5.297847067072774,
                "LT": 6.077414812815688,
                "PL": 8.766874085271594,
                "PT": 13.883331869046582,
                "RO": 5.301036058554799,
                "SK": 10.254455351186506,
                "SI": 14.566145092460882,
                "ES": 31.465098259835305,
                "SE": 36.97347893915757,
                "UK": 36.98759041451529
            }
        },
        {
            "year": 2010,
            "data": {
                "AT": 50.0328207051763,
                "BE": 43.98496240601504,
                "BG": 3.4391945641874533,
                "HR": 7.990180319724113,
                "CY": 16.666666666666668,
                "CZ": 10.217681030653043,
                "DK": 45.36438292950288,
                "EE": 9.842425483606881,
                "FI": 40.33522963904403,
                "FR": 54.85535593060085,
                "DE": 41.68689095252367,
                "EL": 21.643272366368922,
                "HU": 10.25539590966642,
                "IE": 43.39622641509435,
                "IT": 43.82007388564935,
                "LV": 6.500721342690955,
                "LT": 6.731755920589316,
                "PL": 10.144002754833547,
                "PT": 14.990366872195288,
                "RO": 5.6729762894296085,
                "SK": 12.656154003686256,
                "SI": 13.95348837209302,
                "ES": 32.48527887222426,
                "SE": 39.18305597579426,
                "UK": 52.92133019206787
            }
        },
        {
            "year": 2011,
            "data": {
                "AT": 50.80271619373117,
                "BE": 56.8702290076336,
                "BG": 3.883468049044621,
                "HR": 7.981402557148392,
                "CY": 16.666666666666668,
                "CZ": 10.217681030653043,
                "DK": 54.428393483570396,
                "EE": 11.217733618048275,
                "FI": 43.90375924146257,
                "FR": 62.814358019295575,
                "DE": 43.85909129243976,
                "EL": 20.917333333333332,
                "HU": 10.865109047541287,
                "IE": 52.631578947368425,
                "IT": 43.74832332613557,
                "LV": 7.0618488100738075,
                "LT": 6.916964135866205,
                "PL": 10.856375458093677,
                "PT": 15.157784982232634,
                "RO": 5.883421207643268,
                "SK": 13.816480473598777,
                "SI": 19.470538001707943,
                "ES": 31.77440247299762,
                "SE": 44.99229583975347,
                "UK": 68.79801054838403
            }
        },
        {
            "year": 2012,
            "data": {
                "AT": 46.63585644100258,
                "BE": 56.8702290076336,
                "BG": 3.897605551411447,
                "HR": 8.74105011933174,
                "CY": 12.0,
                "CZ": 10.217681030653043,
                "DK": 51.078874003273285,
                "EE": 10.805163789361053,
                "FI": 46.51677556984529,
                "FR": 66.6577868146426,
                "DE": 41.27847043564629,
                "EL": 21.88078489448352,
                "HU": 10.61099729509673,
                "IE": 49.18032786885247,
                "IT": 46.19200833083754,
                "LV": 7.894246910450207,
                "LT": 7.9433077503965155,
                "PL": 10.419630309894414,
                "PT": 15.239418948357244,
                "RO": 5.966228773437617,
                "SK": 11.468107288408685,
                "SI": 14.812629094128061,
                "ES": 30.39567641721073,
                "SE": 45.3448275862069,
                "UK": 49.40181970068786
            }
        },
        {
            "year": 2013,
            "data": {
                "AT": 48.78782881174239,
                "BE": 56.8702290076336,
                "BG": 4.072217058199075,
                "HR": 8.773720874369445,
                "CY": 11.363636363636363,
                "CZ": 10.217681030653043,
                "DK": 61.37847883639486,
                "EE": 11.862676915706484,
                "FI": 49.277842056384,
                "FR": 65.83947226971222,
                "DE": 42.912174578672825,
                "EL": 14.693704214884805,
                "HU": 12.186084041230426,
                "IE": 50.847457627118644,
                "IT": 49.31815925422668,
                "LV": 8.274109768824136,
                "LT": 7.789929980522077,
                "PL": 12.495673929817364,
                "PT": 16.02699885994225,
                "RO": 6.196084403455736,
                "SK": 12.791878172588833,
                "SI": 17.939433838051354,
                "ES": 31.68153092275957,
                "SE": 43.23873121869784,
                "UK": 58.793376938898284
            }
        },
        {
            "year": 2014,
            "data": {
                "AT": 50.178065560501814,
                "BE": 56.8702290076336,
                "BG": 4.36638221133657,
                "HR": 8.835746498931881,
                "CY": 12.82051282051282,
                "CZ": 10.217681030653043,
                "DK": 66.50941274421588,
                "EE": 11.694348139677274,
                "FI": 48.84105723494203,
                "FR": 69.38008006685432,
                "DE": 45.95247416644741,
                "EL": 16.10824742268041,
                "HU": 12.133328679465892,
                "IE": 54.54545454545454,
                "IT": 51.69117221217983,
                "LV": 8.101453280521008,
                "LT": 7.555044839870423,
                "PL": 13.432164360822616,
                "PT": 16.575191339675552,
                "RO": 6.864098139150699,
                "SK": 14.219722835910824,