{
    "type": "bD3511",
    "range_thresholds": [
        21.091811414392065,
        82.34213205532518,
        82.75283256399497,
        107.89473684210527,
        108.1594591444224,
        143.15953542158985,
        144.85294117647058,
        240.140350877193,
        245.53191489361697,
        327.08962215051525,
        327.150574871866,
        593.5217319451332
    ],
    "series": [
        {
            "year": 2008,
            "data": {
                "AT": 254.09120663320962,
                "BE": 364.13518375738886,
                "BG": 33.28184243785985,
                "HR": 81.35135135135134,
                "CY": 102.64167021729868,
                "DK": 202.02217873450752,
                "EE": 37.324789747697224,
                "FI": 254.64359861591691,
                "EL": 133.15351963211884,
                "HU": 97.53138516721172,
                "IT": 368.29839654267136,
                "LV": 115.08287292817678,
                "LT": 24.630177514792894,
                "LU": 245.53191489361703,
                "PL": 89.02451326540907,
                "PT": 449.9228905045164,
                "RO": 43.081564328023255,
                "SK": 140.63186813186815,
                "SI": 95.70414643257375,
                "ES": 367.2440142638818,
                "SE": 287.1226765799256,
                "UK": 346.7723112830908
            }
        },
        {
            "year": 2009,
            "data": {
                "AT": 260.099373514798,
                "BE": 364.13518375738886,
                "BG": 38.750436300174506,
                "HR": 81.35135135135134,
                "CY": 109.03838217086256,
                "DK": 115.37771800044834,
                "EE": 80.42643923240938,
                "FI": 273.9260589732076,
                "EL": 133.15351963211884,
                "HU": 96.3522555579538,
                "IT": 372.3028340728305,
                "LV": 111.21195942338495,
                "LT": 21.091811414392065,
                "LU": 245.53191489361703,
                "PL": 111.35347875391905,
                "PT": 473.298199385156,
                "RO": 40.934609767970144,
                "SK": 197.54456777665652,
                "SI": 91.7621776504298,
                "ES": 343.07812499999994,
                "SE": 274.0583426831223,
                "UK": 160.45586312738018
            }
        },
        {
            "year": 2010,
            "data": {
                "AT": 221.88218090662212,
                "BE": 364.13518375738886,
                "BG": 48.26644826644827,
                "HR": 81.35135135135134,
                "CY": 130.48582995951418,
                "DK": 259.99056381221993,
                "EE": 75.34065934065934,
                "FI": 283.3865351131746,
                "EL": 133.77908531692964,
                "HU": 108.1594591444224,
                "IT": 378.76797512631174,
                "LV": 108.48958333333334,
                "LT": 30.515608558400558,
                "LU": 245.53191489361703,
                "PL": 91.64058053500284,
                "PT": 525.2552152685308,
                "RO": 51.958138616468105,
                "SK": 146.26572969439454,
                "SI": 84.0827042993108,
                "ES": 225.32552326232133,
                "SE": 377.9931305201178,
                "UK": 160.45586312738018
            }
        },
        {
            "year": 2011,
            "data": {
                "AT": 220.83540527100945,
                "BE": 327.57238883143737,
                "BG": 55.34006916661016,
                "HR": 81.35135135135134,
                "CY": 126.30505709624796,
                "DK": 202.1605592035586,
                "EE": 91.26773049645391,
                "FI": 240.140350877193,
                "EL": 133.77908531692964,
                "HU": 103.56830941983782,
                "IT": 416.07114498967763,
                "LV": 107.15020576131691,
                "LT": 54.63609172482553,
                "LU": 245.53191489361703,
                "PL": 100.63674143923006,
                "PT": 519.1342952275248,
                "RO": 51.5733227785474,
                "SK": 153.360264414249,
                "SI": 105.17023959646912,
                "ES": 387.34882778190666,
                "SE": 368.63279371694193,
                "UK": 327.08962215051525
            }
        },
        {
            "year": 2012,
            "data": {
                "AT": 252.60031518972,
                "BE": 327.5723888314375,
                "BG": 72.58074956307851,
                "HR": 79.1112799088492,
                "CY": 157.7212020033389,
                "DK": 179.4230769230769,
                "EE": 90.06815968841283,
                "FI": 221.49147727272725,
                "EL": 133.77908531692964,
                "HU": 107.89473684210527,
                "IT": 407.11022480058006,
                "LV": 98.76718824087246,
                "LT": 71.82741116751271,
                "LU": 245.53191489361703,
                "PL": 105.25548912224286,
                "PT": 535.9593679458239,
                "RO": 50.26930507581524,
                "SK": 153.360264414249,
                "SI": 97.17434303475555,
                "ES": 430.89798368586463,
                "SE": 349.2760249961897,
                "UK": 265.64484230248786
            }
        },
        {
            "year": 2013,
            "data": {
                "AT": 202.392444910808,
                "BE": 315.25245901639335,
                "BG": 75.92370281445912,
                "HR": 117.92519407198307,
                "CY": 144.85294117647058,
                "DK": 282.58127122755945,
                "EE": 110.36242981112812,
                "FI": 247.32155680022973,
                "EL": 122.43954480796587,
                "HU": 108.5865436787846,
                "IT": 413.6680313150901,
                "LV": 96.07843137254902,
                "LT": 68.49248666989821,
                "LU": 245.53191489361703,
                "PL": 100.76362845806837,
                "PT": 547.030275017333,
                "RO": 66.48449816079874,
                "SK": 153.360264414249,
                "SI": 81.63699176189209,
                "ES": 593.5217319451332,
                "SE": 291.58491722869405,
                "UK": 82.34213205532518
            }
        },
        {
            "year": 2014,
            "data": {
                "AT": 193.78667225481976,
                "BE": 305.1002556856412,
                "BG": 73.69243309332974,
                "HR": 128.42692710149984,
                "CY": 122.52252252252255,
                "DK": 233.95652173913044,
                "EE": 137.40095087163238,
                "FI": 260.11151295961423,
                "EL": 110.92499190227197,
                "HU": 105.57964729690664,
                "IT": 375.14516305737135,
                "LV": 123.6778846153846,
                "LT": 57.13760117733627,
                "LU": 245.53191489361697,
                "PL": 108.4348457755923,
                "PT": 552.1227503461006,
                "RO": 51.8091119852041,
                "SK": 148.38771226865106,
                "SI": 83.81813047161819,
                "ES": 460.2052249808338,
                "SE": 272.33753490829497,
                "UK": 135.21302656227485
            }
        },
        {
            "year": 2015,
            "data": {
                "AT": 180.67288544177762,
                "BE": 245.89693411611225,
                "BG": 75.83803749390202,
                "HR": 89.45417789757413,
                "CY": 139.2018779342723,
                "DK": 246.8584251325989,
                "EE": 93.81557150745445,
                "FI": 252.68435668003707,
                "EL": 141.86376829494225,
                "HU": 100.24183796856107,
                "IT": 354.73846041216734,
                "LV": 121.05882352941177,
                "LT": 47.986798679868,
                "LU": 245.53191489361703,