{
    "categories": [
        "EU27*",
        "EU28",
        "Austria",
        "Belgium",
        "Bulgaria",
        "Croatia",
        "Cyprus",
        "Czechia",
        "Denmark",
        "Estonia",
        "Finland",
        "France",
        "Germany",
        "Greece",
        "Hungary",
        "Ireland",
        "Italy",
        "Latvia",
        "Lithuania",
        "Poland",
        "Portugal",
        "Romania",
        "Slovakia",
        "Slovenia",
        "Spain",
        "Sweden",
        "United Kingdom"
    ],
    "data": [
        {
            "year": 2008,
            "series": [
                {
                    "name": "leather",
                    "data": [
                        25.39364688994789,
                        25.681645579830533,
                        45.86651574564417,
                        44.51410658307209,
                        2.9899940674147274,
                        8.464595480520988,
                        19.863013698630134,
                        10.217681030653043,
                        44.73708094413559,
                        8.781279059903435,
                        37.4698529703623,
                        51.75175701524783,
                        40.80286336513083,
                        19.140565894991678,
                        8.420628425431122,
                        38.55421686746988,
                        37.760165582814366,
                        6.186695463439028,
                        7.989061190239679,
                        10.090170134368918,
                        13.690927976321332,
                        5.363590250622387,
                        9.176410777834263,
                        13.813333333333334,
                        28.049247666726107,
                        42.12076583210604,
                        44.48109414577765
                    ]
                }
            ]
        },
        {
            "year": 2009,
            "series": [
                {
                    "name": "leather",
                    "data": [
                        23.974605434538496,
                        24.17975437548485,
                        41.39053650269813,
                        37.96791443850268,
                        3.15431574132198,
                        8.183382425850855,
                        17.821782178217823,
                        10.217681030653043,
                        45.31615925058547,
                        8.200184799969508,
                        32.13501474317396,
                        49.838151999489185,
                        39.27447212812691,
                        22.741129130593833,
                        8.409275715886691,
                        43.396226415094326,
                        32.43333411274074,
                        5.297847067072774,
                        6.077414812815688,
                        8.766874085271594,
                        13.883331869046582,
                        5.301036058554799,
                        10.254455351186506,
                        14.566145092460882,
                        31.465098259835305,
                        36.97347893915757,
                        36.98759041451529
                    ]
                }
            ]
        },
        {
            "year": 2010,
            "series": [
                {
                    "name": "leather",
                    "data": [
                        29.194610438695932,
                        29.621603833327647,
                        50.0328207051763,
                        43.98496240601504,
                        3.4391945641874533,
                        7.990180319724113,
                        16.666666666666668,
                        10.217681030653043,
                        45.36438292950288,
                        9.842425483606881,
                        40.33522963904403,
                        54.85535593060085,
                        41.68689095252367,
                        21.643272366368922,
                        10.25539590966642,
                        43.39622641509435,
                        43.82007388564935,
                        6.500721342690955,
                        6.731755920589316,
                        10.144002754833547,
                        14.990366872195288,
                        5.6729762894296085,
                        12.656154003686256,
                        13.95348837209302,
                        32.48527887222426,
                        39.18305597579426,
                        52.92133019206787
                    ]
                }
            ]
        },
        {
            "year": 2011,
            "series": [
                {
                    "name": "leather",
                    "data": [
                        30.24426093746148,
                        30.599285547222905,
                        50.80271619373117,
                        56.8702290076336,
                        3.883468049044621,
                        7.981402557148392,
                        16.666666666666668,
                        10.217681030653043,
                        54.428393483570396,
                        11.217733618048275,
                        43.90375924146257,
                        62.814358019295575,
                        43.85909129243976,
                        20.917333333333332,
                        10.865109047541287,
                        52.631578947368425,
                        43.74832332613557,
                        7.0618488100738075,
                        6.916964135866205,
                        10.856375458093677,
                        15.157784982232634,
                        5.883421207643268,
                        13.816480473598777,
                        19.470538001707943,
                        31.77440247299762,
                        44.99229583975347,
                        68.79801054838403
                    ]
                }
            ]
        },
        {
            "year": 2012,
            "series": [
                {
                    "name": "leather",
                    "data": [
                        31.423822468031005,
                        31.399756507149547,
                        46.63585644100258,
                        56.8702290076336,
                        3.897605551411447,
                        8.74105011933174,
                        12.0,
                        10.217681030653043,
                        51.078874003273285,
                        10.805163789361053,
                        46.51677556984529,
                        66.6577868146426,
                        41.27847043564629,
                        21.88078489448352,
                        10.61099729509673,
                        49.18032786885247,
                        46.19200833083754,
                        7.894246910450207,
                        7.9433077503965155,
                        10.419630309894414,
                        15.239418948357244,
                        5.966228773437617,
                        11.468107288408685,
                        14.812629094128061,
                        30.39567641721073,
                        45.3448275862069,
                        49.40181970068786
                    ]
                }
            ]
        },
        {
            "year": 2013,
            "series": [
                {
                    "name": "leather",