{
    "categories": [
        "EU27*",
        "EU28",
        "Austria",
        "Belgium",
        "Bulgaria",
        "Croatia",
        "Cyprus",
        "Czechia",
        "Denmark",
        "Estonia",
        "Finland",
        "France",
        "Germany",
        "Greece",
        "Hungary",
        "Ireland",
        "Italy",
        "Latvia",
        "Lithuania",
        "Malta",
        "Poland",
        "Portugal",
        "Romania",
        "Slovakia",
        "Slovenia",
        "Spain",
        "Sweden",
        "United Kingdom"
    ],
    "data": [
        {
            "year": 2008,
            "series": [
                {
                    "name": "bio-based wearing apparel",
                    "data": [
                        16.72141249779487,
                        17.25550234621469,
                        36.02989113094142,
                        48.63705361936732,
                        3.2776081427969124,
                        8.507431409897226,
                        15.590136459236406,
                        9.306483706946457,
                        54.041351487226656,
                        8.50871685854748,
                        33.41008338629583,
                        45.81125364368467,
                        47.311444205814226,
                        18.69928525285964,
                        7.429147171661162,
                        42.817906176566794,
                        29.02176591261125,
                        6.729526179594988,
                        5.790786443013077,
                        6.246371054347402,
                        7.551867048529358,
                        10.090370508816797,
                        5.334298407821754,
                        6.487983467167295,
                        11.848157994297425,
                        27.94858671353036,
                        50.21849960435111,
                        36.01348398285361
                    ]
                }
            ]
        },
        {
            "year": 2009,
            "series": [
                {
                    "name": "bio-based wearing apparel",
                    "data": [
                        16.368658041441268,
                        16.637308208323006,
                        36.32958132858382,
                        43.61541536551169,
                        3.398576032037487,
                        8.411814571052338,
                        16.411996167386068,
                        9.296275751813925,
                        63.674864974778224,
                        7.776750477095812,
                        30.55316599753712,
                        43.62974605401036,
                        44.277863983675736,
                        20.408363503112238,
                        6.794964754091888,
                        41.487954022472024,
                        26.96020670865939,
                        5.002662697139545,
                        5.241622701893682,
                        7.060476393929702,
                        6.141946145869231,
                        10.065682460100833,
                        4.761716289786771,
                        6.900104714361733,
                        9.718232503103373,
                        28.671849954074503,
                        40.87616862544062,
                        28.513617503392442
                    ]
                }
            ]
        },
        {
            "year": 2010,
            "series": [
                {
                    "name": "bio-based wearing apparel",
                    "data": [
                        17.482288312327814,
                        18.07449156990248,
                        36.10843263597451,
                        44.027756968962066,
                        3.640074522715836,
                        7.995857400624861,
                        16.45032199780783,
                        9.220848519136908,
                        68.00322862871847,
                        8.510307097619139,
                        32.82034304953161,
                        39.689684631208785,
                        47.49279959523281,
                        19.047526968775433,
                        7.758104793094901,
                        35.805100847732774,
                        30.161260522191462,
                        6.015842598787995,
                        5.870179639422465,
                        6.103154593947167,
                        7.084846299293929,
                        10.557690591839721,
                        5.311935871554356,
                        6.9792854638618556,
                        13.548796157609685,
                        29.222903761451,
                        53.292617552188815,
                        41.690406579331224
                    ]
                }
            ]
        },
        {
            "year": 2011,
            "series": [
                {
                    "name": "bio-based wearing apparel",
                    "data": [
                        19.17789595698867,
                        19.591279462466744,
                        39.85421719649228,
                        43.120456308466885,
                        4.083351181873381,
                        7.831285658031397,
                        16.027008023198768,
                        9.258061197484787,
                        65.22475080037022,
                        9.80988785630139,
                        34.94763769040092,
                        43.29881033836101,
                        53.19075584684757,
                        15.798990340552207,
                        8.598813232568867,
                        60.62693701054543,
                        34.350064279291736,
                        6.178962820538413,
                        7.096455026297831,
                        6.097524512604543,
                        7.249953346022638,
                        10.993512081907573,
                        5.652970094691508,
                        8.235091981621173,
                        13.872419959553115,
                        30.683551757232948,
                        54.25834658622835,
                        40.36811513895854
                    ]
                }
            ]
        },
        {
            "year": 2012,
            "series": [
                {
                    "name": "bio-based wearing apparel",
                    "data": [
                        18.376200136831734,
                        18.85748702019405,
                        36.27566991197687,
                        47.17253749920202,
                        4.261389516297092,
                        7.495839446336657,
                        13.575353543175705,
                        9.199066571408515,
                        59.63211492193953,
                        10.463839908255988,
                        34.5263124086334,
                        40.015114069422175,
                        52.13983334967868,
                        16.16045663142004,
                        9.080995797314591,
                        61.76458505803779,
                        31.57291911610032,
                        5.815597266156847,
                        6.951550654160031,
                        6.097802388693237,
                        6.803731679857194,
                        11.25315296532008,
                        5.581260380124951,
                        7.652209860733842,
                        14.921228635744814,
                        30.752190915349964,
                        49.2620396117565,
                        40.323443142875774
                    ]
                }
            ]
        },
        {
            "year": 2013,
            "series": [
                {
                    "name": "bio-based wearing apparel",