{
    "categories": [
        "EU27*",
        "EU28",
        "Austria",
        "Belgium",
        "Bulgaria",
        "Croatia",
        "Cyprus",
        "Denmark",
        "Estonia",
        "Finland",
        "Greece",
        "Hungary",
        "Italy",
        "Latvia",
        "Lithuania",
        "Luxembourg",
        "Poland",
        "Portugal",
        "Romania",
        "Slovakia",
        "Slovenia",
        "Spain",
        "Sweden",
        "United Kingdom"
    ],
    "data": [
        {
            "year": 2008,
            "series": [
                {
                    "name": "bio-based electricity",
                    "data": [
                        258.4192112097183,
                        264.2444662222906,
                        254.09120663320962,
                        364.13518375738886,
                        33.28184243785985,
                        81.35135135135134,
                        102.64167021729868,
                        202.02217873450752,
                        37.324789747697224,
                        254.64359861591691,
                        133.15351963211884,
                        97.53138516721172,
                        368.29839654267136,
                        115.08287292817678,
                        24.630177514792894,
                        245.53191489361703,
                        89.02451326540907,
                        449.9228905045164,
                        43.081564328023255,
                        140.63186813186815,
                        95.70414643257375,
                        367.2440142638818,
                        287.1226765799256,
                        346.7723112830908
                    ]
                }
            ]
        },
        {
            "year": 2009,
            "series": [
                {
                    "name": "bio-based electricity",
                    "data": [
                        257.47943075560926,
                        244.68002144563044,
                        260.099373514798,
                        364.13518375738886,
                        38.750436300174506,
                        81.35135135135134,
                        109.03838217086256,
                        115.37771800044834,
                        80.42643923240938,
                        273.9260589732076,
                        133.15351963211884,
                        96.3522555579538,
                        372.3028340728305,
                        111.21195942338495,
                        21.091811414392065,
                        245.53191489361703,
                        111.35347875391905,
                        473.298199385156,
                        40.934609767970144,
                        197.54456777665652,
                        91.7621776504298,
                        343.07812499999994,
                        274.0583426831223,
                        160.45586312738018
                    ]
                }
            ]
        },
        {
            "year": 2010,
            "series": [
                {
                    "name": "bio-based electricity",
                    "data": [
                        252.30105651286,
                        240.18823300112072,
                        221.88218090662212,
                        364.13518375738886,
                        48.26644826644827,
                        81.35135135135134,
                        130.48582995951418,
                        259.99056381221993,
                        75.34065934065934,
                        283.3865351131746,
                        133.77908531692964,
                        108.1594591444224,
                        378.76797512631174,
                        108.48958333333334,
                        30.515608558400558,
                        245.53191489361703,
                        91.64058053500284,
                        525.2552152685308,
                        51.958138616468105,
                        146.26572969439454,
                        84.0827042993108,
                        225.32552326232133,
                        377.9931305201178,
                        160.45586312738018
                    ]
                }
            ]
        },
        {
            "year": 2011,
            "series": [
                {
                    "name": "bio-based electricity",
                    "data": [
                        364.94790777860914,
                        204.64466785011845,
                        220.83540527100945,
                        327.57238883143737,
                        55.34006916661016,
                        81.35135135135134,
                        126.30505709624796,
                        202.1605592035586,
                        91.26773049645391,
                        240.140350877193,
                        133.77908531692964,
                        103.56830941983782,
                        416.07114498967763,
                        107.15020576131691,
                        54.63609172482553,
                        245.53191489361703,
                        100.63674143923006,
                        519.1342952275248,
                        51.5733227785474,
                        153.360264414249,
                        105.17023959646912,
                        387.34882778190666,
                        368.63279371694193,
                        327.08962215051525
                    ]
                }
            ]
        },
        {
            "year": 2012,
            "series": [
                {
                    "name": "bio-based electricity",
                    "data": [
                        211.50903684896267,
                        213.88257627613646,
                        252.60031518972,
                        327.5723888314375,
                        72.58074956307851,
                        79.1112799088492,
                        157.7212020033389,
                        179.4230769230769,
                        90.06815968841283,
                        221.49147727272725,
                        133.77908531692964,
                        107.89473684210527,
                        407.11022480058006,
                        98.76718824087246,
                        71.82741116751271,
                        245.53191489361703,
                        105.25548912224286,
                        535.9593679458239,
                        50.26930507581524,
                        153.360264414249,
                        97.17434303475555,
                        430.89798368586463,
                        349.2760249961897,
                        265.64484230248786
                    ]
                }
            ]
        },
        {
            "year": 2013,
            "series": [
                {
                    "name": "bio-based electricity",