{
    "categories": [
        "EU27*",
        "EU28",
        "Austria",
        "Belgium",
        "Bulgaria",
        "Croatia",
        "Cyprus",
        "Czechia",
        "Denmark",
        "Estonia",
        "Finland",
        "France",
        "Germany",
        "Greece",
        "Hungary",
        "Ireland",
        "Italy",
        "Latvia",
        "Lithuania",
        "Luxembourg",
        "Malta",
        "Netherlands",
        "Poland",
        "Portugal",
        "Romania",
        "Slovakia",
        "Slovenia",
        "Spain",
        "Sweden",
        "United Kingdom"
    ],
    "data": [
        {
            "year": 2008,
            "series": [
                {
                    "name": "agriculture",
                    "data": [
                        13.945232677659956,
                        14.537180792633743,
                        16.1534584150098,
                        35.650602409638545,
                        2.816575309985076,
                        8.64376521503922,
                        22.875776397515526,
                        16.544154812621848,
                        24.74242424242424,
                        12.505592841163311,
                        14.019607843137255,
                        36.10828877005348,
                        30.442996742671014,
                        12.020864916620125,
                        21.504597211228152,
                        13.09263572836409,
                        30.955238726790448,
                        5.739103458973164,
                        9.336829117828502,
                        29.110512129380048,
                        26.48,
                        49.70588235294117,
                        3.860673840515013,
                        4.60065170166546,
                        3.083462241597525,
                        21.899964015833035,
                        5.657209786569495,
                        32.0198897997581,
                        47.99298245614035,
                        33.7472690727956
                    ]
                }
            ]
        },
        {
            "year": 2009,
            "series": [
                {
                    "name": "agriculture",
                    "data": [
                        12.477475932817635,
                        13.046428465208392,
                        13.350749659245801,
                        32.76352395672334,
                        1.968081389661389,
                        8.04771893025695,
                        20.712130356065174,
                        12.728600642711072,
                        24.4609375,
                        10.60750446694461,
                        16.225165562913904,
                        31.73113854595336,
                        24.42364532019705,
                        11.446523804906429,
                        18.707942636514066,
                        8.39943802010159,
                        29.085162023877203,
                        4.6855146124523515,
                        5.323693412720915,
                        22.684931506849317,
                        27.246376811594207,
                        46.91959798994975,
                        3.426822071407495,
                        4.619345347554248,
                        2.625933715280296,
                        18.17864077669903,
                        5.5951749734888665,
                        31.03283749649172,
                        34.97931034482758,
                        30.376246473562194
                    ]
                }
            ]
        },
        {
            "year": 2010,
            "series": [
                {
                    "name": "agriculture",
                    "data": [
                        14.143463250509074,
                        14.586022004446864,
                        15.274902231423972,
                        43.16612377850164,
                        1.914542533327544,
                        6.971827398237301,
                        22.624462200368782,
                        11.718510573092244,
                        38.91428571428571,
                        13.331431831146604,
                        18.58632676709154,
                        40.810924369747895,
                        31.161129568106308,
                        11.195534466124556,
                        19.37504278184681,
                        13.255086071987481,
                        28.700400801603212,
                        6.719813338518375,
                        6.949934784789806,
                        23.852459016393446,
                        26.761565836298928,
                        55.37373737373736,
                        4.232849092695032,
                        4.837797532585749,
                        2.114364102378976,
                        15.420868491459146,
                        5.9647935003385255,
                        32.86634681288554,
                        49.2344262295082,
                        26.7646755390488
                    ]
                }
            ]
        },
        {
            "year": 2011,
            "series": [
                {
                    "name": "agriculture",
                    "data": [
                        15.68843136716245,
                        16.14859373054984,
                        18.148582142020157,
                        38.83925549915398,
                        2.575488189329309,
                        6.862277930284352,
                        23.493827160493826,
                        17.576489533011273,
                        44.45645161290322,
                        17.058823529411768,
                        16.480186480186482,
                        43.24084507042254,
                        35.88079470198675,
                        11.200372274044463,
                        25.52225970761394,
                        18.994698605929702,
                        32.194256950005716,
                        6.2763554216867465,
                        9.447668393782383,
                        27.17514124293785,
                        29.763779527559052,
                        50.397959183673464,
                        4.882303970029658,
                        4.336009265915808,
                        3.0140973711381145,
                        23.43788948899045,
                        7.223843268028345,
                        32.42505656108597,
                        50.57384615384616,
                        28.457915647117638
                    ]
                }
            ]
        },
        {
            "year": 2012,
            "series": [
                {
                    "name": "agriculture",