{
    "categories": [
        "EU27*",
        "EU28",
        "Austria",
        "Belgium",
        "Bulgaria",
        "Croatia",
        "Cyprus",
        "Czechia",
        "Denmark",
        "Estonia",
        "Finland",
        "France",
        "Germany",
        "Greece",
        "Hungary",
        "Ireland",
        "Italy",
        "Lithuania",
        "Netherlands",
        "Poland",
        "Portugal",
        "Romania",
        "Slovakia",
        "Slovenia",
        "Spain",
        "Sweden",
        "United Kingdom"
    ],
    "data": [
        {
            "year": 2008,
            "series": [
                {
                    "name": "bio-based pharmaceuticals",
                    "data": [
                        137.90648614427096,
                        146.8081133905643,
                        116.77776539296582,
                        190.56033403384862,
                        14.34775346584266,
                        58.01702323441454,
                        50.98039215686275,
                        43.95996703014978,
                        193.18255602250983,
                        42.738589211618255,
                        152.59179319167362,
                        122.6703464814714,
                        129.75130586301282,
                        86.03983794733288,
                        59.49138412541164,
                        594.0128832308562,
                        103.79415661819876,
                        17.92573623559539,
                        131.85556086187702,
                        52.70426753844525,
                        64.6662956091146,
                        22.223375861877933,
                        21.851743592499886,
                        135.23969722455843,
                        109.25366595271171,
                        322.269653228559,
                        235.5845302882641
                    ]
                }
            ]
        },
        {
            "year": 2009,
            "series": [
                {
                    "name": "bio-based pharmaceuticals",
                    "data": [
                        143.10222895543527,
                        149.61550946839864,
                        131.95434726265017,
                        197.49739582417084,
                        15.26032315978456,
                        58.01702323441454,
                        50.98039215686275,
                        43.95173204039716,
                        193.03885806763404,
                        33.333333333333336,
                        163.31715622656412,
                        113.05900556133105,
                        131.70690022514944,
                        78.05857389886934,
                        60.657895493071,
                        654.3143773543652,
                        109.28701826060059,
                        38.99556868537666,
                        130.03567974365853,
                        41.90411046853684,
                        60.78265037566325,
                        21.01774538685613,
                        25.833416147620486,
                        135.23969722455843,
                        102.03619435363787,
                        321.3421176297525,
                        190.68579536323315
                    ]
                }
            ]
        },
        {
            "year": 2010,
            "series": [
                {
                    "name": "bio-based pharmaceuticals",
                    "data": [
                        153.25500734624129,
                        157.7713030136349,
                        137.53977004759963,
                        282.0816439694138,
                        19.490045406915826,
                        58.01702323441453,
                        50.98039215686275,
                        43.83646841151646,
                        192.99928580681842,
                        26.332288401253923,
                        192.3117311472392,
                        122.74520958132449,
                        133.80019061109184,
                        68.19307431303207,
                        72.68786981632127,
                        776.6569628265726,
                        133.8048749904001,
                        38.99556868537666,
                        117.53050955181669,
                        51.517584608904144,
                        58.863856662245084,
                        32.349349049025996,
                        38.00035282797673,
                        135.23969722455843,
                        103.88616090181415,
                        323.2695725502673,
                        208.58764530386426
                    ]
                }
            ]
        },
        {
            "year": 2011,
            "series": [
                {
                    "name": "bio-based pharmaceuticals",
                    "data": [
                        149.7373901957987,
                        154.38155895910657,
                        129.4557926519458,
                        244.3750701939746,
                        14.090520922288642,
                        58.01702323441454,
                        49.87168520102652,
                        44.05191400241303,
                        149.03378608248977,
                        26.33228840125392,
                        203.61478505791683,
                        119.25123221695844,
                        137.14919318449068,
                        62.98960292819686,
                        76.9696789000139,
                        955.5687607986932,
                        130.1917761473043,
                        21.15702479338843,
                        162.1161312151131,
                        51.32662406558004,
                        55.326950869431855,
                        30.64852083631441,
                        38.000947991698254,
                        135.23969722455843,
                        98.64011073353922,
                        324.39067108803835,
                        217.07648892605118
                    ]
                }
            ]
        },
        {
            "year": 2012,
            "series": [
                {
                    "name": "bio-based pharmaceuticals",
                    "data": [
                        148.5208722423069,
                        150.74658585145968,
                        115.51102722862764,
                        244.37170070612544,
                        16.201049164328413,
                        58.01702323441454,
                        51.774193548387096,
                        44.12480217740058,
                        172.00529458033944,
                        26.33228840125392,
                        203.73391512611562,
                        123.39410721559527,
                        131.15750276056386,
                        64.46123274340529,
                        77.01328926498735,
                        806.5415281145598,
                        124.91678480094885,
                        35.69131832797427,
                        258.2777413518308,
                        42.26605584774149,
                        61.85987546828496,
                        26.788692193262623,
                        38.000230878949644,
                        135.23969722455843,
                        112.22933359622769,
                        322.84120396429716,
                        217.7811662090861
                    ]
                }
            ]
        },
        {
            "year": 2013,
            "series": [
                {
                    "name": "bio-based pharmaceuticals",