{
    "categories": [
        "EU27*",
        "EU28",
        "Austria",
        "Belgium",
        "Bulgaria",
        "Croatia",
        "Cyprus",
        "Czechia",
        "Denmark",
        "Estonia",
        "Finland",
        "France",
        "Germany",
        "Greece",
        "Hungary",
        "Ireland",
        "Italy",
        "Latvia",
        "Lithuania",
        "Luxembourg",
        "Malta",
        "Netherlands",
        "Poland",
        "Portugal",
        "Romania",
        "Slovakia",
        "Slovenia",
        "Spain",
        "Sweden",
        "United Kingdom"
    ],
    "data": [
        {
            "year": 2008,
            "series": [
                {
                    "name": "rubber and bio-based plastics",
                    "data": [
                        54.308152616214855,
                        55.809385911285574,
                        74.34720624192207,
                        66.07325904085549,
                        6.089789775437633,
                        17.908942534414408,
                        36.416656335720646,
                        81.42687001835753,
                        71.29584133652877,
                        17.92873676525568,
                        107.7645975283297,
                        57.013120716503046,
                        63.41402032887984,
                        35.870203250661866,
                        27.21838043054379,
                        51.486098619575564,
                        51.52229485539549,
                        13.213088252804491,
                        12.879828978244447,
                        61.17021276595745,
                        47.215059648416116,
                        34.230451186646924,
                        30.569890770758253,
                        69.08784521556944,
                        18.237783795541468,
                        34.245178239329206,
                        39.32124007916504,
                        63.81450062836992,
                        45.6204973753263,
                        77.10790058723231
                    ]
                }
            ]
        },
        {
            "year": 2009,
            "series": [
                {
                    "name": "rubber and bio-based plastics",
                    "data": [
                        51.771446131494045,
                        51.57921441093566,
                        60.56162725346859,
                        65.5890457613878,
                        6.735387851495826,
                        16.161792076223108,
                        39.61428385437628,
                        81.42018697830636,
                        77.88301870777636,
                        18.741309866169978,
                        108.59673950566015,
                        57.01834271035354,
                        53.76397670418746,
                        36.36851294166325,
                        32.120472432987015,
                        42.68014582001904,
                        48.8571555501943,
                        9.506741616188435,
                        9.463842000728198,
                        61.170212765957444,
                        23.88116136585144,
                        36.435910702314345,
                        29.70036270587913,
                        78.86800493472552,
                        25.43118484125897,
                        34.594452400820074,
                        37.942286975591294,
                        62.021927398423976,
                        38.40009816519978,
                        51.02517060456954
                    ]
                }
            ]
        },
        {
            "year": 2010,
            "series": [
                {
                    "name": "rubber and bio-based plastics",
                    "data": [
                        61.99039367904411,
                        61.69397251619599,
                        69.29675241812282,
                        81.43769748833465,
                        7.936513141054879,
                        16.719367357058786,
                        38.38669428622506,
                        81.4645092533227,
                        78.85324623704906,
                        19.659911640957276,
                        109.8785472184374,
                        63.41303914863392,
                        68.027538540393,
                        38.13147279017336,
                        48.43860207523675,
                        49.84661239674092,
                        65.82851050126835,
                        14.94264298149178,
                        12.51488983978786,
                        90.98143236074269,
                        34.340847170571735,
                        42.648784820560174,
                        33.08779373024732,
                        101.44347116363019,
                        32.67755164093441,
                        41.915612586110655,
                        49.38671511181016,
                        77.20270070890065,
                        51.37323285046271,
                        62.030846540334224
                    ]
                }
            ]
        },
        {
            "year": 2011,
            "series": [
                {
                    "name": "rubber and bio-based plastics",
                    "data": [
                        66.0464150900454,
                        65.92328085056072,
                        75.09613818900684,
                        86.21958019167269,
                        9.118785541497925,
                        16.812700016761166,
                        37.494063835806436,
                        81.43496362501855,
                        75.45694505264227,
                        19.92431588017002,
                        110.40942959724329,
                        66.94139084840587,
                        74.62285653366204,
                        39.87006514942824,
                        62.57347585045577,
                        48.17002946554878,
                        77.64997131400253,
                        16.265883059096918,
                        11.4623796036829,
                        71.10552763819095,
                        49.70409751361115,
                        40.510116059624096,
                        33.40040463827416,
                        108.67983548289726,
                        27.957117911680413,
                        56.31503347356672,
                        36.1589382226539,
                        77.5098204257557,
                        55.78805011078791,
                        69.95253052085312
                    ]
                }
            ]
        },
        {
            "year": 2012,
            "series": [
                {
                    "name": "rubber and bio-based plastics",