{
    "type": "C10",
    "range_thresholds": [
        6.2162404464665935,
        16.5891420986291,
        16.644230007805692,
        21.104072826524245,
        21.10684013404297,
        33.503331624807785,
        36.229290694031015,
        49.62177464265825,
        49.945574084556114,
        61.5379234361064,
        62.48001953913752,
        184.0527548974613
    ],
    "series": [
        {
            "year": 2008,
            "data": {
                "AT": 49.04650043042443,
                "BE": 60.142320750050594,
                "BG": 6.379431870308008,
                "HR": 17.50394730140405,
                "CY": 27.12015711480093,
                "CZ": 18.641895030190433,
                "DK": 63.4208920665217,
                "EE": 16.413588530263436,
                "FI": 54.052914218236005,
                "FR": 45.09920221990982,
                "DE": 36.85208637765871,
                "EL": 32.340626096106625,
                "HU": 15.98383398423185,
                "IE": 120.94389981009084,
                "IT": 42.3060424377251,
                "LV": 12.454505750473142,
                "LT": 10.140099484324374,
                "LU": 40.80421885299934,
                "NL": 67.56423484409996,
                "PL": 18.791820228940647,
                "PT": 21.535022354694487,
                "RO": 9.774801009512716,
                "SK": 14.125148279952553,
                "SI": 23.386541471048517,
                "ES": 47.02423315066544,
                "SE": 48.609320316817104,
                "UK": 60.3736500679436
            }
        },
        {
            "year": 2009,
            "data": {
                "AT": 48.30617370480696,
                "BE": 64.95717531900019,
                "BG": 6.2162404464665935,
                "HR": 17.53846682236571,
                "CY": 29.47992216522201,
                "CZ": 19.15382216468053,
                "DK": 66.94135445403577,
                "EE": 17.067833698030633,
                "FI": 56.271766891107504,
                "FR": 46.40981616371835,
                "DE": 39.58187382471147,
                "EL": 41.08152033391201,
                "HU": 17.059800664451828,
                "IE": 121.15890236119974,
                "IT": 45.29257414759905,
                "LV": 11.162870945479641,
                "LT": 12.618609965721099,
                "LU": 40.80421885299934,
                "NL": 66.45709052204263,
                "PL": 16.949708363581742,
                "PT": 22.480483165105664,
                "RO": 8.856197175484017,
                "SK": 16.087155065562005,
                "SI": 23.400572531788825,
                "ES": 45.750043992207964,
                "SE": 47.28377843208154,
                "UK": 56.21122528776633
            }
        },
        {
            "year": 2010,
            "data": {
                "AT": 49.945574084556114,
                "BE": 65.00011686884979,
                "BG": 7.119619191123593,
                "HR": 17.166131733184482,
                "CY": 29.40496308814373,
                "CZ": 18.777458108160648,
                "DK": 72.96821442619266,
                "EE": 16.820313763545204,
                "FI": 56.59248067871463,
                "FR": 47.81425598335068,
                "DE": 37.01448992511079,
                "EL": 39.273339978166966,
                "HU": 16.5891420986291,
                "IE": 140.46276992767608,
                "IT": 48.441380361087845,
                "LV": 11.815748575375586,
                "LT": 11.81013470173188,
                "LU": 41.2793373216751,
                "NL": 74.96450779998173,
                "PL": 18.26515562166728,
                "PT": 22.294295175420213,
                "RO": 9.086333055050828,
                "SK": 15.906595613635757,
                "SI": 25.990200081665982,
                "ES": 48.175843253968246,
                "SE": 53.17156021928497,
                "UK": 58.42628509639864
            }
        },
        {
            "year": 2011,
            "data": {
                "AT": 51.28859588991147,
                "BE": 63.6414605087953,
                "BG": 7.502569373072971,
                "HR": 17.424175200099384,
                "CY": 26.63572257431045,
                "CZ": 20.10386497553181,
                "DK": 61.44640308070246,
                "EE": 17.1847739888977,
                "FI": 56.06060606060606,
                "FR": 49.62177464265825,
                "DE": 36.229290694031015,
                "EL": 38.26079341448464,
                "HU": 16.644230007805692,
                "IE": 154.3365224625624,
                "IT": 47.163711648010256,
                "LV": 10.86363045456515,
                "LT": 13.701979348193614,
                "LU": 42.72480795300497,
                "NL": 74.37211426251966,
                "PL": 19.411096774193553,
                "PT": 21.474478143092366,
                "RO": 9.137068096333461,
                "SK": 19.09444006844664,
                "SI": 27.073895809739522,
                "ES": 50.27223801021049,
                "SE": 56.7113924476843,
                "UK": 58.53669555327014
            }
        },
        {
            "year": 2012,
            "data": {
                "AT": 50.32279165007679,
                "BE": 66.26511677008435,
                "BG": 8.037957366365694,
                "HR": 16.27659574468085,
                "CY": 26.51707848837209,
                "CZ": 18.83523262618148,
                "DK": 64.02614817298021,
                "EE": 19.35128326247835,
                "FI": 59.77536481672987,
                "FR": 51.00561318072518,
                "DE": 36.37309756495678,
                "EL": 36.98485157604814,
                "HU": 15.973717383786438,
                "IE": 153.24868739903067,
                "IT": 47.410174549921074,
                "LV": 12.256669069935109,
                "LT": 13.664918747728569,
                "LU": 42.98412698412699,
                "NL": 75.21067533381361,
                "PL": 20.213717363641475,
                "PT": 21.10055423594616,
                "RO": 8.756062871521825,
                "SK": 17.327047663118925,
                "SI": 25.45811977813663,
                "ES": 48.03309656461999,
                "SE": 57.12233204659939,
                "UK": 64.30321938489591
            }
        },
        {
            "year": 2013,
            "data": {
                "AT": 51.94221508828251,
                "BE": 69.33165166006846,
                "BG": 8.159655176709478,
                "HR": 16.2531863713065,
                "CY": 26.36319612590799,
                "CZ": 19.02839771028845,
                "DK": 65.36161706674021,
                "EE": 20.37568889233874,
                "FI": 60.337198229989355,
                "FR": 51.54400388505857,
                "DE": 38.51439080413628,
                "EL": 33.503331624807785,
                "HU": 16.936551012626992,
                "IE": 179.75621890547265,
                "IT": 48.909113101322795,
                "LV": 13.319293419865042,
                "LT": 14.614218545258346,
                "LU": 40.686471296668,
                "NL": 80.62248407803229,
                "PL": 21.104072826524245,
                "PT": 22.40188685663745,
                "RO": 8.547931499411266,
                "SK": 17.09618537883241,
                "SI": 25.296332450146426,
                "ES": 48.688963275477505,
                "SE": 61.5379234361064,
                "UK": 63.04232085619602
            }
        },
        {
            "year": 2014,
            "data": {
                "AT": 52.57207921597333,
                "BE": 73.53041434028798,
                "BG": 8.687610968632868,
                "HR": 16.23575201556853,
                "CY": 27.37462006079027,
                "CZ": 18.716257357418307,
                "DK": 66.26587082528293,
                "EE": 23.20728187671132,