{
    "type": "C11",
    "range_thresholds": [
        12.423124231242314,
        31.622152850040468,
        31.63485776017284,
        46.52519893899204,
        46.61558109833973,
        55.98562796015026,
        58.08923705722071,
        99.4685832006742,
        99.97764363961548,
        136.57283950617284,
        136.9958108916816,
        285.2492370295016
    ],
    "series": [
        {
            "year": 2008,
            "data": {
                "AT": 102.89697233718144,
                "BE": 114.55630268017805,
                "BG": 12.423124231242314,
                "HR": 30.128874956461164,
                "CY": 42.0997375328084,
                "CZ": 47.563818295525614,
                "DK": 76.87687687687688,
                "EE": 33.12977099236641,
                "FI": 80.00480653689017,
                "FR": 106.44235626957665,
                "DE": 63.69521187169881,
                "EL": 95.2559424006312,
                "HU": 31.65287013163252,
                "IE": 190.98196392785567,
                "IT": 75.08686105011535,
                "LV": 25.147653092943735,
                "LT": 30.06369426751592,
                "LU": 93.76181474480153,
                "MT": 45.21651560926485,
                "NL": 136.9958108916816,
                "PL": 63.691683569979716,
                "PT": 44.906472006778344,
                "RO": 24.569738539470787,
                "SK": 25.36059597400539,
                "SI": 51.122994652406405,
                "ES": 87.8874966471242,
                "SE": 74.77724468814257,
                "UK": 147.6215471425759
            }
        },
        {
            "year": 2009,
            "data": {
                "AT": 120.36610764003069,
                "BE": 135.90954773869342,
                "BG": 12.79467562356161,
                "HR": 31.622152850040468,
                "CY": 46.701298701298704,
                "CZ": 47.68187870717831,
                "DK": 100.046783625731,
                "EE": 37.171837708830544,
                "FI": 98.92911779704235,
                "FR": 101.18419723148428,
                "DE": 63.9966696622086,
                "EL": 100.95031990967257,
                "HU": 26.281133695963355,
                "IE": 137.73028739867357,
                "IT": 75.08686105011535,
                "LV": 21.11111111111111,
                "LT": 28.931261770244824,
                "LU": 103.43511450381679,
                "MT": 45.21651560926485,
                "NL": 166.21562636403317,
                "PL": 66.49687808084127,
                "PT": 47.9860969126968,
                "RO": 23.96688022179761,
                "SK": 26.008750607681087,
                "SI": 50.497512437810954,
                "ES": 95.6194288544074,
                "SE": 78.70921218676763,
                "UK": 152.72542142776334
            }
        },
        {
            "year": 2010,
            "data": {
                "AT": 139.5308046481035,
                "BE": 133.41207888249795,
                "BG": 13.593943744697516,
                "HR": 31.82387074752532,
                "CY": 46.52519893899204,
                "CZ": 48.59379893517068,
                "DK": 112.36722306525036,
                "EE": 37.183646982478905,
                "FI": 103.80877331231943,
                "FR": 107.91148832979692,
                "DE": 66.02341894805798,
                "EL": 84.23967317294598,
                "HU": 26.723302779640807,
                "IE": 285.2492370295016,
                "IT": 100.65430752453652,
                "LV": 23.42038753159225,
                "LT": 25.320855614973265,
                "LU": 107.64587525150905,
                "MT": 51.19726339794755,
                "NL": 173.4570628958609,
                "PL": 60.20156692536874,
                "PT": 49.41209019228109,
                "RO": 31.35437577414257,
                "SK": 27.621483375959077,
                "SI": 46.80738786279683,
                "ES": 91.14706305048556,
                "SE": 104.86905201032829,
                "UK": 152.72542142776334
            }
        },
        {
            "year": 2011,
            "data": {
                "AT": 139.27378035197148,
                "BE": 129.8737325425675,
                "BG": 13.121801432958035,
                "HR": 33.795013850415515,
                "CY": 44.93783303730017,
                "CZ": 50.60902952469218,
                "DK": 90.71764465344509,
                "EE": 42.80387770320656,
                "FI": 106.03310197544049,
                "FR": 129.65010877447426,
                "DE": 69.04045849174375,
                "EL": 77.83221677832215,
                "HU": 27.63196267133275,
                "IE": 248.68518063406242,
                "IT": 111.67010424215395,
                "LV": 14.980956411341515,
                "LT": 25.22831050228311,
                "LU": 112.29166666666669,
                "MT": 51.19726339794755,
                "NL": 185.00213644779944,
                "PL": 55.15380065069507,
                "PT": 46.13484646194927,
                "RO": 22.058362096015067,
                "SK": 31.33707255292201,
                "SI": 50.67055393586006,
                "ES": 95.34518828451885,
                "SE": 104.04894727370883,
                "UK": 146.87408077836858
            }
        },
        {
            "year": 2012,
            "data": {
                "AT": 175.2184976214183,
                "BE": 136.57283950617284,
                "BG": 14.342861299003566,
                "HR": 32.702084392475854,
                "CY": 44.809461235216816,
                "CZ": 55.732313062156,
                "DK": 91.23146357188914,
                "EE": 42.46861924686193,
                "FI": 99.26829268292684,
                "FR": 119.36588385499284,
                "DE": 69.59714764623996,
                "EL": 63.717757407802175,
                "HU": 23.94451603122868,
                "IE": 265.67274519467713,
                "IT": 95.54070677700741,
                "LV": 17.436974789915972,
                "LT": 28.334838903944593,
                "LU": 111.65254237288136,
                "MT": 51.19726339794755,
                "NL": 192.3560209424084,
                "PL": 43.95929983236521,
                "PT": 45.28846153846153,
                "RO": 23.30801929598319,
                "SK": 31.89607517965727,
                "SI": 50.54347826086956,
                "ES": 86.30847378376656,
                "SE": 107.62558727864113,
                "UK": 146.87408077836858
            }
        },
        {
            "year": 2013,
            "data": {
                "AT": 149.64570914407832,
                "BE": 144.77188173095752,
                "BG": 14.44310185514251,
                "HR": 39.414133000138825,
                "CY": 46.22781065088758,
                "CZ": 49.96260792711946,
                "DK": 99.97764363961548,
                "EE": 44.88559892328399,
                "FI": 100.54525627044713,
                "FR": 89.73878478137422,
                "DE": 71.8409756374904,
                "EL": 48.67434836111421,
                "HU": 26.27034461679529,
                "IE": 272.0048899755501,
                "IT": 92.6633279574456,
                "LV": 20.955574182732608,
                "LT": 28.06361085126286,
                "LU": 112.0,
                "MT": 49.66814159292035,
                "NL": 197.12426214620857,
                "PL": 47.538723542291784,
                "PT": 47.296457426973284,
                "RO": 28.31996109895453,
                "SK": 32.10002032933523,
                "SI": 46.18618618618619,
                "ES": 86.70962633882428,
                "SE": 109.9323543969642,
                "UK": 146.87408077836858
            }
        },
        {
            "year": 2014,
            "data": {
                "AT": 138.14084507042253,
                "BE": 153.88463501786626,