{
    "categories": [
        "EU27*",
        "EU28",
        "Austria",
        "Belgium",
        "Bulgaria",
        "Croatia",
        "Cyprus",
        "Czechia",
        "Denmark",
        "Estonia",
        "Finland",
        "France",
        "Germany",
        "Greece",
        "Hungary",
        "Ireland",
        "Italy",
        "Latvia",
        "Lithuania",
        "Luxembourg",
        "Malta",
        "Poland",
        "Portugal",
        "Romania",
        "Slovakia",
        "Slovenia",
        "Spain",
        "Sweden",
        "United Kingdom"
    ],
    "data": [
        {
            "year": 2008,
            "series": [
                {
                    "name": "bio-based textile",
                    "data": [
                        27.967583741373467,
                        29.096361603482595,
                        43.39473177275104,
                        42.2097649228094,
                        5.600099210075424,
                        10.934874324789298,
                        23.56361380057059,
                        21.99235232583882,
                        54.9319512439884,
                        14.335020057945766,
                        48.699619292622536,
                        43.100558565453795,
                        44.357310614637655,
                        22.184287501020464,
                        9.892977580202432,
                        38.740067711613065,
                        34.52324002087212,
                        7.014839337894622,
                        9.168646765186367,
                        28.915662650602414,
                        3.0358977772504936,
                        13.115172500021936,
                        14.432422881787467,
                        8.721905111638383,
                        10.407307723369694,
                        20.48628543771852,
                        31.89919977776957,
                        49.874962044389676,
                        39.439149158982225
                    ]
                }
            ]
        },
        {
            "year": 2009,
            "series": [
                {
                    "name": "bio-based textile",
                    "data": [
                        26.70173451151283,
                        27.411311055945124,
                        43.12639186733463,
                        43.30970391928079,
                        4.92624693128502,
                        11.186091034007003,
                        21.443640863380992,
                        22.259196702129792,
                        57.50297661559468,
                        13.80936215262352,
                        43.26743186365209,
                        38.38404776654783,
                        41.24843261371873,
                        21.851944953116664,
                        9.407733966685136,
                        36.120688984465524,
                        32.51425414857173,
                        6.6217251562274715,
                        9.462965641786136,
                        28.915662650602414,
                        2.9193970703475345,
                        11.272189294092595,
                        13.834893380329655,
                        6.9277943026735045,
                        10.492913587256094,
                        17.932749206389467,
                        30.947533119686586,
                        46.49045882546916,
                        33.25430675546186
                    ]
                }
            ]
        },
        {
            "year": 2010,
            "series": [
                {
                    "name": "bio-based textile",
                    "data": [
                        30.89415862675745,
                        31.502628142146502,
                        48.86305608446121,
                        49.496643617158796,
                        5.5914447544140975,
                        12.067616607682659,
                        19.406836721931807,
                        22.30482968075832,
                        59.77447075442571,
                        15.35197163835176,
                        46.29124204189886,
                        44.14100875372391,
                        46.429063213337265,
                        24.55369530634759,
                        10.894707459550862,
                        34.54209916655047,
                        39.92912029032425,
                        6.687924345263863,
                        11.238022396803483,
                        39.99999999999999,
                        1.9937522070756653,
                        12.872100066841039,
                        16.309843790190598,
                        8.383162576453504,
                        12.62021639798254,
                        25.374904976355428,
                        33.78397955753078,
                        54.75166666921111,
                        36.48903221508888
                    ]
                }
            ]
        },
        {
            "year": 2011,
            "series": [
                {
                    "name": "bio-based textile",
                    "data": [
                        34.21540575148274,
                        34.56911608449731,
                        49.48960982070373,
                        48.92760508930781,
                        6.552800318951899,
                        12.668967772790433,
                        20.904315957575342,
                        22.604900051563593,
                        55.69447989897785,
                        16.863328900222026,
                        46.75544604995221,
                        46.501992998752826,
                        48.73054632320277,
                        25.77593791901554,
                        12.00529590228999,
                        33.40857381240269,
                        44.18197470504054,
                        5.237414096711932,
                        13.164981441291369,
                        39.99999999999999,
                        1.942320074642783,
                        13.84525398100672,
                        15.345952761487167,
                        8.538843125212514,
                        12.401040109801414,
                        29.29400823777945,
                        34.54048166003925,
                        58.265247599235934,
                        37.957496600375855
                    ]
                }
            ]
        },
        {
            "year": 2012,
            "series": [
                {
                    "name": "bio-based textile",