{
    "type": "bC13",
    "range_thresholds": [
        1.8407745056186573,
        10.492913587256094,
        10.74981262196914,
        15.35197163835176,
        15.576118219089935,
        23.21797193619783,
        23.56361380057059,
        40.33633067558082,
        40.54442404578752,
        51.995763286727474,
        52.22988796359089,
        80.17987552244803
    ],
    "series": [
        {
            "year": 2008,
            "data": {
                "AT": 43.39473177275104,
                "BE": 42.2097649228094,
                "BG": 5.600099210075424,
                "HR": 10.934874324789298,
                "CY": 23.56361380057059,
                "CZ": 21.99235232583882,
                "DK": 54.9319512439884,
                "EE": 14.335020057945766,
                "FI": 48.699619292622536,
                "FR": 43.100558565453795,
                "DE": 44.357310614637655,
                "EL": 22.184287501020464,
                "HU": 9.892977580202432,
                "IE": 38.740067711613065,
                "IT": 34.52324002087212,
                "LV": 7.014839337894622,
                "LT": 9.168646765186367,
                "LU": 28.915662650602414,
                "MT": 3.0358977772504936,
                "PL": 13.115172500021936,
                "PT": 14.432422881787467,
                "RO": 8.721905111638383,
                "SK": 10.407307723369694,
                "SI": 20.48628543771852,
                "ES": 31.89919977776957,
                "SE": 49.874962044389676,
                "UK": 39.439149158982225
            }
        },
        {
            "year": 2009,
            "data": {
                "AT": 43.12639186733463,
                "BE": 43.30970391928079,
                "BG": 4.92624693128502,
                "HR": 11.186091034007003,
                "CY": 21.443640863380992,
                "CZ": 22.259196702129792,
                "DK": 57.50297661559468,
                "EE": 13.80936215262352,
                "FI": 43.26743186365209,
                "FR": 38.38404776654783,
                "DE": 41.24843261371873,
                "EL": 21.851944953116664,
                "HU": 9.407733966685136,
                "IE": 36.120688984465524,
                "IT": 32.51425414857173,
                "LV": 6.6217251562274715,
                "LT": 9.462965641786136,
                "LU": 28.915662650602414,
                "MT": 2.9193970703475345,
                "PL": 11.272189294092595,
                "PT": 13.834893380329655,
                "RO": 6.9277943026735045,
                "SK": 10.492913587256094,
                "SI": 17.932749206389467,
                "ES": 30.947533119686586,
                "SE": 46.49045882546916,
                "UK": 33.25430675546186
            }
        },
        {
            "year": 2010,
            "data": {
                "AT": 48.86305608446121,
                "BE": 49.496643617158796,
                "BG": 5.5914447544140975,
                "HR": 12.067616607682659,
                "CY": 19.406836721931807,
                "CZ": 22.30482968075832,
                "DK": 59.77447075442571,
                "EE": 15.35197163835176,
                "FI": 46.29124204189886,
                "FR": 44.14100875372391,
                "DE": 46.429063213337265,
                "EL": 24.55369530634759,
                "HU": 10.894707459550862,
                "IE": 34.54209916655047,
                "IT": 39.92912029032425,
                "LV": 6.687924345263863,
                "LT": 11.238022396803483,
                "LU": 39.99999999999999,
                "MT": 1.9937522070756653,
                "PL": 12.872100066841039,
                "PT": 16.309843790190598,
                "RO": 8.383162576453504,
                "SK": 12.62021639798254,
                "SI": 25.374904976355428,
                "ES": 33.78397955753078,
                "SE": 54.75166666921111,
                "UK": 36.48903221508888
            }
        },
        {
            "year": 2011,
            "data": {
                "AT": 49.48960982070373,
                "BE": 48.92760508930781,
                "BG": 6.552800318951899,
                "HR": 12.668967772790433,
                "CY": 20.904315957575342,
                "CZ": 22.604900051563593,
                "DK": 55.69447989897785,
                "EE": 16.863328900222026,
                "FI": 46.75544604995221,
                "FR": 46.501992998752826,
                "DE": 48.73054632320277,
                "EL": 25.77593791901554,
                "HU": 12.00529590228999,
                "IE": 33.40857381240269,
                "IT": 44.18197470504054,
                "LV": 5.237414096711932,
                "LT": 13.164981441291369,
                "LU": 39.99999999999999,
                "MT": 1.942320074642783,
                "PL": 13.84525398100672,
                "PT": 15.345952761487167,
                "RO": 8.538843125212514,
                "SK": 12.401040109801414,
                "SI": 29.29400823777945,
                "ES": 34.54048166003925,
                "SE": 58.265247599235934,
                "UK": 37.957496600375855
            }
        },
        {
            "year": 2012,
            "data": {
                "AT": 49.00026419492307,
                "BE": 50.60596823009699,
                "BG": 6.536530601672675,
                "HR": 12.107107255099866,
                "CY": 18.333986395110788,
                "CZ": 22.74066219349019,
                "DK": 57.04913222350548,
                "EE": 17.72547324305734,
                "FI": 49.01750730411553,
                "FR": 43.6475868347449,
                "DE": 48.11193041178628,
                "EL": 23.895602365967132,
                "HU": 10.74981262196914,
                "IE": 33.48946302557934,
                "IT": 40.33633067558082,
                "LV": 7.925147246414412,
                "LT": 12.562535145363588,
                "LU": 39.99999999999999,
                "MT": 1.9317385283096915,
                "PL": 13.689169493972914,
                "PT": 15.576118219089935,
                "RO": 8.736034554348496,
                "SK": 11.126598231823962,
                "SI": 29.618028104300553,
                "ES": 34.663068955199854,
                "SE": 62.54668517964099,
                "UK": 46.69594454609237
            }
        },
        {
            "year": 2013,
            "data": {
                "AT": 51.713622365696594,
                "BE": 51.995763286727474,
                "BG": 7.349470726004081,
                "HR": 13.391089772674404,
                "CY": 14.245663620566411,
                "CZ": 22.757821854522014,
                "DK": 60.617879707422865,
                "EE": 17.980599509449306,
                "FI": 49.077968138617784,
                "FR": 47.08859504892876,
                "DE": 48.422622915704004,
                "EL": 17.832535988933238,
                "HU": 11.784421931496937,
                "IE": 38.809436171837355,
                "IT": 43.477236015107096,
                "LV": 8.44774365978421,
                "LT": 12.618132162196794,
                "LU": 40.0,
                "MT": 1.9086174763756272,
                "PL": 14.110320646864755,
                "PT": 16.866318057039294,
                "RO": 9.684754612787538,
                "SK": 12.030891057120357,
                "SI": 32.06997662438102,
                "ES": 37.74604706325027,
                "SE": 63.31127009170564,
                "UK": 41.98202167295165
            }
        },
        {
            "year": 2014,
            "data": {
                "AT": 56.93338734755,
                "BE": 58.44386287266325,
                "BG": 7.559261048855014,
                "HR": 14.178020802818814,
                "CY": 17.230741199642857,
                "CZ": 22.87208714482432,
                "DK": 63.83358493571842,
                "EE": 18.825070596762988,