{
    "type": "A03",
    "range_thresholds": [
        2.553191489361702,
        13.6,
        13.910256410256409,
        22.173913043478255,
        22.301534356237493,
        35.27777777777778,
        35.34265734265734,
        48.43983402489626,
        49.003690036900366,
        74.0,
        76.47058823529412,
        233.125
    ],
    "series": [
        {
            "year": 2008,
            "data": {
                "AT": 33.333333333333336,
                "BE": 69.16666666666667,
                "BG": 9.25925925925926,
                "HR": 8.509840674789128,
                "CY": 55.098039215686285,
                "CZ": 17.169811320754718,
                "DK": 82.83333333333333,
                "EE": 21.127819548872186,
                "FI": 55.78947368421053,
                "FR": 39.55555555555555,
                "DE": 41.4,
                "EL": 31.12240388864339,
                "HU": 5.412186379928316,
                "IE": 28.85844748858448,
                "IT": 44.11439114391144,
                "LV": 18.93258426966292,
                "LT": 6.340694006309148,
                "MT": 13.18181818181818,
                "NL": 114.33333333333331,
                "PL": 7.507936507936507,
                "PT": 18.02738021157436,
                "RO": 2.553191489361702,
                "SK": 51.11111111111111,
                "SI": 11.73913043478261,
                "ES": 18.164794007490638,
                "SE": 74.0,
                "UK": 55.750452079566
            }
        },
        {
            "year": 2009,
            "data": {
                "AT": 36.470588235294116,
                "BE": 77.4,
                "BG": 9.207920792079207,
                "HR": 8.065395095367847,
                "CY": 53.07692307692307,
                "CZ": 17.889908256880734,
                "DK": 61.3,
                "EE": 24.022988505747122,
                "FI": 56.31578947368421,
                "FR": 38.22222222222222,
                "DE": 33.6,
                "EL": 32.39190432382705,
                "HU": 9.246575342465754,
                "IE": 41.601941747572816,
                "IT": 46.94827586206896,
                "LV": 33.360655737704924,
                "LT": 8.493150684931509,
                "MT": 21.64383561643836,
                "NL": 88.0,
                "PL": 8.943396226415095,
                "PT": 16.81443951868271,
                "RO": 9.192307692307693,
                "SK": 13.999999999999998,
                "SI": 17.083333333333332,
                "ES": 23.443983402489625,
                "SE": 34.4,
                "UK": 48.43983402489626
            }
        },
        {
            "year": 2010,
            "data": {
                "AT": 46.89655172413793,
                "BE": 85.6,
                "BG": 8.679245283018867,
                "HR": 6.9020300088261255,
                "CY": 29.411764705882355,
                "CZ": 13.55072463768116,
                "DK": 85.63333333333333,
                "EE": 25.10416666666667,
                "FI": 67.05882352941177,
                "FR": 41.0,
                "DE": 41.8,
                "EL": 35.89825847846013,
                "HU": 8.531073446327683,
                "IE": 31.30536130536131,
                "IT": 49.82608695652174,
                "LV": 21.9672131147541,
                "LT": 6.375000000000001,
                "MT": 29.027777777777782,
                "NL": 97.66666666666669,
                "PL": 11.872340425531911,
                "PT": 18.24789097988319,
                "RO": 11.966666666666665,
                "SK": 6.25,
                "SI": 17.2,
                "ES": 24.39130434782609,
                "SE": 49.3,
                "UK": 62.559726962457354
            }
        },
        {
            "year": 2011,
            "data": {
                "AT": 54.0,
                "BE": 91.0,
                "BG": 10.084745762711863,
                "HR": 8.09865470852018,
                "CY": 52.18181818181818,
                "CZ": 18.55345911949685,
                "DK": 85.76666666666667,
                "EE": 30.000000000000004,
                "FI": 68.8888888888889,
                "FR": 43.941176470588225,
                "DE": 44.2,
                "EL": 36.295761078998076,
                "HU": 9.1156462585034,
                "IE": 46.88356164383562,
                "IT": 47.61594202898551,
                "LV": 26.759259259259252,
                "LT": 13.503649635036494,
                "MT": 25.714285714285715,
                "NL": 91.0,
                "PL": 12.925,
                "PT": 18.444730077120823,
                "RO": 30.5,
                "SK": 8.823529411764708,
                "SI": 17.083333333333332,
                "ES": 27.7027027027027,
                "SE": 121.2,
                "UK": 71.34246575342465
            }
        },
        {
            "year": 2012,
            "data": {
                "AT": 62.81250000000001,
                "BE": 82.4,
                "BG": 10.15625,
                "HR": 10.942350332594238,
                "CY": 43.33333333333333,
                "CZ": 17.114093959731544,
                "DK": 86.86666666666667,
                "EE": 24.666666666666664,
                "FI": 62.77777777777778,
                "FR": 36.70588235294118,
                "DE": 42.4,
                "EL": 33.78706854642684,
                "HU": 8.482758620689657,
                "IE": 56.40926640926641,
                "IT": 39.55035971223021,
                "LV": 21.95121951219512,
                "LT": 16.51376146788991,
                "MT": 31.216216216216218,
                "NL": 92.0,
                "PL": 8.75,
                "PT": 18.712998712998715,
                "RO": 17.894736842105264,
                "SK": 11.764705882352938,
                "SI": 17.5,
                "ES": 28.116591928251122,
                "SE": 107.2,
                "UK": 86.38578680203045
            }
        },
        {
            "year": 2013,
            "data": {
                "AT": 67.27272727272728,
                "BE": 107.25,
                "BG": 11.71875,
                "HR": 13.3117723156533,
                "CY": 47.966101694915245,
                "CZ": 13.910256410256409,
                "DK": 134.7,
                "EE": 27.964601769911503,
                "FI": 70.0,
                "FR": 35.27777777777778,
                "DE": 43.4,
                "EL": 31.612595419847327,
                "HU": 13.10344827586207,
                "IE": 36.190476190476204,
                "IT": 34.18382352941177,
                "LV": 23.000000000000004,
                "LT": 22.93577981651376,
                "MT": 23.866666666666664,
                "NL": 74.0,
                "PL": 6.655172413793102,
                "PT": 18.007614213197968,
                "RO": 38.0,
                "SK": 60.00000000000001,
                "SI": 20.8695652173913,
                "ES": 28.036529680365295,
                "SE": 113.3,
                "UK": 59.7553275453828
            }
        },
        {
            "year": 2014,
            "data": {
                "AT": 70.3225806451613,
                "BE": 121.75,
                "BG": 17.96875,
                "HR": 15.171428571428573,
                "CY": 51.509433962264154,
                "CZ": 15.23489932885906,
                "DK": 129.3,
                "EE": 32.1505376344086,
                "FI": 70.58823529411767,
                "FR": 38.944444444444436,
                "DE": 45.6,
                "EL": 31.672862453531604,
                "HU": 12.377049180327866,
                "IE": 41.4792899408284,
                "IT": 33.27106227106227,
                "LV": 19.367088607594933,
                "LT": 24.634146341463413,
                "MT": 38.47222222222222,
                "NL": 78.66666666666666,
                "PL": 9.603174603174603,
                "PT": 17.92563600782779,