{
    "categories": [
        "EU27*",
        "EU28",
        "Austria",
        "Belgium",
        "Bulgaria",
        "Croatia",
        "Cyprus",
        "Czechia",
        "Denmark",
        "Estonia",
        "Finland",
        "France",
        "Germany",
        "Greece",
        "Hungary",
        "Ireland",
        "Italy",
        "Latvia",
        "Lithuania",
        "Luxembourg",
        "Netherlands",
        "Poland",
        "Portugal",
        "Romania",
        "Slovakia",
        "Slovenia",
        "Spain",
        "Sweden",
        "United Kingdom"
    ],
    "data": [
        {
            "year": 2008,
            "series": [
                {
                    "name": "food",
                    "data": [
                        36.368668465338686,
                        38.52068634044218,
                        49.04650043042443,
                        60.142320750050594,
                        6.379431870308008,
                        17.50394730140405,
                        27.12015711480093,
                        18.641895030190433,
                        63.4208920665217,
                        16.413588530263436,
                        54.052914218236005,
                        45.09920221990982,
                        36.85208637765871,
                        32.340626096106625,
                        15.98383398423185,
                        120.94389981009084,
                        42.3060424377251,
                        12.454505750473142,
                        10.140099484324374,
                        40.80421885299934,
                        67.56423484409996,
                        18.791820228940647,
                        21.535022354694487,
                        9.774801009512716,
                        14.125148279952553,
                        23.386541471048517,
                        47.02423315066544,
                        48.609320316817104,
                        60.3736500679436
                    ]
                }
            ]
        },
        {
            "year": 2009,
            "series": [
                {
                    "name": "food",
                    "data": [
                        37.5789060761169,
                        39.25425210810511,
                        48.30617370480696,
                        64.95717531900019,
                        6.2162404464665935,
                        17.53846682236571,
                        29.47992216522201,
                        19.15382216468053,
                        66.94135445403577,
                        17.067833698030633,
                        56.271766891107504,
                        46.40981616371835,
                        39.58187382471147,
                        41.08152033391201,
                        17.059800664451828,
                        121.15890236119974,
                        45.29257414759905,
                        11.162870945479641,
                        12.618609965721099,
                        40.80421885299934,
                        66.45709052204263,
                        16.949708363581742,
                        22.480483165105664,
                        8.856197175484017,
                        16.087155065562005,
                        23.400572531788825,
                        45.750043992207964,
                        47.28377843208154,
                        56.21122528776633
                    ]
                }
            ]
        },
        {
            "year": 2010,
            "series": [
                {
                    "name": "food",
                    "data": [
                        38.645324607757004,
                        40.45885228458861,
                        49.945574084556114,
                        65.00011686884979,
                        7.119619191123593,
                        17.166131733184482,
                        29.40496308814373,
                        18.777458108160648,
                        72.96821442619266,
                        16.820313763545204,
                        56.59248067871463,
                        47.81425598335068,
                        37.01448992511079,
                        39.273339978166966,
                        16.5891420986291,
                        140.46276992767608,
                        48.441380361087845,
                        11.815748575375586,
                        11.81013470173188,
                        41.2793373216751,
                        74.96450779998173,
                        18.26515562166728,
                        22.294295175420213,
                        9.086333055050828,
                        15.906595613635757,
                        25.990200081665982,
                        48.175843253968246,
                        53.17156021928497,
                        58.42628509639864
                    ]
                }
            ]
        },
        {
            "year": 2011,
            "series": [
                {
                    "name": "food",
                    "data": [
                        38.68421052631579,
                        40.92009685230024,
                        51.28859588991147,
                        63.6414605087953,
                        7.502569373072971,
                        17.424175200099384,
                        26.63572257431045,
                        20.10386497553181,
                        61.44640308070246,
                        17.1847739888977,
                        56.06060606060606,
                        49.62177464265825,
                        36.229290694031015,
                        38.26079341448464,
                        16.644230007805692,
                        154.3365224625624,
                        47.163711648010256,
                        10.86363045456515,
                        13.701979348193614,
                        42.72480795300497,
                        74.37211426251966,
                        19.411096774193553,
                        21.474478143092366,
                        9.137068096333461,
                        19.09444006844664,
                        27.073895809739522,
                        50.27223801021049,
                        56.7113924476843,
                        58.53669555327014
                    ]
                }
            ]
        },
        {
            "year": 2012,
            "series": [
                {
                    "name": "food",
                    "data": [
                        39.3048128342246,
                        41.46341463414634,
                        50.32279165007679,
                        66.26511677008435,
                        8.037957366365694,
                        16.27659574468085,
                        26.51707848837209,
                        18.83523262618148,
                        64.02614817298021,
                        19.35128326247835,
                        59.77536481672987,
                        51.00561318072518,
                        36.37309756495678,
                        36.98485157604814,
                        15.973717383786438,
                        153.24868739903067,
                        47.410174549921074,
                        12.256669069935109,
                        13.664918747728569,
                        42.98412698412699,
                        75.21067533381361,
                        20.213717363641475,
                        21.10055423594616,
                        8.756062871521825,
                        17.327047663118925,
                        25.45811977813663,
                        48.03309656461999,
                        57.12233204659939,
                        64.30321938489591
                    ]
                }
            ]
        },
        {
            "year": 2013,