{
    "categories": [
        "EU27*",
        "EU28",
        "Austria",
        "Belgium",
        "Bulgaria",
        "Croatia",
        "Cyprus",
        "Czechia",
        "Denmark",
        "Estonia",
        "Finland",
        "France",
        "Germany",
        "Greece",
        "Hungary",
        "Ireland",
        "Italy",
        "Latvia",
        "Lithuania",
        "Luxembourg",
        "Malta",
        "Netherlands",
        "Poland",
        "Portugal",
        "Romania",
        "Slovakia",
        "Slovenia",
        "Spain",
        "Sweden",
        "United Kingdom"
    ],
    "data": [
        {
            "year": 2008,
            "series": [
                {
                    "name": "wooden furniture",
                    "data": [
                        25.625177602357148,
                        26.88686479538773,
                        38.862047605593354,
                        44.02242159033081,
                        4.401700350122156,
                        12.164598255104876,
                        26.871671699700492,
                        15.810908511392233,
                        54.58874700074738,
                        11.937849632595974,
                        42.61353335711197,
                        37.26942556252186,
                        44.65203136293714,
                        18.496395613506387,
                        9.8322308871845,
                        46.907433774833756,
                        33.67785411622991,
                        7.693755990263133,
                        6.715980584060043,
                        40.476190476190474,
                        13.646042607335836,
                        28.92670052930055,
                        13.9311549952535,
                        11.995346343311976,
                        6.356045104569595,
                        11.574149290436056,
                        17.977010987862382,
                        28.438148963513093,
                        50.92843950569382,
                        44.111350429503524
                    ]
                }
            ]
        },
        {
            "year": 2009,
            "series": [
                {
                    "name": "wooden furniture",
                    "data": [
                        24.641539708725265,
                        24.85243976109735,
                        37.87939490409283,
                        43.19747575969218,
                        4.350942102793178,
                        10.999497435229475,
                        23.54571053777511,
                        15.8660161035621,
                        60.59221139729814,
                        12.835209570664675,
                        33.817299712446065,
                        37.20696569449794,
                        43.02422840699288,
                        19.913986749887734,
                        9.4880586633412,
                        40.550056436478116,
                        32.317112969814616,
                        7.349525993536657,
                        9.388850519478982,
                        37.50000000000001,
                        13.441966183166866,
                        30.633499003519997,
                        12.21681692603708,
                        12.426178495544018,
                        6.485303363380451,
                        12.844368076717766,
                        15.303323227951529,
                        26.74594852908191,
                        41.44596695682448,
                        28.017141550029066
                    ]
                }
            ]
        },
        {
            "year": 2010,
            "series": [
                {
                    "name": "wooden furniture",
                    "data": [
                        25.103564764810734,
                        26.510335004052852,
                        39.14005219322206,
                        44.08790836147422,
                        4.396055952509535,
                        10.93917769509589,
                        22.808630714851898,
                        15.843591183301893,
                        61.73965326939623,
                        13.38099271706052,
                        37.82868595591075,
                        36.22739376196278,
                        44.53606953457871,
                        17.528497245187424,
                        9.929980977755305,
                        45.08914909059144,
                        29.45757500500929,
                        7.281094833455852,
                        10.920302355536034,
                        33.333333333333336,
                        14.684905818548307,
                        33.24410689618746,
                        12.841807228127651,
                        12.819962854529354,
                        6.532838950679794,
                        14.247045383942794,
                        16.990748271369867,
                        26.65077646384423,
                        49.57734360386868,
                        48.883331533502925
                    ]
                }
            ]
        },
        {
            "year": 2011,
            "series": [
                {
                    "name": "wooden furniture",
                    "data": [
                        25.879523906897518,
                        26.606317240058132,
                        41.042833690186,
                        44.161186962641686,
                        4.444456426299079,
                        10.66233594439201,
                        20.270488729665907,
                        15.968028424436413,
                        53.569442388541965,
                        14.765680744200619,
                        38.9696707278495,
                        30.971708126250935,
                        45.05143599063739,
                        13.374542973416442,
                        10.2761394238009,
                        45.96513067216631,
                        35.158568276280974,
                        8.146503578382328,
                        11.880916983996393,
                        43.5897435897436,
                        14.695449953452187,
                        35.157348187967,
                        13.409334197042515,
                        11.778735228042159,
                        6.744924931283332,
                        14.81371852493133,
                        16.495832083275758,
                        25.665238269422854,
                        53.701492831451155,
                        35.715518561095365
                    ]
                }
            ]
        },
        {
            "year": 2012,
            "series": [
                {
                    "name": "wooden furniture",