{
    "type": "bC31",
    "range_thresholds": [
        4.350942102793178,
        11.259674009626806,
        11.305976460427935,
        14.707592467248494,
        14.727680943418768,
        20.340709534479906,
        21.5097924914842,
        37.82868595591075,
        37.87939490409283,
        46.907433774833756,
        47.029392355246614,
        74.02024785841333
    ],
    "series": [
        {
            "year": 2008,
            "data": {
                "AT": 38.862047605593354,
                "BE": 44.02242159033081,
                "BG": 4.401700350122156,
                "HR": 12.164598255104876,
                "CY": 26.871671699700492,
                "CZ": 15.810908511392233,
                "DK": 54.58874700074738,
                "EE": 11.937849632595974,
                "FI": 42.61353335711197,
                "FR": 37.26942556252186,
                "DE": 44.65203136293714,
                "EL": 18.496395613506387,
                "HU": 9.8322308871845,
                "IE": 46.907433774833756,
                "IT": 33.67785411622991,
                "LV": 7.693755990263133,
                "LT": 6.715980584060043,
                "LU": 40.476190476190474,
                "MT": 13.646042607335836,
                "NL": 28.92670052930055,
                "PL": 13.9311549952535,
                "PT": 11.995346343311976,
                "RO": 6.356045104569595,
                "SK": 11.574149290436056,
                "SI": 17.977010987862382,
                "ES": 28.438148963513093,
                "SE": 50.92843950569382,
                "UK": 44.111350429503524
            }
        },
        {
            "year": 2009,
            "data": {
                "AT": 37.87939490409283,
                "BE": 43.19747575969218,
                "BG": 4.350942102793178,
                "HR": 10.999497435229475,
                "CY": 23.54571053777511,
                "CZ": 15.8660161035621,
                "DK": 60.59221139729814,
                "EE": 12.835209570664675,
                "FI": 33.817299712446065,
                "FR": 37.20696569449794,
                "DE": 43.02422840699288,
                "EL": 19.913986749887734,
                "HU": 9.4880586633412,
                "IE": 40.550056436478116,
                "IT": 32.317112969814616,
                "LV": 7.349525993536657,
                "LT": 9.388850519478982,
                "LU": 37.50000000000001,
                "MT": 13.441966183166866,
                "NL": 30.633499003519997,
                "PL": 12.21681692603708,
                "PT": 12.426178495544018,
                "RO": 6.485303363380451,
                "SK": 12.844368076717766,
                "SI": 15.303323227951529,
                "ES": 26.74594852908191,
                "SE": 41.44596695682448,
                "UK": 28.017141550029066
            }
        },
        {
            "year": 2010,
            "data": {
                "AT": 39.14005219322206,
                "BE": 44.08790836147422,
                "BG": 4.396055952509535,
                "HR": 10.93917769509589,
                "CY": 22.808630714851898,
                "CZ": 15.843591183301893,
                "DK": 61.73965326939623,
                "EE": 13.38099271706052,
                "FI": 37.82868595591075,
                "FR": 36.22739376196278,
                "DE": 44.53606953457871,
                "EL": 17.528497245187424,
                "HU": 9.929980977755305,
                "IE": 45.08914909059144,
                "IT": 29.45757500500929,
                "LV": 7.281094833455852,
                "LT": 10.920302355536034,
                "LU": 33.333333333333336,
                "MT": 14.684905818548307,
                "NL": 33.24410689618746,
                "PL": 12.841807228127651,
                "PT": 12.819962854529354,
                "RO": 6.532838950679794,
                "SK": 14.247045383942794,
                "SI": 16.990748271369867,
                "ES": 26.65077646384423,
                "SE": 49.57734360386868,
                "UK": 48.883331533502925
            }
        },
        {
            "year": 2011,
            "data": {
                "AT": 41.042833690186,
                "BE": 44.161186962641686,
                "BG": 4.444456426299079,
                "HR": 10.66233594439201,
                "CY": 20.270488729665907,
                "CZ": 15.968028424436413,
                "DK": 53.569442388541965,
                "EE": 14.765680744200619,
                "FI": 38.9696707278495,
                "FR": 30.971708126250935,
                "DE": 45.05143599063739,
                "EL": 13.374542973416442,
                "HU": 10.2761394238009,
                "IE": 45.96513067216631,
                "IT": 35.158568276280974,
                "LV": 8.146503578382328,
                "LT": 11.880916983996393,
                "LU": 43.5897435897436,
                "MT": 14.695449953452187,
                "NL": 35.157348187967,
                "PL": 13.409334197042515,
                "PT": 11.778735228042159,
                "RO": 6.744924931283332,
                "SK": 14.81371852493133,
                "SI": 16.495832083275758,
                "ES": 25.665238269422854,
                "SE": 53.701492831451155,
                "UK": 35.715518561095365
            }
        },
        {
            "year": 2012,
            "data": {
                "AT": 42.27497266943886,
                "BE": 47.12645233147868,
                "BG": 5.143198968021138,
                "HR": 9.41219796220376,
                "CY": 18.108077213673848,
                "CZ": 15.926572332590645,
                "DK": 53.403017303747816,
                "EE": 14.856198949419873,
                "FI": 40.096955355971716,
                "FR": 37.27353209701373,
                "DE": 47.70384294355837,
                "EL": 13.513206589016823,
                "HU": 9.651213108417828,
                "IE": 50.8614956492544,
                "IT": 33.440702373687074,
                "LV": 8.816710073975038,
                "LT": 12.365566947483304,
                "LU": 43.589743589743584,
                "MT": 14.727680943418768,
                "NL": 34.247128168146546,
                "PL": 12.164099673218875,
                "PT": 11.773984549437964,
                "RO": 6.654171468224543,
                "SK": 13.690487988636972,
                "SI": 18.044738039193586,
                "ES": 27.08443543762733,
                "SE": 55.131258435647155,
                "UK": 37.50099888637666
            }
        },
        {
            "year": 2013,
            "data": {
                "AT": 42.40480856608588,
                "BE": 48.70869130841886,
                "BG": 5.524927031709032,
                "HR": 9.551045188098588,
                "CY": 17.48010365714452,
                "CZ": 15.937299396056087,
                "DK": 56.5227637113663,
                "EE": 15.276358790081918,
                "FI": 38.50219259103549,
                "FR": 37.34469310280471,
                "DE": 44.422400793217285,
                "EL": 11.913059463426265,
                "HU": 10.413093376118928,
                "IE": 52.35420064991955,
                "IT": 35.43503630875837,
                "LV": 9.226311701186793,
                "LT": 11.772798208080811,
                "LU": 43.5897435897436,
                "MT": 14.702665608034664,
                "NL": 30.03216174656204,
                "PL": 14.051293770737898,
                "PT": 13.673834970760453,
                "RO": 7.411959380957345,
                "SK": 14.5476716971155,
                "SI": 17.715652664934847,
                "ES": 25.205006719354127,
                "SE": 57.01561469259576,
                "UK": 38.011312883197704
            }
        },
        {
            "year": 2014,
            "data": {
                "AT": 44.794033544915635,
                "BE": 49.404838425096095,