{
    "type": "bC17",
    "range_thresholds": [
        7.135405227322644,
        22.62096774193548,
        22.914496733263892,
        29.411764705882355,
        29.704119125894408,
        39.187459481024646,
        40.17056994818653,
        63.82150732909586,
        63.93723057272541,
        80.49613333924619,
        80.9561242260062,
        152.95422795628238
    ],
    "series": [
        {
            "year": 2008,
            "data": {
                "AT": 86.65735952886004,
                "BE": 84.19510952623534,
                "BG": 7.135405227322644,
                "HR": 17.497167097655225,
                "CY": 35.29614325068871,
                "CZ": 25.16533715142837,
                "DK": 61.016313519594966,
                "EE": 20.97705403404885,
                "FI": 90.34478342990684,
                "FR": 60.84326036123947,
                "DE": 65.96461660675803,
                "EL": 38.3601756954612,
                "HU": 26.73644756317017,
                "IE": 48.36529902079793,
                "IT": 56.968602141856366,
                "LV": 20.089326405979396,
                "LT": 19.33053065757119,
                "MT": 31.759656652360515,
                "NL": 30.758792878853672,
                "PL": 32.48013870558705,
                "PT": 57.6656570718846,
                "RO": 10.123187047016524,
                "SK": 22.5175133493362,
                "SI": 29.36045785119836,
                "ES": 64.25907789664004,
                "SE": 72.56927516371735,
                "UK": 53.458594183998706
            }
        },
        {
            "year": 2009,
            "data": {
                "AT": 90.06195390861616,
                "BE": 86.90255801227192,
                "BG": 7.866129406307976,
                "HR": 16.092375366568913,
                "CY": 31.229478292593942,
                "CZ": 25.16533715142837,
                "DK": 70.39414253791661,
                "EE": 19.501287437322134,
                "FI": 115.28215636822192,
                "FR": 58.459853073849715,
                "DE": 65.95509115444756,
                "EL": 44.178578827429035,
                "HU": 26.759489927083692,
                "IE": 53.86355374237589,
                "IT": 47.643859556485204,
                "LV": 18.671891548400765,
                "LT": 21.681257816687516,
                "MT": 34.987593052109176,
                "NL": 29.82755676967731,
                "PL": 28.903483200747814,
                "PT": 54.46701710543324,
                "RO": 10.307426462691957,
                "SK": 26.48536422822577,
                "SI": 37.12153912560893,
                "ES": 62.16174384109376,
                "SE": 80.49613333924619,
                "UK": 45.82218685115654
            }
        },
        {
            "year": 2010,
            "data": {
                "AT": 98.80478385262985,
                "BE": 88.30739726660428,
                "BG": 8.086899191149275,
                "HR": 10.727105238080114,
                "CY": 32.35406333460511,
                "CZ": 25.16533715142837,
                "DK": 73.93350304713414,
                "EE": 21.923076923076927,
                "FI": 115.35937376452914,
                "FR": 59.844788540496744,
                "DE": 66.63132559540428,
                "EL": 43.358432049621925,
                "HU": 27.676827666548647,
                "IE": 52.0806824072765,
                "IT": 61.4835988089457,
                "LV": 18.12973194188664,
                "LT": 19.645085803432142,
                "MT": 42.79069767441861,
                "NL": 32.45117300358257,
                "PL": 30.301015174560494,
                "PT": 81.06325616630645,
                "RO": 11.836479299196991,
                "SK": 25.66953919190877,
                "SI": 33.427173403043106,
                "ES": 71.24635421566916,
                "SE": 102.9333304954274,
                "UK": 60.34426378059784
            }
        },
        {
            "year": 2011,
            "data": {
                "AT": 102.63938649661628,
                "BE": 86.30707251566696,
                "BG": 8.475990197952692,
                "HR": 15.32768893069928,
                "CY": 31.39125025917479,
                "CZ": 25.16533715142837,
                "DK": 63.32454938336669,
                "EE": 22.27427597955707,
                "FI": 115.6644630062151,
                "FR": 59.75233413396387,
                "DE": 66.09188396579748,
                "EL": 37.39523543455071,
                "HU": 28.357002249718786,
                "IE": 46.78569763647382,
                "IT": 63.71437263679429,
                "LV": 19.918481175587253,
                "LT": 21.711795109156828,
                "MT": 42.79069767441862,
                "NL": 33.709787816563995,
                "PL": 33.252752346737736,
                "PT": 73.00064894354193,
                "RO": 13.408996273795927,
                "SK": 25.106074440088086,
                "SI": 34.74793506123612,
                "ES": 72.42831329188805,
                "SE": 106.02672513533977,
                "UK": 68.90141322291257
            }
        },
        {
            "year": 2012,
            "data": {
                "AT": 100.40030115766795,
                "BE": 90.8089162035314,
                "BG": 9.714186430370953,
                "HR": 16.63985148514851,
                "CY": 32.31173380035026,
                "CZ": 25.16533715142837,
                "DK": 59.42469141158861,
                "EE": 26.066282420749282,
                "FI": 116.741278824225,
                "FR": 60.475546657653204,
                "DE": 67.28463122836233,
                "EL": 36.66884749147757,
                "HU": 28.59626145969759,
                "IE": 48.810345621059405,
                "IT": 62.36526649844859,
                "LV": 23.529411764705877,
                "LT": 22.62096774193548,
                "MT": 42.79069767441861,
                "NL": 34.94438944855297,
                "PL": 33.90071654630316,
                "PT": 74.97133027522936,
                "RO": 13.99567503305218,
                "SK": 25.857780792493358,
                "SI": 34.475216087493386,
                "ES": 72.66607562863048,
                "SE": 100.87025661133622,
                "UK": 72.79713336774135
            }
        },
        {
            "year": 2013,
            "data": {
                "AT": 99.00485200266974,
                "BE": 90.22294751493915,
                "BG": 9.904218811357156,
                "HR": 15.555686644643698,
                "CY": 31.607059916395727,
                "CZ": 25.16533715142837,
                "DK": 66.24411364295757,
                "EE": 24.66832504145937,
                "FI": 122.6251097453907,
                "FR": 59.831812693900616,
                "DE": 67.32409414502307,
                "EL": 37.71441342446874,
                "HU": 28.40203146964132,
                "IE": 48.58316411297768,
                "IT": 64.35458219832154,
                "LV": 23.795476892822023,
                "LT": 26.017019856499253,
                "MT": 42.79069767441861,
                "NL": 33.17685717638775,
                "PL": 35.994465582843304,
                "PT": 73.51162524338565,
                "RO": 14.648552266326265,
                "SK": 25.481876931722397,
                "SI": 33.57624831309042,
                "ES": 70.40525382949028,
                "SE": 101.21215979389164,
                "UK": 70.48739840121031
            }
        },
        {
            "year": 2014,
            "data": {
                "AT": 99.332343122693,
                "BE": 97.46558160897884,
                "BG": 11.030955316383992,
                "HR": 15.920901098283752,
                "CY": 30.72234762979684,
                "CZ": 25.16533715142837,
                "DK": 62.97042415655715,
                "EE": 24.01850813236119,