{
    "categories": [
        "EU27*",
        "EU28",
        "Austria",
        "Belgium",
        "Bulgaria",
        "Croatia",
        "Cyprus",
        "Czechia",
        "Denmark",
        "Estonia",
        "Finland",
        "France",
        "Germany",
        "Greece",
        "Hungary",
        "Ireland",
        "Italy",
        "Latvia",
        "Lithuania",
        "Luxembourg",
        "Malta",
        "Netherlands",
        "Poland",
        "Portugal",
        "Romania",
        "Slovakia",
        "Slovenia",
        "Spain",
        "Sweden",
        "United Kingdom"
    ],
    "data": [
        {
            "year": 2008,
            "series": [
                {
                    "name": "beverage",
                    "data": [
                        68.98637934917109,
                        76.53242833696423,
                        102.89697233718144,
                        114.55630268017805,
                        12.423124231242314,
                        30.128874956461164,
                        42.0997375328084,
                        47.563818295525614,
                        76.87687687687688,
                        33.12977099236641,
                        80.00480653689017,
                        106.44235626957665,
                        63.69521187169881,
                        95.2559424006312,
                        31.65287013163252,
                        190.98196392785567,
                        75.08686105011535,
                        25.147653092943735,
                        30.06369426751592,
                        93.76181474480153,
                        45.21651560926485,
                        136.9958108916816,
                        63.691683569979716,
                        44.906472006778344,
                        24.569738539470787,
                        25.36059597400539,
                        51.122994652406405,
                        87.8874966471242,
                        74.77724468814257,
                        147.6215471425759
                    ]
                }
            ]
        },
        {
            "year": 2009,
            "series": [
                {
                    "name": "beverage",
                    "data": [
                        71.40049713732569,
                        79.29368462432113,
                        120.36610764003069,
                        135.90954773869342,
                        12.79467562356161,
                        31.622152850040468,
                        46.701298701298704,
                        47.68187870717831,
                        100.046783625731,
                        37.171837708830544,
                        98.92911779704235,
                        101.18419723148428,
                        63.9966696622086,
                        100.95031990967257,
                        26.281133695963355,
                        137.73028739867357,
                        75.08686105011535,
                        21.11111111111111,
                        28.931261770244824,
                        103.43511450381679,
                        45.21651560926485,
                        166.21562636403317,
                        66.49687808084127,
                        47.9860969126968,
                        23.96688022179761,
                        26.008750607681087,
                        50.497512437810954,
                        95.6194288544074,
                        78.70921218676763,
                        152.72542142776334
                    ]
                }
            ]
        },
        {
            "year": 2010,
            "series": [
                {
                    "name": "beverage",
                    "data": [
                        76.76632657941705,
                        84.37090833306905,
                        139.5308046481035,
                        133.41207888249795,
                        13.593943744697516,
                        31.82387074752532,
                        46.52519893899204,
                        48.59379893517068,
                        112.36722306525036,
                        37.183646982478905,
                        103.80877331231943,
                        107.91148832979692,
                        66.02341894805798,
                        84.23967317294598,
                        26.723302779640807,
                        285.2492370295016,
                        100.65430752453652,
                        23.42038753159225,
                        25.320855614973265,
                        107.64587525150905,
                        51.19726339794755,
                        173.4570628958609,
                        60.20156692536874,
                        49.41209019228109,
                        31.35437577414257,
                        27.621483375959077,
                        46.80738786279683,
                        91.14706305048556,
                        104.86905201032829,
                        152.72542142776334
                    ]
                }
            ]
        },
        {
            "year": 2011,
            "series": [
                {
                    "name": "beverage",
                    "data": [
                        80.63513247876514,
                        88.7664331260332,
                        139.27378035197148,
                        129.8737325425675,
                        13.121801432958035,
                        33.795013850415515,
                        44.93783303730017,
                        50.60902952469218,
                        90.71764465344509,
                        42.80387770320656,
                        106.03310197544049,
                        129.65010877447426,
                        69.04045849174375,
                        77.83221677832215,
                        27.63196267133275,
                        248.68518063406242,
                        111.67010424215395,
                        14.980956411341515,
                        25.22831050228311,
                        112.29166666666669,
                        51.19726339794755,
                        185.00213644779944,
                        55.15380065069507,
                        46.13484646194927,
                        22.058362096015067,
                        31.33707255292201,
                        50.67055393586006,
                        95.34518828451885,
                        104.04894727370883,
                        146.87408077836858
                    ]
                }
            ]
        },
        {
            "year": 2012,
            "series": [
                {
                    "name": "beverage",