{
    "categories": [
        "EU27*",
        "EU28",
        "Austria",
        "Belgium",
        "Bulgaria",
        "Croatia",
        "Cyprus",
        "Czechia",
        "Denmark",
        "Estonia",
        "Finland",
        "France",
        "Germany",
        "Greece",
        "Hungary",
        "Ireland",
        "Italy",
        "Latvia",
        "Lithuania",
        "Luxembourg",
        "Malta",
        "Netherlands",
        "Poland",
        "Portugal",
        "Romania",
        "Slovakia",
        "Slovenia",
        "Spain",
        "Sweden",
        "United Kingdom"
    ],
    "data": [
        {
            "year": 2008,
            "series": [
                {
                    "name": "wood products",
                    "data": [
                        27.883870762193823,
                        29.181207191607033,
                        55.964117455494964,
                        60.85806691098736,
                        4.9911441128601135,
                        9.728452401542354,
                        26.662973134167785,
                        15.396998476960142,
                        55.82851637764933,
                        14.488466421261572,
                        41.142587616319744,
                        44.54371973097028,
                        41.824104757480605,
                        18.765167646495254,
                        11.478761763904929,
                        50.23212627669453,
                        30.840888807058484,
                        12.340502279008485,
                        7.335463138173237,
                        46.55172413793104,
                        15.333333333333332,
                        33.43395345610344,
                        14.422024575119204,
                        18.79603440067627,
                        7.653185068372679,
                        9.602939827215476,
                        19.127089585051788,
                        32.57156241198404,
                        47.52141616150056,
                        47.05375641775964
                    ]
                }
            ]
        },
        {
            "year": 2009,
            "series": [
                {
                    "name": "wood products",
                    "data": [
                        26.447738043881436,
                        26.95013125740613,
                        51.94278612533458,
                        59.9716128330449,
                        4.487418948499464,
                        9.686524093380145,
                        24.99793765628026,
                        15.395693631521814,
                        54.09260244811068,
                        16.462314786677208,
                        32.41161599940172,
                        39.6532418823877,
                        40.111988558500094,
                        21.036611864584337,
                        9.4691933116096,
                        52.265084075173114,
                        28.551462147899365,
                        11.635305344740296,
                        8.11956413816261,
                        46.55172413793104,
                        16.08040201005025,
                        35.488636011049195,
                        11.895798773055361,
                        17.05540057051775,
                        8.02518410786646,
                        10.13493622254586,
                        16.93827502736776,
                        29.95665949640607,
                        45.30764225413211,
                        34.53855803209124
                    ]
                }
            ]
        },
        {
            "year": 2010,
            "series": [
                {
                    "name": "wood products",
                    "data": [
                        29.17267711561827,
                        29.514864777150898,
                        59.2852584844971,
                        62.759070967783785,
                        5.141161106398125,
                        7.493422458008879,
                        22.81469246578845,
                        15.397136619999909,
                        58.69513358778625,
                        21.895345620558682,
                        45.940519334994924,
                        41.627213097093744,
                        44.79409364239334,
                        21.939591916109013,
                        10.229052763087982,
                        49.02405810258738,
                        29.888102069600855,
                        18.13356982032073,
                        9.211195950753462,
                        46.55172413793104,
                        15.50802139037433,
                        38.19052871174159,
                        12.9320517096258,
                        20.379618484334,
                        9.879935626728463,
                        14.359067503842564,
                        18.715174967402085,
                        30.214783983902613,
                        57.049461071185945,
                        33.787114312881066
                    ]
                }
            ]
        },
        {
            "year": 2011,
            "series": [
                {
                    "name": "wood products",
                    "data": [
                        29.58495594945063,
                        30.126224241619248,
                        60.97182692292027,
                        63.62171435069501,
                        5.316436676041999,
                        10.354554012532605,
                        20.793903754123303,
                        15.397135323189476,
                        48.01583274129706,
                        22.93883002947156,
                        45.457219638560545,
                        44.64309439590575,
                        45.135956682215884,
                        14.370591851170785,
                        10.305561778214162,
                        52.307320608842716,
                        30.975209640659582,
                        17.66984949200953,
                        9.668214400821288,
                        46.55172413793104,
                        15.50802139037433,
                        41.79755280442753,
                        14.014988241542133,
                        19.394659325904268,
                        10.309663284747712,
                        11.850090973234366,
                        20.48073263509263,
                        29.56154443296371,
                        51.45141532305338,
                        47.401626836698505
                    ]
                }
            ]
        },
        {
            "year": 2012,
            "series": [
                {
                    "name": "wood products",