{
    "type": "bD3511",
    "range_thresholds": [
        0.24988315627198135,
        9.183611625190274,
        9.252083145496893,
        33.65401426962073,
        39.4074535460633,
        151.55503694339242,
        155.76426922862362,
        383.40644442311,
        389.12672973707186,
        776.0967037629836,
        776.912663332638,
        6267.170997787973
    ],
    "series": [
        {
            "year": "2008",
            "data": {
                "AT": 284.7062209542696,
                "BE": 788.7067605744603,
                "BG": 0.4960017304097243,
                "HR": 1.1418765757728555,
                "CY": 1.6774464649647038,
                "DK": 268.23293369019007,
                "EE": 2.405259862687148,
                "FI": 626.1131018399358,
                "FR": 340.19223597179706,
                "EL": 17.33494521523457,
                "HU": 132.9284971411834,
                "IT": 738.6654244460465,
                "LV": 8.97566436129471,
                "LT": 1.8194999038395363,
                "LU": 1.6643050563787765,
                "PL": 179.8040926090893,
                "PT": 167.58560521036378,
                "RO": 1.1891545083844657,
                "SK": 41.46427190005532,
                "SI": 13.218378297324126,
                "ES": 284.1570606624902,
                "SE": 674.5338813840574,
                "UK": 456.9674519102694
            }
        },
        {
            "year": "2009",
            "data": {
                "AT": 308.12935921119293,
                "BE": 869.5842609511811,
                "BG": 0.24988315627198135,
                "HR": 1.2945920187097493,
                "CY": 3.1991261202488754,
                "DK": 249.35147184124446,
                "EE": 24.157707473259887,
                "FI": 554.5256187780262,
                "FR": 378.834062352808,
                "EL": 20.47582734192472,
                "HU": 151.55503694339242,
                "IT": 865.1654249411897,
                "LV": 9.090968030447028,
                "LT": 2.7176969254059338,
                "LU": 1.7135316559811211,
                "PL": 278.1529112259875,
                "PT": 155.76426922862362,
                "RO": 0.4954612987705261,
                "SK": 50.26080406296714,
                "SI": 8.628988855886401,
                "ES": 234.1986373475512,
                "SE": 714.6229834516789,
                "UK": 528.3300150311812
            }
        },
        {
            "year": "2010",
            "data": {
                "AT": 328.5890045973465,
                "BE": 915.418099765502,
                "BG": 1.1479438343828594,
                "HR": 1.5464841238313718,
                "CY": 5.1627525701757575,
                "DK": 389.12672973707186,
                "EE": 50.42662227038928,
                "FI": 693.2899836142943,
                "FR": 383.40644442311,
                "EL": 23.19593857542256,
                "HU": 160.00178776400253,
                "IT": 1063.1226645132674,
                "LV": 10.429515496924816,
                "LT": 9.37834032512845,
                "LU": 1.5577150724374982,
                "PL": 344.33292311393484,
                "PT": 203.061281879562,
                "RO": 5.396861895873362,
                "SK": 63.24685713679733,
                "SI": 9.918822674757552,
                "ES": 346.3242953304296,
                "SE": 906.6370572289297,
                "UK": 541.2540960536041
            }
        },
        {
            "year": "2011",
            "data": {
                "AT": 341.73174621802565,
                "BE": 1024.2064517614633,
                "BG": 2.111969417247934,
                "HR": 3.3275369342230428,
                "CY": 9.416928004549746,
                "DK": 446.7859205431971,
                "EE": 53.72369005781282,
                "FI": 776.912663332638,
                "FR": 431.9202491453357,
                "EL": 24.38010726243106,
                "HU": 125.85608422902264,
                "IT": 1175.0716708546024,
                "LV": 20.714833256401526,
                "LT": 19.14963802136966,
                "LU": 2.126643149105796,
                "PL": 426.87871063522795,
                "PT": 258.7473700110109,
                "RO": 10.232373379560146,
                "SK": 92.27087446541515,
                "SI": 14.124018164375089,
                "ES": 558.119082934935,
                "SE": 938.3946916239906,
                "UK": 641.8180765510092
            }
        },
        {
            "year": "2012",
            "data": {
                "AT": 358.3262984701259,
                "BE": 1235.2275120999855,
                "BG": 2.9325924148656517,
                "HR": 6.5031473809929805,
                "CY": 11.252665416261623,
                "DK": 323.08005102962915,
                "EE": 71.27991878516376,
                "FI": 776.0967037629836,
                "FR": 451.5645802571441,
                "EL": 23.481414391282748,
                "HU": 117.85001917265251,
                "IT": 1597.0999752619266,
                "LV": 49.46184524315653,
                "LT": 22.432151072231747,
                "LU": 2.0935229872012457,
                "PL": 578.7866631396773,
                "PT": 295.6951443564345,
                "RO": 10.927038154542036,
                "SK": 105.95340793845078,
                "SI": 14.923774610340052,
                "ES": 667.4634985084538,
                "SE": 1038.2920743751538,
                "UK": 787.1873356513557
            }
        },
        {
            "year": "2013",
            "data": {
                "AT": 347.84835122484094,
                "BE": 1113.7407377962006,
                "BG": 5.416327769276037,
                "HR": 7.74566408589036,
                "CY": 9.755672288169306,
                "DK": 598.6140856260079,
                "EE": 50.406374292569744,
                "FI": 835.4908226731147,
                "FR": 468.01428791713,
                "EL": 29.55525942640853,
                "HU": 122.79870727018593,
                "IT": 2235.4804710869166,
                "LV": 89.09427133854538,
                "LT": 39.85988317708519,
                "LU": 2.7717431278045157,
                "PL": 443.8603538383414,
                "PT": 261.7401558873825,
                "RO": 12.845371765156866,
                "SK": 101.97638285297084,
                "SI": 13.90608352224958,
                "ES": 785.0091265868738,
                "SE": 1022.4093794529103,
                "UK": 861.1928107708068
            }
        },
        {
            "year": "2014",
            "data": {
                "AT": 333.5091391181593,
                "BE": 1133.636147728028,
                "BG": 9.183611625190274,
                "HR": 9.252083145496893,
                "CY": 9.03352889026936,
                "DK": 518.2245300387104,
                "EE": 51.08060539360159,
                "FI": 804.5759694479334,
                "FR": 507.7644701215714,
                "EL": 32.44958227741181,
                "HU": 125.5127836954691,
                "IT": 1962.1475633340306,
                "LV": 93.27479780433127,
                "LT": 39.4074535460633,
                "LU": 3.30326724959462,
                "PL": 549.4129924267125,
                "PT": 249.8102377543127,
                "RO": 22.648713889521648,
                "SK": 139.03043287028552,
                "SI": 10.671866356352092,
                "ES": 506.82496336085325,
                "SE": 828.018539210086,
                "UK": 1321.1468931804575
            }
        },
        {
            "year": "2015",
            "data": {
                "AT": 341.85369016383066,
                "BE": 1331.4335715274415,
                "BG": 12.11047923067026,
                "HR": 16.019182980233605,
                "CY": 7.1180850453231335,
                "DK": 637.4952634020173,
                "EE": 51.29850431042759,