{
    "type": "Bioeth",
    "range_thresholds": [
        0.0,
        0.5065541701338407,
        0.5097944285306227,
        23.225236604110112,
        23.442654279802827,
        81.34641739390001,
        86.5887274956257,
        521.5607616121748,
        525.6778520209909,
        2336.976742332816
    ],
    "series": [
        {
            "year": "2008",
            "data": {
                "AT": 0.0,
                "BE": 488.4013452954752,
                "BG": 19.91858292776025,
                "HR": 2.5361534222161226,
                "EE": 1.9967629654306127,
                "FI": 12.288215658706957,
                "FR": 1272.257430517742,
                "DE": 230.780667102982,
                "EL": 36.53454580463869,
                "HU": 10.986955599855484,
                "IE": 0.0,
                "IT": 425.09887075224304,
                "LV": 0.0,
                "LT": 15.613409736101634,
                "NL": 729.9494677660769,
                "PL": 263.7358707567373,
                "PT": 1.5036928112193275,
                "RO": 26.792407128672444,
                "SK": 9.12997610441116,
                "SI": 0.0,
                "ES": 312.5234223298273,
                "SE": 674.2234419801723,
                "UK": 1468.9651506475836
            }
        },
        {
            "year": "2009",
            "data": {
                "AT": 0.0,
                "BE": 379.96404314437035,
                "BG": 11.428790102551227,
                "HR": 2.7645488541624825,
                "EE": 0.050063197772475934,
                "FI": 12.957439479971631,
                "FR": 1815.0972202606147,
                "DE": 261.9438501296217,
                "EL": 45.644188619921806,
                "HU": 13.937603830583553,
                "IE": 0.0,
                "IT": 145.22084837505372,
                "LV": 0.0,
                "LT": 23.225236604110112,
                "NL": 589.0813171351554,
                "PL": 228.92703460524604,
                "PT": 0.9241237265233969,
                "RO": 67.26379010458379,
                "SK": 18.040118460330557,
                "SI": 0.0,
                "ES": 208.9906166534592,
                "SE": 561.849945281826,
                "UK": 769.7079953363433
            }
        },
        {
            "year": "2010",
            "data": {
                "AT": 0.0,
                "BE": 568.4532180599642,
                "BG": 28.115723430964398,
                "HR": 2.9814110616174196,
                "EE": 0.045901327413443285,
                "FI": 21.36326951056656,
                "FR": 1959.6575463856527,
                "DE": 383.8591232691896,
                "EL": 40.92450850805217,
                "HU": 12.424691193335974,
                "IE": 0.0,
                "IT": 161.8463524811219,
                "LV": 0.0,
                "LT": 29.318639363844547,
                "NL": 527.9109909926111,
                "PL": 249.662645592558,
                "PT": 0.6046422743604855,
                "RO": 52.00501518436607,
                "SK": 29.41403678513896,
                "SI": 0.0,
                "ES": 309.38866894864435,
                "SE": 627.2040486938841,
                "UK": 905.1038160403411
            }
        },
        {
            "year": "2011",
            "data": {
                "AT": 0.0,
                "BE": 693.7535358722693,
                "BG": 49.992978836711615,
                "HR": 2.7136938997538844,
                "EE": 1.5462665487193543,
                "FI": 23.475380503690964,
                "FR": 2031.7968202577588,
                "DE": 510.62220934713446,
                "EL": 29.26362314368885,
                "HU": 15.661619195256163,
                "IE": 0.0,
                "IT": 205.55984479869525,
                "LV": 0.0,
                "LT": 23.723961418227624,
                "NL": 477.89463064234457,
                "PL": 333.83063387014244,
                "PT": 0.9747868913728246,
                "RO": 44.56505696595601,
                "SK": 35.64484803355798,
                "SI": 0.0,
                "ES": 329.2043387175042,
                "SE": 633.114328382152,
                "UK": 1343.6126678315864
            }
        },
        {
            "year": "2012",
            "data": {
                "AT": 0.0,
                "BE": 830.5337465829823,
                "BG": 68.46584977082557,
                "HR": 4.030392946715345,
                "EE": 0.5097944285306227,
                "FI": 28.418699976503593,
                "FR": 2186.619505374997,
                "DE": 439.21279584484535,
                "EL": 41.59296690473542,
                "HU": 25.481497982917514,
                "IE": 0.0,
                "IT": 230.48607321796425,
                "LV": 0.0,
                "LT": 44.148071110359446,
                "NL": 715.8545017927098,
                "PL": 335.98092506716887,
                "PT": 1.3349000650119922,
                "RO": 25.349087368894327,
                "SK": 37.55535448326805,
                "SI": 0.0,
                "ES": 464.3838226864669,
                "SE": 664.4409853094193,
                "UK": 525.6778520209909
            }
        },
        {
            "year": "2013",
            "data": {
                "AT": 0.0,
                "BE": 882.9561365802444,
                "BG": 42.29988005595773,
                "HR": 3.0680308351458256,
                "EE": 0.31958029621697903,
                "FI": 29.358532077620314,
                "FR": 2180.9132905154543,
                "DE": 459.92464273542197,
                "EL": 39.6618648698727,
                "HU": 56.36800375046219,
                "IE": 0.0,
                "IT": 227.5376148300216,
                "LV": 0.0,
                "LT": 48.98904546111576,
                "NL": 588.8821081277896,
                "PL": 281.9609839286208,
                "PT": 1.147559445538538,
                "RO": 12.554784056155086,
                "SK": 21.077501486493304,
                "SI": 0.0,
                "ES": 396.01152953321855,
                "SE": 688.0299432617717,
                "UK": 649.8263321046297
            }
        },
        {
            "year": "2014",
            "data": {
                "AT": 0.0,
                "BE": 805.1602239832013,
                "BG": 48.44215922488032,
                "HR": 0.8007803596129154,
                "EE": 1.4406315644768302,
                "FI": 16.970477969485998,
                "FR": 2336.976742332816,
                "DE": 444.8145406250089,
                "EL": 32.77412931811944,
                "HU": 51.07089642704521,
                "IE": 0.0,
                "IT": 168.48652155533904,
                "LV": 0.0,
                "LT": 32.396210845736704,
                "NL": 616.866742889015,
                "PL": 215.15619591007246,
                "PT": 0.9342997073509556,
                "RO": 28.473406743086976,
                "SK": 19.12246253491968,
                "SI": 0.0,
                "ES": 378.3647356854855,
                "SE": 521.5607616121748,
                "UK": 607.6340940210863
            }
        },
        {
            "year": "2015",
            "data": {
                "AT": 0.0,
                "BE": 984.3525953020463,
                "BG": 93.3421519947182,
                "HR": 0.3603347118273546,
                "EE": 2.2188906869300444,
                "FI": 16.27890667632628,
                "FR": 1297.1386397253004,
                "DE": 568.4124616520463,
                "EL": 54.857153970582196,
                "HU": 66.12100174553775,
                "IE": 0.0,
                "IT": 156.8677241549705,
                "LV": 0.0,
                "LT": 37.01462079691397,
                "NL": 707.9676937293781,
                "PL": 222.7279172144644,
                "PT": 0.8500594031579701,
                "RO": 30.13389144040832,
                "SK": 18.69453555410314,