{
    "type": "bC22",
    "range_thresholds": [
        0.16051252846685,
        4.499993221510663,
        4.641765756742052,
        12.785457880333304,
        13.201645263797214,
        93.6074799851502,
        93.77034311145852,
        367.10538889924027,
        368.61406124088114,
        964.0590741327002,
        993.1607821309196,
        3460.158969856768
    ],
    "series": [
        {
            "year": "2008",
            "data": {
                "AT": 73.48073319526553,
                "BE": 220.42353658390363,
                "BG": 7.862039496807251,
                "HR": 13.62437856856014,
                "CY": 1.4081577856660343,
                "CZ": 945.000569515213,
                "DK": 30.65779258208905,
                "EE": 4.499993221510663,
                "FI": 378.36721127387545,
                "FR": 1974.0798693906463,
                "DE": 3460.158969856768,
                "EL": 25.87940952275009,
                "HU": 213.9604139187496,
                "IE": 11.787471155221677,
                "IT": 1718.5027179156211,
                "LV": 2.749748682159542,
                "LT": 4.793347355042258,
                "LU": 0.6392561670480282,
                "MT": 0.2212267016386052,
                "NL": 11.442583377866606,
                "PL": 571.4804594085068,
                "PT": 210.04293678257386,
                "RO": 296.79413366994373,
                "SK": 272.01721539909215,
                "SI": 144.65046114128768,
                "ES": 1327.4640027111325,
                "SE": 96.07547073895486,
                "UK": 1079.5724317309475
            }
        },
        {
            "year": "2009",
            "data": {
                "AT": 63.71376577795331,
                "BE": 215.47809187313305,
                "BG": 6.8114060819054965,
                "HR": 11.944025299914848,
                "CY": 1.5237357929548347,
                "CZ": 945.9508333795116,
                "DK": 27.675953242309408,
                "EE": 6.391411407315172,
                "FI": 368.9430812035607,
                "FR": 2006.2788922281275,
                "DE": 2749.4639200344677,
                "EL": 25.80433354756432,
                "HU": 197.67010669645651,
                "IE": 8.839427034413475,
                "IT": 1566.2820678982425,
                "LV": 1.6900160465221663,
                "LT": 2.9577849512889167,
                "LU": 0.7645827005131955,
                "MT": 0.21239677340671012,
                "NL": 9.87511832914115,
                "PL": 495.41863141209745,
                "PT": 202.0658401485424,
                "RO": 218.28562998762953,
                "SK": 206.94974441444973,
                "SI": 120.49827790331136,
                "ES": 1089.4726954852879,
                "SE": 71.03889151272772,
                "UK": 841.6211333959027
            }
        },
        {
            "year": "2010",
            "data": {
                "AT": 50.47693334188865,
                "BE": 268.32109125839594,
                "BG": 8.48461589896294,
                "HR": 8.796261138543386,
                "CY": 1.5361043296584889,
                "CZ": 945.3204201421772,
                "DK": 23.09383844621905,
                "EE": 6.6020535297012755,
                "FI": 364.59041354112435,
                "FR": 2163.801234545941,
                "DE": 2887.96843697154,
                "EL": 20.630565087637493,
                "HU": 239.48475938009318,
                "IE": 11.115214161190755,
                "IT": 2080.2468305353896,
                "LV": 2.400948979734455,
                "LT": 4.056554861536087,
                "LU": 0.5061875021550803,
                "MT": 0.16051252846685,
                "NL": 10.580459159198007,
                "PL": 672.8886741923567,
                "PT": 244.8102043241133,
                "RO": 285.8764375494578,
                "SK": 298.3166845681504,
                "SI": 148.54318767505669,
                "ES": 1235.483015617464,
                "SE": 93.77034311145852,
                "UK": 903.1256204106444
            }
        },
        {
            "year": "2011",
            "data": {
                "AT": 59.877868983093656,
                "BE": 113.5626710642892,
                "BG": 11.478572595853539,
                "HR": 8.275414457271026,
                "CY": 1.3863228434512904,
                "CZ": 946.3869295052936,
                "DK": 24.986919886647915,
                "EE": 6.783359149815525,
                "FI": 367.10538889924027,
                "FR": 2500.469694319275,
                "DE": 3282.255049614025,
                "EL": 20.87381566166101,
                "HU": 332.55896974517043,
                "IE": 10.424675017103317,
                "IT": 2448.3427144359953,
                "LV": 2.814358109651228,
                "LT": 4.690061518321972,
                "LU": 0.5013750021345912,
                "MT": 0.22956492279522456,
                "NL": 10.585458701899883,
                "PL": 826.0231006137379,
                "PT": 299.8664338540097,
                "RO": 384.3114059017015,
                "SK": 434.69836993028986,
                "SI": 112.07751095111472,
                "ES": 1397.1776288438746,
                "SE": 98.18728799532526,
                "UK": 1029.9702680432824
            }
        },
        {
            "year": "2012",
            "data": {
                "AT": 55.25878503656294,
                "BE": 126.54104974447857,
                "BG": 11.796641308889566,
                "HR": 8.085132028809099,
                "CY": 1.2207492858396447,
                "CZ": 944.6186966390559,
                "DK": 24.47738224427277,
                "EE": 7.227626763179336,
                "FI": 359.1514071593045,
                "FR": 2459.625790985004,
                "DE": 3241.682103380655,
                "EL": 14.753040612253251,
                "HU": 366.44891863247767,
                "IE": 10.932487925794213,
                "IT": 2147.294447548317,
                "LV": 2.8880844459569786,
                "LT": 4.641765756742052,
                "LU": 0.505312502151355,
                "MT": 0.23008792355077576,
                "NL": 11.284357347785035,
                "PL": 802.4955659354657,
                "PT": 317.9213120229764,
                "RO": 378.8937739759729,
                "SK": 486.2118484719512,
                "SI": 92.0543788395383,
                "ES": 1308.9176101501594,
                "SE": 107.56387631554877,
                "UK": 993.1607821309196
            }
        },
        {
            "year": "2013",
            "data": {
                "AT": 56.007805152055155,
                "BE": 114.76702005195891,
                "BG": 12.19545539287237,
                "HR": 7.807817023237227,
                "CY": 1.1511868653365191,
                "CZ": 944.446745602815,
                "DK": 23.13964474329421,
                "EE": 6.317641386278959,
                "FI": 325.36625344989545,
                "FR": 2320.914260709949,
                "DE": 3145.150295687952,
                "EL": 13.981762251642252,
                "HU": 368.61406124088114,
                "IE": 12.785457880333304,
                "IT": 2016.997095427653,
                "LV": 2.923105845437032,
                "LT": 3.70592679974212,
                "LU": 0.5788125024642797,
                "MT": 0.23017150513405155,
                "NL": 11.59165369595053,
                "PL": 818.194566116239,
                "PT": 319.41084770340063,
                "RO": 395.5748365073854,
                "SK": 521.9762772888237,
                "SI": 91.08741467854486,
                "ES": 1260.3184040161525,
                "SE": 99.67160265925736,
                "UK": 1015.5607292575451
            }
        },
        {
            "year": "2014",
            "data": {
                "AT": 53.814949753650644,