{
    "type": "bchem",
    "range_thresholds": [
        0.2493733711994021,
        28.250519720040106,
        28.488180095521297,
        72.31559877903685,
        72.36567079007833,
        132.73996968687229,
        132.87621970224242,
        669.8413096186905,
        681.7879401335816,
        2497.918319864647,
        2529.639703875141,
        14822.696868705903
    ],
    "series": [
        {
            "year": "2008",
            "data": {
                "AT": 649.8294488337821,
                "BE": 1309.9091622050646,
                "BG": 101.82787172755756,
                "HR": 31.719642121733557,
                "CY": 7.176692633635984,
                "CZ": 79.37874522101939,
                "DK": 468.7937443807657,
                "EE": 22.716112403216528,
                "FI": 472.3003962311837,
                "FR": 5827.36202049959,
                "DE": 7999.157319720505,
                "EL": 217.73607219015838,
                "HU": 147.6500092454246,
                "IE": 110.63851816115766,
                "IT": 5816.979281330263,
                "LV": 64.44195200754528,
                "LT": 34.88583141531003,
                "LU": 1.7991180226648054,
                "MT": 0.4978458145774834,
                "NL": 963.6629763361684,
                "PL": 568.5133000135993,
                "PT": 101.43477314832592,
                "RO": 49.19401202654966,
                "SK": 25.03249343625545,
                "SI": 44.450566833153566,
                "ES": 2335.724034811641,
                "SE": 1962.1892479837293,
                "UK": 4547.737700640011
            }
        },
        {
            "year": "2009",
            "data": {
                "AT": 556.5133580104928,
                "BE": 1270.8956748528867,
                "BG": 82.88625736989087,
                "HR": 28.488180095521297,
                "CY": 6.734778649952344,
                "CZ": 88.5973139727342,
                "DK": 549.2015491538336,
                "EE": 9.83062835482443,
                "FI": 426.68804807265406,
                "FR": 6034.842906207715,
                "DE": 8212.413561037338,
                "EL": 137.77178150215758,
                "HU": 129.83712455356172,
                "IE": 99.31827141357849,
                "IT": 3792.218486503403,
                "LV": 65.85700068034825,
                "LT": 45.782548351237686,
                "LU": 2.0310236159883326,
                "MT": 0.5414348364869648,
                "NL": 729.8542699057679,
                "PL": 498.69372423628965,
                "PT": 112.06030434727036,
                "RO": 42.053095487501615,
                "SK": 14.97064792279983,
                "SI": 28.250519720040106,
                "ES": 2058.402004787858,
                "SE": 1449.548871536747,
                "UK": 3444.317055420535
            }
        },
        {
            "year": "2010",
            "data": {
                "AT": 650.8191600388274,
                "BE": 1563.2355203256836,
                "BG": 102.02919402825349,
                "HR": 33.17814426043538,
                "CY": 7.412739869403367,
                "CZ": 84.59903854925047,
                "DK": 458.2548938514531,
                "EE": 9.50948455465742,
                "FI": 457.39405402653284,
                "FR": 6030.462868439834,
                "DE": 10502.038746378956,
                "EL": 107.65701412714657,
                "HU": 208.161855631139,
                "IE": 100.29397696801621,
                "IT": 4003.8614050796837,
                "LV": 87.45976442047376,
                "LT": 51.18144135729476,
                "LU": 1.8992045065849408,
                "MT": 0.2558030081323759,
                "NL": 808.6286816827076,
                "PL": 577.6210667184544,
                "PT": 144.37569525395838,
                "RO": 39.87535026744885,
                "SK": 56.3137684281261,
                "SI": 29.57531433392449,
                "ES": 2349.404120499774,
                "SE": 1445.1005074480279,
                "UK": 2985.3760216811406
            }
        },
        {
            "year": "2011",
            "data": {
                "AT": 351.0148263157166,
                "BE": 1665.881717534639,
                "BG": 124.6029595561748,
                "HR": 38.765383471363684,
                "CY": 7.1620186563773025,
                "CZ": 79.50363045093067,
                "DK": 483.24319705300525,
                "EE": 12.020006109928449,
                "FI": 498.2892668610289,
                "FR": 6398.245325993413,
                "DE": 12226.724378976694,
                "EL": 100.37447135909471,
                "HU": 232.8917267459527,
                "IE": 115.02999115033138,
                "IT": 4368.378143714944,
                "LV": 87.12614736808426,
                "LT": 56.99500414612025,
                "LU": 1.895828146672444,
                "MT": 0.2493733711994021,
                "NL": 814.5216564404589,
                "PL": 615.1953405805664,
                "PT": 164.95765308738467,
                "RO": 32.19974995848199,
                "SK": 72.31559877903685,
                "SI": 31.46033771346683,
                "ES": 2497.918319864647,
                "SE": 1423.6752385039385,
                "UK": 3581.0706321265584
            }
        },
        {
            "year": "2012",
            "data": {
                "AT": 375.2642753246489,
                "BE": 1851.8616699598044,
                "BG": 78.59831286503464,
                "HR": 41.60954111214551,
                "CY": 6.674903772683221,
                "CZ": 76.03998208270035,
                "DK": 631.9382290345386,
                "EE": 7.482558222525222,
                "FI": 583.8224177305218,
                "FR": 4682.775865121567,
                "DE": 12216.918214232146,
                "EL": 116.6844969474586,
                "HU": 97.75171885681742,
                "IE": 127.65351116659048,
                "IT": 4414.370818617656,
                "LV": 40.81848170397353,
                "LT": 72.36567079007833,
                "LU": 2.3035601903664915,
                "MT": 0.2554714483607477,
                "NL": 1143.0694157955595,
                "PL": 669.8413096186905,
                "PT": 203.74555872351812,
                "RO": 37.26525231638415,
                "SK": 55.52719632907007,
                "SI": 32.800308410285986,
                "ES": 2609.262536425986,
                "SE": 1467.6264482029912,
                "UK": 2991.61462494031
            }
        },
        {
            "year": "2013",
            "data": {
                "AT": 380.03700755841726,
                "BE": 1795.8770878122295,
                "BG": 86.04194344847343,
                "HR": 41.67274278434747,
                "CY": 5.623973774882259,
                "CZ": 67.56111261692524,
                "DK": 814.2867334797357,
                "EE": 7.466474462456554,
                "FI": 604.6098481830112,
                "FR": 4534.930265829101,
                "DE": 13464.987606628145,
                "EL": 132.87621970224242,
                "HU": 99.96609042425962,
                "IE": 127.02172824708781,
                "IT": 4213.850644731103,
                "LV": 39.923880602854645,
                "LT": 82.79806649813864,
                "LU": 2.5890512828383616,
                "MT": 0.2564127493635497,
                "NL": 814.3945548536373,
                "PL": 642.2191792790998,
                "PT": 167.0694662329688,
                "RO": 37.176410084157936,
                "SK": 41.04621850274549,
                "SI": 45.56382897750146,
                "ES": 2529.639703875141,
                "SE": 1483.5170770848306,
                "UK": 3085.980439469542
            }
        },
        {
            "year": "2014",
            "data": {
                "AT": 351.31542607252527,
                "BE": 1891.0632568448566,