{
    "type": "bC15",
    "range_thresholds": [
        0.7124999999999999,
        14.988014425036653,
        15.346461502762006,
        31.725,
        32.06250000000001,
        105.70328826817473,
        105.8919024034046,
        411.825,
        421.8291644471325,
        1228.8064808406316,
        1251.6242157609074,
        15453.191974627698
    ],
    "series": [
        {
            "year": "2008",
            "data": {
                "AT": 540.4000000000002,
                "BE": 17.437500000000004,
                "BG": 62.59945636068016,
                "HR": 195.4375,
                "CY": 3.7875,
                "CZ": 22.875,
                "DK": 22.496439884920434,
                "EE": 13.943992559794905,
                "FI": 97.6211575872974,
                "FR": 1788.9925505002534,
                "DE": 1465.7470595399404,
                "EL": 143.9875,
                "HU": 186.2217904076265,
                "IE": 6.8991548414023365,
                "IT": 14273.09044358594,
                "LV": 2.026064676872496,
                "LT": 16.377920252349412,
                "PL": 403.5813391783696,
                "PT": 857.6728011505588,
                "RO": 387.4412160986583,
                "SK": 141.89999999999995,
                "SI": 86.5875,
                "ES": 2082.4821446633487,
                "SE": 31.16250000000001,
                "UK": 519.2408827180893
            }
        },
        {
            "year": "2009",
            "data": {
                "AT": 411.825,
                "BE": 22.50000000000001,
                "BG": 51.21022911334928,
                "HR": 201.43750000000003,
                "CY": 2.737499999999999,
                "CZ": 22.875,
                "DK": 22.3625,
                "EE": 11.992937966800492,
                "FI": 81.61272242557125,
                "FR": 1722.4778952368615,
                "DE": 1213.8159031796372,
                "EL": 132.62499999999997,
                "HU": 117.79849886311823,
                "IE": 7.242550284215127,
                "IT": 10840.012870369572,
                "LV": 1.406029315667746,
                "LT": 11.410987880739233,
                "PL": 309.1971919881633,
                "PT": 797.8692928637787,
                "RO": 307.4116015954048,
                "SK": 145.27499999999995,
                "SI": 80.66250000000002,
                "ES": 1693.2196718538373,
                "SE": 28.01250000000001,
                "UK": 509.0871447224965
            }
        },
        {
            "year": "2010",
            "data": {
                "AT": 441.36250000000007,
                "BE": 15.600000000000005,
                "BG": 56.7881636909163,
                "HR": 195.73750000000004,
                "CY": 1.4625000000000008,
                "CZ": 22.875,
                "DK": 22.946291390406397,
                "EE": 15.346461502762006,
                "FI": 89.58589270226034,
                "FR": 1968.936843891268,
                "DE": 1333.5109440166498,
                "EL": 99.1,
                "HU": 147.31178986770055,
                "IE": 6.5217874406946565,
                "IT": 12530.638677380051,
                "LV": 1.5574279044364865,
                "LT": 13.46803754406704,
                "PL": 357.86043852354805,
                "PT": 907.2295420274763,
                "RO": 355.30058353836534,
                "SK": 174.86250000000004,
                "SI": 84.97500000000002,
                "ES": 1825.8390863913885,
                "SE": 35.62500000000001,
                "UK": 611.7191876506981
            }
        },
        {
            "year": "2011",
            "data": {
                "AT": 493.2625,
                "BE": 16.687500000000004,
                "BG": 66.24468145209693,
                "HR": 194.33750000000006,
                "CY": 1.3875000000000002,
                "CZ": 22.875,
                "DK": 14.533400833439668,
                "EE": 17.303253130891704,
                "FI": 99.69069143252486,
                "FR": 2290.929029484289,
                "DE": 1526.3934524777371,
                "EL": 62.6,
                "HU": 193.97045694785967,
                "IE": 6.561684782608697,
                "IT": 12646.91305436267,
                "LV": 1.7775041004183414,
                "LT": 14.730525724218385,
                "PL": 421.8291644471325,
                "PT": 1014.7601635111723,
                "RO": 422.57228602429336,
                "SK": 207.90000000000003,
                "SI": 100.08750000000003,
                "ES": 1959.5174615985595,
                "SE": 37.87500000000001,
                "UK": 675.6543199997609
            }
        },
        {
            "year": "2012",
            "data": {
                "AT": 520.1625,
                "BE": 16.687500000000004,
                "BG": 60.56764079448166,
                "HR": 196.325,
                "CY": 1.1250000000000009,
                "CZ": 22.87500000000001,
                "DK": 15.553973852020395,
                "EE": 16.71105160925216,
                "FI": 105.8919024034046,
                "FR": 2555.415157050537,
                "DE": 1459.4990939854072,
                "EL": 59.95,
                "HU": 169.6065590580136,
                "IE": 6.136313330054108,
                "IT": 13945.58312043749,
                "LV": 2.1891251754103007,
                "LT": 15.414902149589192,
                "PL": 444.78722183388913,
                "PT": 1017.9704500739678,
                "RO": 401.8760892648612,
                "SK": 215.1375,
                "SI": 83.21249999999998,
                "ES": 1772.562437961095,
                "SE": 32.1375,
                "UK": 722.5191829360515
            }
        },
        {
            "year": "2013",
            "data": {
                "AT": 557.7,
                "BE": 16.687500000000004,
                "BG": 64.01801325593604,
                "HR": 196.125,
                "CY": 0.8249999999999998,
                "CZ": 22.87500000000001,
                "DK": 23.486554238047642,
                "EE": 17.865807440574244,
                "FI": 105.70328826817473,
                "FR": 2562.5391609698504,
                "DE": 1597.8535677800628,
                "EL": 54.60000000000001,
                "HU": 189.0319186701096,
                "IE": 6.961325966850829,
                "IT": 14870.391391352949,
                "LV": 2.238455886585883,
                "LT": 14.267281699730532,
                "PL": 471.0347796668476,
                "PT": 1126.219514094022,
                "RO": 429.569856074716,
                "SK": 204.97500000000008,
                "SI": 86.58749999999998,
                "ES": 1871.9280018299555,
                "SE": 32.06250000000001,
                "UK": 728.1633816074997
            }
        },
        {
            "year": "2014",
            "data": {
                "AT": 598.15,
                "BE": 16.687500000000004,
                "BG": 65.4893050338075,
                "HR": 199.325,
                "CY": 0.75,
                "CZ": 22.87500000000001,
                "DK": 31.08339424444292,
                "EE": 17.305442857070513,
                "FI": 97.96944127920942,
                "FR": 2640.0950163228235,
                "DE": 1654.2728640560001,
                "EL": 94.8625,
                "HU": 220.91372104448536,
                "IE": 6.471849427168577,
                "IT": 15453.191974627698,
                "LV": 2.1644002545735894,
                "LT": 13.709492835786548,
                "PL": 520.1455498841249,
                "PT": 1222.9000982128694,
                "RO": 459.39648615477205,
                "SK": 229.05000000000007,
                "SI": 96.9375,
                "ES": 2048.991456273727,
                "SE": 27.825000000000006,
                "UK": 729.3485600828172
            }
        },
        {
            "year": "2015",