{
    "type": "bC16",
    "range_thresholds": [
        7.1,
        560.2748810455616,
        561.4369249285027,
        939.2999999999997,
        961.449982679004,
        1952.3512746496601,
        1956.449321212171,
        3504.3588121537873,
        3653.752841916057,
        8778.085159749953,
        8960.311318868957,
        25988.411686662505
    ],
    "series": [
        {
            "year": "2008",
            "data": {
                "AT": 7369.767243461139,
                "BE": 3271.6341750423853,
                "BG": 420.41595222397,
                "HR": 712.0450715909427,
                "CY": 224.56808855715255,
                "CZ": 3381.241790008268,
                "DK": 2094.4,
                "EE": 1121.777551763698,
                "FI": 6638.55245697889,
                "FR": 12420.912780982164,
                "DE": 22079.40678226439,
                "EL": 892.4155721142363,
                "HU": 1139.3720963244916,
                "IE": 1160.8000000000004,
                "IT": 16756.185633680943,
                "LV": 1292.6450233563494,
                "LT": 809.1370319958662,
                "LU": 16.2,
                "MT": 7.1,
                "NL": 2240.935944925064,
                "PL": 7373.379053694016,
                "PT": 3448.184905062636,
                "RO": 2319.343043280529,
                "SK": 818.6728560065111,
                "SI": 741.5785978512849,
                "ES": 10052.79596755675,
                "SE": 9258.738726290081,
                "UK": 10065.950286966456
            }
        },
        {
            "year": "2009",
            "data": {
                "AT": 6379.223960667771,
                "BE": 2854.1338771030823,
                "BG": 320.9921848078611,
                "HR": 561.4369249285027,
                "CY": 195.96770982277252,
                "CZ": 3379.6514337171284,
                "DK": 1625.0,
                "EE": 833.8847299150667,
                "FI": 4931.383307488602,
                "FR": 10922.373330485063,
                "DE": 20371.006680810126,
                "EL": 812.2235596513158,
                "HU": 799.0172705891152,
                "IE": 887.9,
                "IT": 14751.692744024673,
                "LV": 969.6388524011024,
                "LT": 644.7297585130557,
                "LU": 16.2,
                "MT": 9.9,
                "NL": 1890.5532143771882,
                "PL": 5392.2398949331655,
                "PT": 2638.6921556926072,
                "RO": 1802.6794803825699,
                "SK": 614.410067835655,
                "SI": 601.9631368546586,
                "ES": 7215.317173346399,
                "SE": 7616.494217094993,
                "UK": 7705.247048142336
            }
        },
        {
            "year": "2010",
            "data": {
                "AT": 7088.744917590688,
                "BE": 2999.5334902021136,
                "BG": 362.93199505134606,
                "HR": 560.2748810455616,
                "CY": 178.9748885894367,
                "CZ": 3381.410205639552,
                "DK": 1466.7,
                "EE": 1148.641685555605,
                "FI": 5899.199557173048,
                "FR": 11266.058786217372,
                "DE": 22826.80579103561,
                "EL": 793.3778279312462,
                "HU": 866.6753165552237,
                "IE": 906.4,
                "IT": 15288.040622329841,
                "LV": 1350.346223008731,
                "LT": 714.4423420359719,
                "LU": 16.2,
                "MT": 9.9,
                "NL": 1883.0598595186448,
                "PL": 6380.571351624343,
                "PT": 2758.2032868339534,
                "RO": 2150.7601097264105,
                "SK": 1301.165888745888,
                "SI": 652.1702399749872,
                "ES": 6829.645544239314,
                "SE": 9089.058793358616,
                "UK": 7637.872263907524
            }
        },
        {
            "year": "2011",
            "data": {
                "AT": 7768.700975887801,
                "BE": 3219.341591120019,
                "BG": 417.82656115809806,
                "HR": 608.4030595131708,
                "CY": 160.9855657952034,
                "CZ": 3381.408624606023,
                "DK": 1466.8,
                "EE": 1363.8351545467085,
                "FI": 6188.433654205108,
                "FR": 12091.771008170745,
                "DE": 24034.818509366094,
                "EL": 655.903852848892,
                "HU": 853.8939103318727,
                "IE": 811.9999999999999,
                "IT": 16760.54007431798,
                "LV": 1577.2546037390744,
                "LT": 857.0610825710187,
                "LU": 16.199999999999996,
                "MT": 9.9,
                "NL": 1952.3512746496601,
                "PL": 6845.018810026248,
                "PT": 2766.902579319737,
                "RO": 2521.5935776373353,
                "SK": 1068.5096054667708,
                "SI": 689.0786582550153,
                "ES": 6492.965524956882,
                "SE": 9705.934403534176,
                "UK": 7810.032118211577
            }
        },
        {
            "year": "2012",
            "data": {
                "AT": 7742.491242063141,
                "BE": 3332.077162266319,
                "BG": 440.635576423577,
                "HR": 614.8054230668026,
                "CY": 136.89116566501272,
                "CZ": 3379.787176323321,
                "DK": 1493.6999999999996,
                "EE": 1387.3398951798677,
                "FI": 6158.188398646738,
                "FR": 11724.278593065903,
                "DE": 24137.33915218093,
                "EL": 463.0327731586058,
                "HU": 796.80658507821,
                "IE": 849.5999999999998,
                "IT": 14175.70507558002,
                "LV": 1648.8903411572574,
                "LT": 831.6605648386072,
                "LU": 16.2,
                "MT": 9.9,
                "NL": 1783.6470067970126,
                "PL": 7167.5168438883675,
                "PT": 2768.846446929871,
                "RO": 2695.5303356638656,
                "SK": 900.957030798097,
                "SI": 671.2182760081823,
                "ES": 5606.503885547801,
                "SE": 9501.941388144289,
                "UK": 8243.692820092409
            }
        },
        {
            "year": "2013",
            "data": {
                "AT": 7688.437235646451,
                "BE": 3127.265768601941,
                "BG": 459.8168507365305,
                "HR": 660.0930908299459,
                "CY": 90.09254358001564,
                "CZ": 3381.447821781675,
                "DK": 1464.8000000000004,
                "EE": 1655.8874292001908,
                "FI": 6325.079856887249,
                "FR": 11465.05804430164,
                "DE": 24506.71762716039,
                "EL": 324.16919693666074,
                "HU": 808.1100132513467,
                "IE": 800.9000000000002,
                "IT": 13334.34039508794,
                "LV": 1794.331362364935,
                "LT": 909.7315842596356,
                "LU": 15.4,
                "MT": 9.9,
                "NL": 1590.6918947869553,
                "PL": 7437.064216969606,
                "PT": 2764.947545834949,
                "RO": 2947.3339645149395,
                "SK": 983.5889253843872,
                "SI": 681.2635051318441,
                "ES": 5118.1740576399625,
                "SE": 9017.572615035568,
                "UK": 8442.911027911014
            }
        },
        {
            "year": "2014",
            "data": {
                "AT": 7712.646714282882,
                "BE": 3259.553660002514,
                "BG": 482.5214481585289,
                "HR": 748.0293901381976,
                "CY": 87.69165873281362,
                "CZ": 3381.361950534705,
                "DK": 1523.8,
                "EE": 1833.6841872877467,