{
    "type": "bC14",
    "range_thresholds": [
        1.7039542357112285,
        51.48715596613465,
        51.872448276421935,
        124.77276005599406,
        124.88491149111671,
        199.68410480390284,
        201.7599825628872,
        456.52132809084367,
        489.8947491525641,
        1343.3066979504374,
        1405.7114454392504,
        15974.477249919944
    ],
    "series": [
        {
            "year": "2008",
            "data": {
                "AT": 340.6754048616544,
                "BE": 456.52132809084367,
                "BG": 430.2463655719182,
                "HR": 236.57647670639545,
                "CY": 19.444545992568763,
                "CZ": 233.79966545154548,
                "DK": 160.02245229905387,
                "EE": 58.63589801243766,
                "FI": 193.6796772253629,
                "FR": 3600.8729298448675,
                "DE": 3336.993578608361,
                "EL": 865.8644686598875,
                "HU": 240.61826962429402,
                "IE": 67.71507056568703,
                "IT": 15974.477249919944,
                "LV": 73.9787818206075,
                "LT": 135.86188222514326,
                "MT": 2.2353471642297893,
                "PL": 1140.7384504717754,
                "PT": 1343.3066979504374,
                "RO": 1019.5802953271408,
                "SK": 128.27813593355495,
                "SI": 103.96814248109811,
                "ES": 3157.091275719397,
                "SE": 88.84749862253668,
                "UK": 1505.6455186609585
            }
        },
        {
            "year": "2009",
            "data": {
                "AT": 321.06662065923547,
                "BE": 430.0303866154029,
                "BG": 367.19823078292814,
                "HR": 213.07584511593197,
                "CY": 15.602752319316652,
                "CZ": 231.87528989308566,
                "DK": 134.4363496241555,
                "EE": 45.825566017852886,
                "FI": 136.79035359786837,
                "FR": 3294.051627853856,
                "DE": 2901.198867510511,
                "EL": 719.872001624537,
                "HU": 173.58314317931058,
                "IE": 69.14567332859556,
                "IT": 13367.85516793112,
                "LV": 49.05316944128335,
                "LT": 95.6624416740991,
                "MT": 2.073709986034145,
                "PL": 781.9717013628917,
                "PT": 1128.8818113233585,
                "RO": 763.3696226760429,
                "SK": 107.75318139772915,
                "SI": 67.84391235945107,
                "ES": 2721.680682760129,
                "SE": 69.72945436734175,
                "UK": 1108.557693133213
            }
        },
        {
            "year": "2010",
            "data": {
                "AT": 306.4223504003839,
                "BE": 286.8009122967936,
                "BG": 368.3884803928749,
                "HR": 156.7354429231485,
                "CY": 12.089386682531854,
                "CZ": 235.46872567428852,
                "DK": 127.37288789310665,
                "EE": 44.44800066769515,
                "FI": 112.73563043610982,
                "FR": 3361.683022117712,
                "DE": 2777.4253418062017,
                "EL": 611.3729355809114,
                "HU": 161.79468188091886,
                "IE": 65.63302617735712,
                "IT": 13482.633127125371,
                "LV": 55.38386377099801,
                "LT": 99.6360360555402,
                "MT": 2.043237506178106,
                "PL": 780.6443351103917,
                "PT": 1127.759660465342,
                "RO": 762.3021844968868,
                "SK": 133.76118181065058,
                "SI": 54.25132871431608,
                "ES": 2425.265260012767,
                "SE": 54.318136643492295,
                "UK": 1185.0371317807887
            }
        },
        {
            "year": "2011",
            "data": {
                "AT": 295.24868586778604,
                "BE": 258.31090271128016,
                "BG": 412.8283283710545,
                "HR": 150.13634041021925,
                "CY": 10.174765640573906,
                "CZ": 224.00473364573682,
                "DK": 129.02467431352778,
                "EE": 51.48715596613465,
                "FI": 115.4585494648581,
                "FR": 3016.964112674525,
                "DE": 3140.6196675504793,
                "EL": 496.7271540998617,
                "HU": 175.68321729341056,
                "IE": 63.52263031633365,
                "IT": 14620.014498662893,
                "LV": 65.2200351952151,
                "LT": 118.79117358510685,
                "MT": 2.0232071157758558,
                "PL": 757.6454429263985,
                "PT": 1130.867665190934,
                "RO": 857.574390603132,
                "SK": 142.24151496050658,
                "SI": 61.71051154806817,
                "ES": 2391.9349335076604,
                "SE": 57.66388449620133,
                "UK": 1206.0700389639733
            }
        },
        {
            "year": "2012",
            "data": {
                "AT": 248.39720433323419,
                "BE": 213.38436784894358,
                "BG": 404.6385865089417,
                "HR": 123.33122598650164,
                "CY": 8.562115588409531,
                "CZ": 226.9747738822987,
                "DK": 127.94803342002363,
                "EE": 46.73806789975957,
                "FI": 127.03917550785765,
                "FR": 2846.5773581943126,
                "DE": 3058.0622871890087,
                "EL": 489.8947491525641,
                "HU": 154.99810785941656,
                "IE": 67.32017536368589,
                "IT": 12380.032004625766,
                "LV": 69.84030253843001,
                "LT": 116.1102587429973,
                "MT": 1.9775218879427257,
                "PL": 717.0954110621251,
                "PT": 1069.1828050667586,
                "RO": 836.0668959423385,
                "SK": 141.086172925006,
                "SI": 52.345458960695716,
                "ES": 2008.23695122258,
                "SE": 51.872448276421935,
                "UK": 1112.0380072980827
            }
        },
        {
            "year": "2013",
            "data": {
                "AT": 236.74465886904946,
                "BE": 199.68410480390284,
                "BG": 427.2490693894386,
                "HR": 105.65561666774558,
                "CY": 4.633682772058996,
                "CZ": 211.3336633951193,
                "DK": 130.83551241847948,
                "EE": 45.46337684828864,
                "FI": 212.78005727441447,
                "FR": 2712.254169262781,
                "DE": 2907.6107787501646,
                "EL": 422.7908186277514,
                "HU": 138.81332936697905,
                "IE": 68.24209555164833,
                "IT": 11608.956122750034,
                "LV": 64.9551917295761,
                "LT": 122.48745393484768,
                "MT": 1.89674727874538,
                "PL": 657.5620115775539,
                "PT": 1080.2053795388483,
                "RO": 801.0300614581809,
                "SK": 128.48129856420283,
                "SI": 47.818375851748094,
                "ES": 1908.4563123437024,
                "SE": 54.20883227561965,
                "UK": 1071.1348352492714
            }
        },
        {
            "year": "2014",
            "data": {
                "AT": 230.90847813372125,
                "BE": 191.0807615563693,
                "BG": 441.87676108119865,
                "HR": 112.74360292576559,
                "CY": 4.304185987538856,
                "CZ": 203.97303715796832,
                "DK": 124.88491149111671,
                "EE": 49.32783381648277,
                "FI": 204.65718820476738,
                "FR": 3337.8022132263927,
                "DE": 3100.0624900666007,
                "EL": 494.537183107284,
                "HU": 132.83879808874858,