{
    "type": "bC21",
    "range_thresholds": [
        16.100000000000005,
        181.697942102026,
        181.77763634393642,
        586.4261850421468,
        591.7645631235321,
        1503.8960865093036,
        1507.9149335609036,
        3987.0844501929378,
        4012.6262534655293,
        11530.92150498676,
        11571.31706866456,
        24620.198396047115
    ],
    "series": [
        {
            "year": "2008",
            "data": {
                "AT": 2020.8587957780735,
                "BE": 3160.3588139064304,
                "BG": 111.01715728496664,
                "HR": 313.99161646368725,
                "CY": 70.170709269959,
                "CZ": 490.1268934913462,
                "DK": 3987.0844501929378,
                "EE": 17.600000000000005,
                "FI": 586.4261850421468,
                "FR": 18446.355390757417,
                "DE": 20050.07816922552,
                "EL": 592.1096839660701,
                "HU": 1104.7323549833072,
                "IE": 13727.83264371212,
                "IT": 13018.52040492832,
                "LT": 22.950000000000006,
                "NL": 2953.206951041206,
                "PL": 1750.6427786161764,
                "PT": 573.8759144071995,
                "RO": 309.5079863114516,
                "SK": 157.74915689230954,
                "SI": 955.7,
                "ES": 8162.6444428648,
                "SE": 3901.6972881152333,
                "UK": 9192.657940679534
            }
        },
        {
            "year": "2009",
            "data": {
                "AT": 2233.349236826504,
                "BE": 3155.945675740442,
                "BG": 144.0209532381829,
                "HR": 313.9132161261669,
                "CY": 70.05388203451805,
                "CZ": 534.2525277069724,
                "DK": 4012.6262534655293,
                "EE": 16.100000000000005,
                "FI": 591.7645631235321,
                "FR": 18556.308886648265,
                "DE": 18607.77147223216,
                "EL": 822.193173371841,
                "HU": 1117.7193131184704,
                "IE": 12561.456526241065,
                "IT": 13165.690234126409,
                "LT": 36.669340286474366,
                "NL": 2953.1741766469354,
                "PL": 1690.7303706240189,
                "PT": 592.5424137063933,
                "RO": 369.4023600554793,
                "SK": 159.94363251173408,
                "SI": 955.7,
                "ES": 8165.286956168551,
                "SE": 3906.663840274306,
                "UK": 8763.47088756597
            }
        },
        {
            "year": "2010",
            "data": {
                "AT": 2545.926664279016,
                "BE": 5177.551345851713,
                "BG": 132.6177449920388,
                "HR": 314.2152527005,
                "CY": 70.41642874221965,
                "CZ": 537.063024566965,
                "DK": 4032.287723188731,
                "EE": 25.872044068325852,
                "FI": 695.2837309964302,
                "FR": 18688.480787802062,
                "DE": 18741.314301084854,
                "EL": 682.6466132805596,
                "HU": 1283.0619032141472,
                "IE": 13864.545189748798,
                "IT": 13550.564964142824,
                "LT": 36.665549100596046,
                "NL": 3048.0809227390064,
                "PL": 2061.2048841871115,
                "PT": 628.4175335381665,
                "RO": 414.6177057425705,
                "SK": 181.77878503573498,
                "SI": 955.7,
                "ES": 7938.3729550061,
                "SE": 3890.9773128596557,
                "UK": 10790.68789423942
            }
        },
        {
            "year": "2011",
            "data": {
                "AT": 2647.3685756078285,
                "BE": 4428.611161574179,
                "BG": 157.54627126703198,
                "HR": 314.2860185332368,
                "CY": 72.18741200061612,
                "CZ": 496.4567545773023,
                "DK": 4366.904573924263,
                "EE": 25.36503291970156,
                "FI": 809.6195714537714,
                "FR": 18034.66153410444,
                "DE": 19514.12479392693,
                "EL": 539.8170073281543,
                "HU": 1425.5960409165052,
                "IE": 15358.241568581885,
                "IT": 13993.19167577834,
                "LT": 35.27043751910114,
                "NL": 2911.293174606221,
                "PL": 1614.7943511162562,
                "PT": 614.5241081076831,
                "RO": 385.2819339371673,
                "SK": 181.78439131401004,
                "SI": 955.7,
                "ES": 7670.692516617881,
                "SE": 3880.548463915546,
                "UK": 11571.31706866456
            }
        },
        {
            "year": "2012",
            "data": {
                "AT": 2364.5525761986787,
                "BE": 4428.984630481895,
                "BG": 170.14312295100038,
                "HR": 314.2979721846665,
                "CY": 77.94111560534195,
                "CZ": 496.0526663800636,
                "DK": 5112.5299611064065,
                "EE": 25.530354880105413,
                "FI": 814.4783351123529,
                "FR": 18292.307094492826,
                "DE": 20321.836846210117,
                "EL": 563.8490882066884,
                "HU": 1507.9149335609036,
                "IE": 12635.021008448564,
                "IT": 13713.902670340563,
                "LT": 26.579717998590173,
                "NL": 3146.786061888066,
                "PL": 1700.5817544514416,
                "PT": 620.5542406373856,
                "RO": 418.29912212157365,
                "SK": 181.77763634393642,
                "SI": 955.7,
                "ES": 7569.22414476354,
                "SE": 3906.708424833012,
                "UK": 11305.413027473089
            }
        },
        {
            "year": "2013",
            "data": {
                "AT": 2758.1181764137423,
                "BE": 6271.340203772232,
                "BG": 227.5119390380429,
                "HR": 315.54977016823034,
                "CY": 78.01551104686685,
                "CZ": 483.81643672096465,
                "DK": 5036.612211907599,
                "EE": 25.13585712091896,
                "FI": 806.5826187018034,
                "FR": 18659.850699682618,
                "DE": 21797.97109932578,
                "EL": 939.3747697647433,
                "HU": 1379.6225541785984,
                "IE": 12475.403242576704,
                "IT": 13914.525060010754,
                "LT": 61.40863415853274,
                "NL": 2585.1668307401324,
                "PL": 1818.6795971658112,
                "PT": 611.9839594459744,
                "RO": 459.79171536274566,
                "SK": 181.68922729718682,
                "SI": 955.7,
                "ES": 7584.622291361965,
                "SE": 4405.8611712529655,
                "UK": 10181.336140438529
            }
        },
        {
            "year": "2014",
            "data": {
                "AT": 2840.118038213341,
                "BE": 7000.373272063512,
                "BG": 189.04306746386703,
                "HR": 343.32706945370535,
                "CY": 78.44433580963599,
                "CZ": 473.9296462614844,
                "DK": 6037.738739980263,
                "EE": 25.016599174991182,
                "FI": 804.8237455082823,
                "FR": 18403.69680898912,
                "DE": 22809.59116934797,
                "EL": 1033.4616613154046,
                "HU": 1503.8960865093036,
                "IE": 12398.487357374284,
                "IT": 13194.918495031985,
                "LT": 88.36165320835035,
                "NL": 2513.101339329257,
                "PL": 1858.391534567123,
                "PT": 599.9730472358509,
                "RO": 474.1603194291062,
                "SK": 181.696413999086,
                "SI": 955.7,