{
    "type": "bC17",
    "range_thresholds": [
        7.562499999999999,
        235.4125,
        241.425,
        621.3875000000003,
        623.2125,
        1377.35,
        1439.3125,
        5116.7375,
        5237.0999999999985,
        14288.9625,
        14333.7,
        42396.45
    ],
    "series": [
        {
            "year": "2008",
            "data": {
                "AT": 6198.362500000001,
                "BE": 3741.725,
                "BG": 284.55,
                "HR": 241.425,
                "CY": 66.86250000000001,
                "CZ": 1705.0999999999995,
                "DK": 1261.6625,
                "EE": 79.1625,
                "FI": 14942.2,
                "FR": 19405.4875,
                "DE": 39525.162499999984,
                "EL": 1137.15,
                "HU": 1249.25,
                "IE": 415.475,
                "IT": 21070.775,
                "LV": 87.78750000000002,
                "LT": 189.85,
                "MT": 8.875,
                "NL": 2170.3,
                "PL": 5398.6375,
                "PT": 2536.5125,
                "RO": 701.2375,
                "SK": 688.9375,
                "SI": 692.5625,
                "ES": 13186.687499999995,
                "SE": 14620.212499999998,
                "UK": 13559.9625
            }
        },
        {
            "year": "2009",
            "data": {
                "AT": 5237.0999999999985,
                "BE": 3424.0625,
                "BG": 260.51250000000005,
                "HR": 201.1625,
                "CY": 58.925,
                "CZ": 1705.1,
                "DK": 1091.5625,
                "EE": 78.4375,
                "FI": 14333.7,
                "FR": 17413.225,
                "DE": 35258.6625,
                "EL": 1101.775,
                "HU": 1315.2625,
                "IE": 470.0750000000001,
                "IT": 18341.325000000004,
                "LV": 69.30000000000001,
                "LT": 180.0625,
                "MT": 8.7,
                "NL": 1849.6,
                "PL": 5384.8,
                "PT": 2602.1125,
                "RO": 573.675,
                "SK": 658.7125,
                "SI": 575.0125,
                "ES": 11113.6625,
                "SE": 11377.1875,
                "UK": 11687.8875
            }
        },
        {
            "year": "2010",
            "data": {
                "AT": 5895.975,
                "BE": 3781.5624999999986,
                "BG": 268.8875,
                "HR": 221.0125,
                "CY": 64.375,
                "CZ": 1705.0999999999995,
                "DK": 1090.1875,
                "EE": 87.94999999999997,
                "FI": 14337.3,
                "FR": 18408.4625,
                "DE": 39438.25,
                "EL": 1048.9125,
                "HU": 1358.475,
                "IE": 405.32499999999993,
                "IT": 20013.0125,
                "LV": 84.425,
                "LT": 235.4125,
                "MT": 7.5625,
                "NL": 1996.5,
                "PL": 6243.562500000001,
                "PT": 3308.15,
                "RO": 664.3875,
                "SK": 581.3125,
                "SI": 621.3875000000003,
                "ES": 12340.75,
                "SE": 13513.65,
                "UK": 13326.2
            }
        },
        {
            "year": "2011",
            "data": {
                "AT": 6260.975,
                "BE": 4331.437499999999,
                "BG": 289.7875,
                "HR": 252.55,
                "CY": 53.3875,
                "CZ": 1705.1,
                "DK": 1216.1749999999995,
                "EE": 98.65,
                "FI": 14384.500000000002,
                "FR": 18838.4375,
                "DE": 41907.5,
                "EL": 1018.8125,
                "HU": 1474.25,
                "IE": 400.275,
                "IT": 21665.15,
                "LV": 93.3875,
                "LT": 284.25,
                "MT": 7.562499999999999,
                "NL": 2206.7,
                "PL": 7029.949999999999,
                "PT": 3620.325,
                "RO": 746.7375,
                "SK": 565.5124999999998,
                "SI": 637.9125,
                "ES": 13357.85,
                "SE": 14373.4625,
                "UK": 12967.2875
            }
        },
        {
            "year": "2012",
            "data": {
                "AT": 6189.0999999999985,
                "BE": 4320.3625,
                "BG": 302.7875,
                "HR": 257.63750000000005,
                "CY": 51.3625,
                "CZ": 1705.1,
                "DK": 1102.475,
                "EE": 100.85,
                "FI": 14101.6,
                "FR": 18364.8,
                "DE": 40724.3,
                "EL": 1061.9875,
                "HU": 1364.125,
                "IE": 435.8875000000001,
                "IT": 20578.9625,
                "LV": 104.3,
                "LT": 304.39999999999986,
                "MT": 7.5625,
                "NL": 2159.9,
                "PL": 7210.95,
                "PT": 3587.7499999999995,
                "RO": 755.3625,
                "SK": 569.0125,
                "SI": 627.9125,
                "ES": 12741.8625,
                "SE": 14288.9625,
                "UK": 13212.5125
            }
        },
        {
            "year": "2013",
            "data": {
                "AT": 6036.35,
                "BE": 4472.737499999998,
                "BG": 316.3125,
                "HR": 277.4375,
                "CY": 47.5875,
                "CZ": 1705.0999999999995,
                "DK": 1162.225,
                "EE": 100.55,
                "FI": 19298.1,
                "FR": 17976.9625,
                "DE": 40147.11249999999,
                "EL": 1112.9625,
                "HU": 1377.35,
                "IE": 421.5375,
                "IT": 20692.95,
                "LV": 112.97499999999998,
                "LT": 365.55,
                "MT": 7.5625,
                "NL": 2164.5,
                "PL": 7741.7875,
                "PT": 3599.675000000001,
                "RO": 815.6250000000001,
                "SK": 589.9125,
                "SI": 635.175,
                "ES": 12612.2375,
                "SE": 14235.962499999996,
                "UK": 13372.8375
            }
        },
        {
            "year": "2014",
            "data": {
                "AT": 6139.125000000001,
                "BE": 4939.6875,
                "BG": 342.8625,
                "HR": 293.4249999999999,
                "CY": 48.0,
                "CZ": 1705.1,
                "DK": 1163.3000000000004,
                "EE": 101.75,
                "FI": 19013.8,
                "FR": 17783.475,
                "DE": 39665.7,
                "EL": 1252.6124999999995,
                "HU": 1439.3125,
                "IE": 441.975,
                "IT": 21378.175,
                "LV": 114.17499999999998,
                "LT": 391.1625,
                "MT": 7.5625,
                "NL": 2338.5,
                "PL": 8173.825,
                "PT": 3612.425,
                "RO": 872.9999999999997,
                "SK": 591.2124999999999,
                "SI": 653.7875,
                "ES": 11889.8125,
                "SE": 13818.375000000002,
                "UK": 13980.712499999998
            }
        },
        {
            "year": "2015",
            "data": {
                "AT": 6153.674999999998,
                "BE": 5042.2125000000015,
                "BG": 430.22499999999985,
                "HR": 330.525,
                "CY": 50.7375,
                "CZ": 1705.1,
                "DK": 1153.9,
                "EE": 102.7,
                "FI": 19243.3,
                "FR": 18062.6125,
                "DE": 40243.575,
                "EL": 1302.05,
                "HU": 1520.3374999999994,
                "IE": 477.825,
                "IT": 21818.75,
                "LV": 112.17499999999998,
                "LT": 416.6375000000001,