{
    "type": "bC31",
    "range_thresholds": [
        2.137219246456858,
        214.94984362616532,
        215.9924369586491,
        356.48218724346475,
        359.0799014524752,
        687.0679250867297,
        690.1581386435597,
        1125.404127342726,
        1142.2584036127805,
        3251.834573008695,
        3257.1099372917797,
        14893.270348324448
    ],
    "series": [
        {
            "year": "2008",
            "data": {
                "AT": 1288.6467001222347,
                "BE": 1142.2584036127805,
                "BG": 299.68322409692587,
                "HR": 288.6216744194113,
                "CY": 50.77110129739511,
                "CZ": 598.0079828411417,
                "DK": 1532.016248708207,
                "EE": 261.7171218044714,
                "FI": 663.1955477220462,
                "FR": 3197.194300779478,
                "DE": 11477.003840882042,
                "EL": 554.3692920343683,
                "HU": 536.0370945674754,
                "IE": 542.4991661609649,
                "IT": 14893.270348324448,
                "LV": 154.52740508352457,
                "LT": 690.1581386435597,
                "LU": 2.7475037968773943,
                "MT": 31.57719447724969,
                "NL": 748.5106450579408,
                "PL": 5525.904958145322,
                "PT": 903.2645150412848,
                "RO": 1425.1212028784526,
                "SK": 450.1043519282332,
                "SI": 473.8195996083495,
                "ES": 5164.1664754590365,
                "SE": 1453.8068605648334,
                "UK": 4582.209644478422
            }
        },
        {
            "year": "2009",
            "data": {
                "AT": 1190.4573151269205,
                "BE": 1066.5503965551159,
                "BG": 240.4250054070163,
                "HR": 243.40413262922226,
                "CY": 42.792143395771866,
                "CZ": 628.7552144470003,
                "DK": 1231.1305679478862,
                "EE": 246.14021094535312,
                "FI": 479.3662682583738,
                "FR": 3319.040884025393,
                "DE": 9016.233624609868,
                "EL": 473.2244120036574,
                "HU": 388.3263015439337,
                "IE": 316.15606964751333,
                "IT": 12985.311496014669,
                "LV": 121.86769513069572,
                "LT": 539.1381406647956,
                "LU": 2.137219246456858,
                "MT": 34.92718088914919,
                "NL": 797.8138733113469,
                "PL": 4717.861328931798,
                "PT": 740.5856141068625,
                "RO": 1113.3891244962863,
                "SK": 377.2478738490432,
                "SI": 273.7354661145006,
                "ES": 3769.015382852343,
                "SE": 1253.2161032959905,
                "UK": 3239.7635685605555
            }
        },
        {
            "year": "2010",
            "data": {
                "AT": 1175.8547745880423,
                "BE": 1066.6905813524954,
                "BG": 247.93664910345427,
                "HR": 246.40983162119042,
                "CY": 40.05949423009878,
                "CZ": 621.7643882518361,
                "DK": 1001.0857782116617,
                "EE": 242.7025614032185,
                "FI": 468.90296864328275,
                "FR": 3285.033179539757,
                "DE": 9796.00403329613,
                "EL": 436.69402229413606,
                "HU": 362.9042824311912,
                "IE": 317.3094954301765,
                "IT": 13408.055889393747,
                "LV": 112.91604621242287,
                "LT": 610.4280912203727,
                "LU": 2.6302479814493536,
                "MT": 25.903276408881393,
                "NL": 809.4051114061322,
                "PL": 4561.216413141665,
                "PT": 765.8409139634358,
                "RO": 1163.5336370080006,
                "SK": 453.3195050669288,
                "SI": 272.6492555578434,
                "ES": 3686.519558158177,
                "SE": 1382.0471196170733,
                "UK": 3592.523385761531
            }
        },
        {
            "year": "2011",
            "data": {
                "AT": 1185.4546817588905,
                "BE": 1025.8989294340663,
                "BG": 263.9970886368925,
                "HR": 244.34656562313413,
                "CY": 33.19921911833938,
                "CZ": 625.3975690521387,
                "DK": 993.2199551949864,
                "EE": 257.77440160235693,
                "FI": 500.54400186197,
                "FR": 3257.1099372917797,
                "DE": 9994.063342928346,
                "EL": 356.48218724346475,
                "HU": 341.1967080731114,
                "IE": 236.61766019429882,
                "IT": 12600.047715512483,
                "LV": 124.42070935523232,
                "LT": 739.215016652612,
                "LU": 2.9621430041173227,
                "MT": 25.79275124232706,
                "NL": 818.4630523143397,
                "PL": 5035.213681667516,
                "PT": 687.0679250867297,
                "RO": 1185.0654615888843,
                "SK": 453.21428908724135,
                "SI": 243.47610619716752,
                "ES": 3129.539201310737,
                "SE": 1520.5850103709186,
                "UK": 3251.834573008695
            }
        },
        {
            "year": "2012",
            "data": {
                "AT": 1204.1657707648274,
                "BE": 930.4379630532584,
                "BG": 274.1301608482162,
                "HR": 274.35349313694115,
                "CY": 27.874299034899764,
                "CZ": 672.6433363068693,
                "DK": 962.4740003442296,
                "EE": 262.4620828221889,
                "FI": 484.87524377361535,
                "FR": 3270.5063817888677,
                "DE": 10450.503832881031,
                "EL": 215.9924369586491,
                "HU": 349.03731359059753,
                "IE": 234.81869239214248,
                "IT": 11194.606467252017,
                "LV": 147.88715612117434,
                "LT": 853.8030623794352,
                "LU": 3.014137497554834,
                "MT": 25.14929168182537,
                "NL": 926.8657848785597,
                "PL": 4695.929258394102,
                "PT": 659.0905376844357,
                "RO": 1187.4043168113944,
                "SK": 471.1097994158675,
                "SI": 210.17458184921657,
                "ES": 2679.312864271974,
                "SE": 1525.4947862884092,
                "UK": 3546.1909640194226
            }
        },
        {
            "year": "2013",
            "data": {
                "AT": 1151.6488463554058,
                "BE": 1039.501873238406,
                "BG": 262.6898495757572,
                "HR": 214.94984362616532,
                "CY": 25.22839330616138,
                "CZ": 674.6404916546677,
                "DK": 980.4480021684777,
                "EE": 270.1276351646378,
                "FI": 419.4127250874141,
                "FR": 3167.696682889764,
                "DE": 9783.54432207608,
                "EL": 160.7390372336812,
                "HU": 359.0799014524752,
                "IE": 280.7230533287799,
                "IT": 12027.87748980118,
                "LV": 165.2061458379409,
                "LT": 892.8985412483911,
                "LU": 2.9719932705969283,
                "MT": 25.571098280586906,
                "NL": 842.1923566746201,
                "PL": 5120.73947774571,
                "PT": 699.5934924639693,
                "RO": 1257.6633100527913,
                "SK": 508.1684253014383,
                "SI": 188.3688877930496,
                "ES": 2246.9412347601774,
                "SE": 1446.4285241120695,
                "UK": 3442.967346688674
            }
        },
        {
            "year": "2014",
            "data": {
                "AT": 1094.1957217854488,
                "BE": 1028.1065754135866,