{
    "type": "Biod",
    "range_thresholds": [
        0.0,
        0.7599438000326034,
        0.8926693144413129,
        102.72768314000106,
        106.77150131245985,
        452.91460069029677,
        464.2274017724141,
        3832.6822717566465
    ],
    "series": [
        {
            "year": "2008",
            "data": {
                "AT": 397.6771065207783,
                "BE": 222.89859359187636,
                "BG": 0.0,
                "HR": 5.075696866835057,
                "CY": 1.2920500557317978,
                "DK": 13.550772062648793,
                "EE": 0.0,
                "FI": 29.05342579724207,
                "FR": 0.0,
                "DE": 2105.8721078941385,
                "EL": 101.01830956184617,
                "HU": 0.0,
                "IT": 674.9506269444996,
                "LV": 0.0,
                "LT": 42.941408537913475,
                "PL": 137.117675458977,
                "PT": 193.74843914863285,
                "RO": 62.879725556903686,
                "SK": 0.0,
                "ES": 735.5476978616783,
                "SE": 106.77150131245985,
                "UK": 513.352005961714
            }
        },
        {
            "year": "2009",
            "data": {
                "AT": 428.78190128299866,
                "BE": 293.95442788655083,
                "BG": 0.0,
                "HR": 4.2858139511385716,
                "CY": 1.2405807930811823,
                "DK": 16.921503436757323,
                "EE": 0.0,
                "FI": 131.38254984533756,
                "FR": 0.0,
                "DE": 2409.28832583758,
                "EL": 65.22975373265155,
                "HU": 0.0,
                "IT": 482.0931177256333,
                "LV": 0.0,
                "LT": 69.86881661512037,
                "PL": 150.2562380540046,
                "PT": 201.05042917258496,
                "RO": 51.01817713983132,
                "SK": 0.0,
                "ES": 670.2187101225283,
                "SE": 93.85478363485964,
                "UK": 296.8214047147616
            }
        },
        {
            "year": "2010",
            "data": {
                "AT": 544.6968125976696,
                "BE": 346.2384088405786,
                "BG": 0.0,
                "HR": 12.218710367020405,
                "CY": 1.2320311678202938,
                "DK": 65.45092328293053,
                "EE": 0.0,
                "FI": 189.44042145776473,
                "FR": 0.0,
                "DE": 3020.3213649889067,
                "EL": 59.7626187180437,
                "HU": 0.0,
                "IT": 553.3769675868199,
                "LV": 0.0,
                "LT": 49.13173761462182,
                "PL": 156.15759035989612,
                "PT": 247.24580096771888,
                "RO": 25.993817024669358,
                "SK": 0.0,
                "ES": 817.0426444378265,
                "SE": 158.19376194237472,
                "UK": 498.31057420638297
            }
        },
        {
            "year": "2011",
            "data": {
                "AT": 644.5822174071783,
                "BE": 483.50367805118,
                "BG": 0.0,
                "HR": 10.782886751386842,
                "CY": 1.4151623424814652,
                "DK": 61.38372656889256,
                "EE": 0.0,
                "FI": 180.8603308883954,
                "FR": 0.0,
                "DE": 3832.6822717566465,
                "EL": 48.74530775235242,
                "HU": 0.0,
                "IT": 654.2208093912367,
                "LV": 0.0,
                "LT": 50.10172626498978,
                "PL": 270.9653446608569,
                "PT": 332.12518968226885,
                "RO": 48.44722331597014,
                "SK": 0.0,
                "ES": 808.3622453309223,
                "SE": 208.04102880620889,
                "UK": 464.2274017724141
            }
        },
        {
            "year": "2012",
            "data": {
                "AT": 741.3568835756957,
                "BE": 210.1612266327673,
                "HR": 36.84826924179127,
                "CY": 0.5514401574592649,
                "DK": 98.29905844998486,
                "EE": 0.0,
                "FI": 680.5395988408807,
                "DE": 1662.3294925074224,
                "EL": 32.269895096865405,
                "IE": 0.0,
                "IT": 837.2560029171382,
                "LT": 100.4752401190122,
                "PL": 702.0740369559409,
                "PT": 507.94772740411315,
                "RO": 87.42944493082922,
                "SK": 0.0,
                "SI": 0.0,
                "ES": 483.97713350870237,
                "SE": 243.2832864154605,
                "UK": 89.80598308714127
            }
        },
        {
            "year": "2013",
            "data": {
                "AT": 646.3290299669012,
                "BE": 230.36702711744428,
                "HR": 36.228562205962135,
                "CY": 0.5833000229473697,
                "DK": 114.02517945519013,
                "EE": 0.0,
                "FI": 801.8500337438941,
                "DE": 1639.0514209361152,
                "EL": 66.42318646539732,
                "IE": 0.0,
                "IT": 837.5623678032472,
                "LT": 102.72768314000106,
                "PL": 452.91460069029677,
                "PT": 421.8214908799184,
                "RO": 96.2396574807934,
                "SK": 0.0,
                "SI": 0.0,
                "ES": 589.8326792242688,
                "SE": 233.51895803785388,
                "UK": 128.2692784890655
            }
        },
        {
            "year": "2014",
            "data": {
                "AT": 626.7865438682752,
                "BE": 174.15055180852704,
                "HR": 36.51432762028788,
                "CY": 0.5092620209775135,
                "DK": 81.88025642244105,
                "EE": 0.0,
                "FI": 860.0507742299291,
                "DE": 1358.6720560095328,
                "EL": 156.03462829882275,
                "IE": 0.0,
                "IT": 802.1563159838784,
                "LT": 94.76533249415472,
                "PL": 690.0644493149807,
                "PT": 368.96697840163114,
                "RO": 117.80118504345128,
                "SK": 0.0,
                "SI": 0.0,
                "ES": 566.9223500476539,
                "SE": 290.33242088500475,
                "UK": 100.34002304706951
            }
        },
        {
            "year": "2015",
            "data": {
                "AT": 483.50085890109017,
                "BE": 125.39509367702223,
                "HR": 18.76746873784821,
                "CY": 0.736322746471297,
                "DK": 99.353519630445,
                "EE": 0.7391901729983495,
                "FI": 911.6648374398222,
                "DE": 1340.170428340453,
                "EL": 178.70283330906196,
                "IE": 0.0,
                "IT": 632.1382278597309,
                "LT": 79.00805819442718,
                "PL": 822.6662126394543,
                "PT": 421.1188329837242,
                "RO": 100.17786706965158,
                "SK": 0.0,
                "SI": 0.0,
                "ES": 738.3459570228492,
                "SE": 311.84311009485316,
                "UK": 50.85757605495715
            }
        },
        {
            "year": "2016",
            "data": {
                "AT": 499.53314158448035,
                "BE": 136.58212096822913,
                "HR": 0.7599438000326034,
                "CY": 0.8926693144413129,
                "DK": 109.15761362276925,
                "EE": 0.0,
                "FI": 924.1945358457201,
                "DE": 1549.3044076267597,
                "EL": 117.89531332478089,
                "HU": 148.64600703151416,
                "IE": 0.0,
                "IT": 244.90356214169293,
                "LT": 46.012617554768454,
                "PL": 824.9485326283789,
                "PT": 396.6600606879407,