{
    "type": "bC13",
    "range_thresholds": [
        0.3686623561188771,
        48.585593371155674,
        50.59830641338053,
        142.43722289455934,
        143.16377874058207,
        199.04379229281417,
        201.23571798908543,
        649.1783754294584,
        655.0936080683921,
        1839.507622733448,
        1840.3355477418072,
        11619.628251224487
    ],
    "series": [
        {
            "year": "2008",
            "data": {
                "AT": 568.1488677107584,
                "BE": 1604.4079070216833,
                "BG": 204.02658872894105,
                "HR": 86.8174402648653,
                "CY": 12.677412995039079,
                "CZ": 874.9513598717908,
                "DK": 247.95964556174908,
                "EE": 80.30225478850055,
                "FI": 250.28822605353992,
                "FR": 2975.367048706806,
                "DE": 3873.7755077499933,
                "EL": 477.23680644662653,
                "HU": 149.40087806264273,
                "IE": 68.59561297807471,
                "IT": 11619.628251224487,
                "LV": 29.74105361973355,
                "LT": 131.41420014329978,
                "LU": 7.166691028986548,
                "MT": 0.7124934366351223,
                "PL": 803.4192580146602,
                "PT": 1186.3800990331824,
                "RO": 474.6041075735444,
                "SK": 65.85413384430319,
                "SI": 238.5818928810299,
                "ES": 2119.24866356508,
                "SE": 293.35332427724336,
                "UK": 2546.1780957721908
            }
        },
        {
            "year": "2009",
            "data": {
                "AT": 480.38731071418016,
                "BE": 1316.37208914235,
                "BG": 129.47465114632956,
                "HR": 77.12613654998434,
                "CY": 10.983296018112922,
                "CZ": 824.3094082680107,
                "DK": 201.23571798908543,
                "EE": 59.93590705319953,
                "FI": 202.00878731103973,
                "FR": 2540.8973665989515,
                "DE": 3190.7807378235634,
                "EL": 394.83288238101716,
                "HU": 108.25822234904284,
                "IE": 56.33579818825854,
                "IT": 9746.685364928506,
                "LV": 12.30776599648788,
                "LT": 96.43683214892367,
                "LU": 6.946897417363098,
                "MT": 0.5554544822734904,
                "PL": 649.1783754294584,
                "PT": 998.9046301843588,
                "RO": 366.2495455410813,
                "SK": 43.449140535417754,
                "SI": 142.40969625658408,
                "ES": 1682.3769090036794,
                "SE": 244.66908271882096,
                "UK": 1868.202748463283
            }
        },
        {
            "year": "2010",
            "data": {
                "AT": 518.7972821578388,
                "BE": 1512.6032021245287,
                "BG": 122.26726997336284,
                "HR": 76.44222034317166,
                "CY": 10.711949995771537,
                "CZ": 786.1369204448469,
                "DK": 180.04829088609173,
                "EE": 60.7479945833533,
                "FI": 197.9401670821296,
                "FR": 2764.185145267315,
                "DE": 3455.935285036615,
                "EL": 327.8529739927614,
                "HU": 115.83667314831966,
                "IE": 51.604675242196805,
                "IT": 10485.619745046706,
                "LV": 17.767217754321067,
                "LT": 113.94958626664051,
                "LU": 4.9881825969098,
                "MT": 0.4150448609355091,
                "PL": 717.7313388365161,
                "PT": 1143.2769583266459,
                "RO": 426.86855129851136,
                "SK": 61.19717074694622,
                "SI": 166.9447147761026,
                "ES": 1853.410429789737,
                "SE": 276.072636892084,
                "UK": 2026.3659218817065
            }
        },
        {
            "year": "2011",
            "data": {
                "AT": 531.6181770367014,
                "BE": 1565.6801705513776,
                "BG": 141.83926970368125,
                "HR": 68.49619872413234,
                "CY": 10.043206447607208,
                "CZ": 760.4409954427109,
                "DK": 178.44640768611924,
                "EE": 59.49385748047357,
                "FI": 203.73893752141467,
                "FR": 2695.757656512957,
                "DE": 3710.2748199038106,
                "EL": 321.43057675179057,
                "HU": 147.68615012530012,
                "IE": 48.585593371155674,
                "IT": 11499.181688531367,
                "LV": 18.61139129602385,
                "LT": 143.16377874058207,
                "LU": 4.729599372704902,
                "MT": 0.39677888796256944,
                "PL": 806.5139153527088,
                "PT": 1152.5450863975727,
                "RO": 454.4520847735625,
                "SK": 75.3094129593536,
                "SI": 172.23814398694455,
                "ES": 1839.507622733448,
                "SE": 279.62101110075173,
                "UK": 2052.920433259499
            }
        },
        {
            "year": "2012",
            "data": {
                "AT": 517.4278104898209,
                "BE": 1339.2476411056582,
                "BG": 143.58222797978618,
                "HR": 60.48398552354446,
                "CY": 7.996626542649603,
                "CZ": 764.4075103310182,
                "DK": 180.31801464596126,
                "EE": 64.52650350368698,
                "FI": 174.03779646459262,
                "FR": 2536.6164754742013,
                "DE": 3483.184058824399,
                "EL": 202.838453865997,
                "HU": 151.29396798947357,
                "IE": 50.734947359012295,
                "IT": 9658.944057000319,
                "LV": 22.753300888773197,
                "LT": 151.2898073730225,
                "LU": 4.663057806504659,
                "MT": 0.3919023280358257,
                "PL": 789.6394959008555,
                "PT": 1102.9604640334514,
                "RO": 479.7312987510021,
                "SK": 67.36520844441056,
                "SI": 184.0722511161798,
                "ES": 1794.0133759723542,
                "SE": 263.9103181732989,
                "UK": 2122.808324083713
            }
        },
        {
            "year": "2013",
            "data": {
                "AT": 517.4150907636962,
                "BE": 1297.024666397522,
                "BG": 166.48414033520032,
                "HR": 56.62751656725872,
                "CY": 7.670467379447199,
                "CZ": 692.5860369837629,
                "DK": 199.04379229281417,
                "EE": 62.11750808736308,
                "FI": 168.38554033505145,
                "FR": 2512.960909030069,
                "DE": 3439.652272410876,
                "EL": 203.8662190699992,
                "HU": 142.43722289455934,
                "IE": 47.3415583222819,
                "IT": 9446.577215871424,
                "LV": 29.685619162870154,
                "LT": 150.5075950885023,
                "LU": 4.6223632098036544,
                "MT": 0.3900424598704424,
                "PL": 813.7294224262918,
                "PT": 1234.883040702054,
                "RO": 528.1306467353334,
                "SK": 69.83044159009404,
                "SI": 170.93345949552906,
                "ES": 1819.4119860642081,
                "SE": 261.35669411530546,
                "UK": 2021.7960628554035
            }
        },
        {
            "year": "2014",
            "data": {
                "AT": 534.0934696367701,
                "BE": 1302.0675026087151,
                "BG": 167.5240161599788,
                "HR": 54.855413318849365,
                "CY": 7.326807753557074,
                "CZ": 684.3940524748807,
                "DK": 192.11167629988608,