{
    "type": "percent",
    "range_thresholds": [
        3.2853681000000003,
        5.049468199999991,
        5.06720699999999,
        5.8172945,
        5.83107579999999,
        7.191830800000001,
        7.2920102,
        9.27809089999999,
        9.38097789999999,
        11.8478383,
        12.0423528,
        19.2518831
    ],
    "series": [
        {
            "year": "2015",
            "data": {
                "EU27_2020": 8.00292972854961,
                "EU28": 7.78055621804911,
                "AT": 5.5462746,
                "BE": 9.53125999999999,
                "BG": 14.899178099999899,
                "HR": 6.470134799999999,
                "CZ": 5.8172945,
                "DK": 5.86948029999999,
                "EE": 9.459219699999998,
                "FI": 9.27809089999999,
                "FR": 6.815733299999991,
                "DE": 4.0726308,
                "EL": 15.7652097999999,
                "HU": 11.3079052,
                "IE": 8.947017599999999,
                "IT": 8.5559569,
                "LV": 9.886765399999991,
                "LT": 15.333941099999999,
                "LU": 4.662879900000001,
                "MT": 5.855768399999991,
                "NL": 5.7459087,
                "PL": 8.86974289999999,
                "PT": 14.6874554999999,
                "RO": 19.2518831,
                "SK": 6.22314759999999,
                "SI": 12.3429918999999,
                "ES": 7.0769311,
                "SE": 4.498764999999991,
                "UK": 6.2897164000000005
            }
        },
        {
            "year": "2016",
            "data": {
                "EU27_2020": 7.2989904759207205,
                "EU28": 7.14715282275041,
                "AT": 5.163969599999991,
                "BE": 10.0443321999999,
                "BG": 13.5612481,
                "HR": 6.91829739999999,
                "CZ": 5.09070059999999,
                "DK": 5.83107579999999,
                "EE": 8.282202299999991,
                "FI": 8.4291421,
                "FR": 6.3169636,
                "DE": 3.7649383000000003,
                "EL": 16.4081118,
                "HU": 9.384748599999998,
                "IE": 7.191830800000001,
                "IT": 7.64525219999999,
                "LV": 9.48927549999999,
                "LT": 13.270111600000002,
                "LU": 4.0230378999999905,
                "MT": 5.5868404,
                "NL": 5.5347757999999905,
                "PL": 6.2624084,
                "PT": 13.2358848,
                "RO": 16.5867813,
                "SK": 5.310682899999991,
                "SI": 11.8478383,
                "ES": 7.538756299999999,
                "SE": 5.33043509999999,
                "UK": 6.13447429999999
            }
        },
        {
            "year": "2017",
            "data": {
                "EU27_2020": 6.9409641317579105,
                "EU28": 6.76676020692826,
                "AT": 4.431546499999991,
                "BE": 10.704205900000002,
                "BG": 12.0423528,
                "HR": 7.777847,
                "CZ": 3.8650102999999905,
                "DK": 5.442921099999991,
                "EE": 8.2405617,
                "FI": 8.32636769999999,
                "FR": 6.33819439999999,
                "DE": 3.6228461000000003,
                "EL": 16.5831957999999,
                "HU": 8.845916099999998,
                "IE": 6.5902131,
                "IT": 7.5204587,
                "LV": 9.38097789999999,
                "LT": 12.255150500000001,
                "LU": 3.3443307,
                "MT": 5.06720699999999,
                "NL": 5.077285599999991,
                "PL": 5.2522855,
                "PT": 11.569458599999999,
                "RO": 14.6805636999999,
                "SK": 5.049468199999991,
                "SI": 11.1961212,
                "ES": 7.517756200000001,
                "SE": 5.379968700000001,
                "UK": 5.610770899999991
            }
        },
        {
            "year": "2018",
            "data": {
                "EU27_2020": 6.72047217337545,
                "EU28": 6.49463816407932,
                "AT": 3.5795162999999905,
                "BE": 10.7799116,
                "BG": 12.4939815,
                "HR": 10.0096017999999,
                "CZ": 3.7234413,
                "DK": 5.222679299999999,
                "EE": 7.400919799999991,
                "FI": 7.669847599999991,
                "FR": 6.0081311999999905,
                "DE": 3.5343286,
                "EL": 13.268788,
                "HU": 6.89554549999999,
                "IE": 6.959353799999991,
                "IT": 7.2920102,
                "LV": 9.4711136,
                "LT": 10.6853755999999,
                "LU": 3.2853681000000003,
                "MT": 4.37307429999999,
                "NL": 5.114175399999991,
                "PL": 4.252201599999999,
                "PT": 10.5520087,
                "RO": 14.4557035,
                "SK": 5.0003074,
                "SI": 10.4339011,
                "ES": 8.64141229999999,
                "SE": 5.766725599999999,
                "UK": 5.000802099999991
            }
        }
    ]
}