{
    "categories": [
        "Austria",
        "Belgium",
        "Bulgaria",
        "Croatia",
        "Cyprus",
        "Czechia",
        "Denmark",
        "Estonia",
        "Finland",
        "France",
        "Germany",
        "Greece",
        "Hungary",
        "Ireland",
        "Italy",
        "Latvia",
        "Lithuania",
        "Luxembourg",
        "Malta",
        "Netherlands",
        "Poland",
        "Portugal",
        "Romania",
        "Slovakia",
        "Slovenia",
        "Spain",
        "Sweden",
        "United Kingdom"
    ],
    "data": [
        {
            "year": 2009,
            "series": [
                {
                    "name": "1000 t of dry matter (net trade)",
                    "data": [
                        10343.1916423377,
                        3923.85885067404,
                        1009.4697640441799,
                        755.844246503151,
                        90.92608730615422,
                        4397.2140478538695,
                        1711.65635478658,
                        1282.63396127439,
                        22313.9940735421,
                        16244.9025708871,
                        30500.260639190896,
                        1563.175891708426,
                        550.481991621462,
                        794.539486346984,
                        10869.5143589053,
                        1830.0468333707665,
                        1519.68129472134,
                        256.5010302939511,
                        25.219985509,
                        2420.921704006574,
                        11817.0156620191,
                        5421.994031537451,
                        4132.05769225724,
                        3672.12248156315,
                        1228.156402309073,
                        8042.48494876925,
                        30426.4746785166,
                        9617.31374570762
                    ]
                }
            ]
        },
        {
            "year": 2010,
            "series": [
                {
                    "name": "1000 t of dry matter (net trade)",
                    "data": [
                        11509.0708683536,
                        3557.464323775301,
                        931.5586989153,
                        750.6255983682809,
                        98.61354660951972,
                        5084.57945493298,
                        1925.56305235046,
                        2009.166231313201,
                        26344.215811448797,
                        17956.570447335336,
                        32876.2962424284,
                        1408.1111741034429,
                        745.3297682853733,
                        830.1316705615101,
                        11864.2297703297,
                        2325.10640366473,
                        1836.1807119723799,
                        254.75619109157228,
                        21.96347731,
                        2698.680512294099,
                        12539.8416189328,
                        5492.4805374733705,
                        4257.617644474911,
                        3850.559715799345,
                        1189.6266034918322,
                        8665.374566817261,
                        32303.932059956398,
                        10438.2344406076
                    ]
                }
            ]
        },
        {
            "year": 2011,
            "series": [
                {
                    "name": "1000 t of dry matter (net trade)",
                    "data": [
                        11761.751407178399,
                        3847.3895453568043,
                        1096.4957178769623,
                        776.724100698759,
                        81.5182397045088,
                        5138.677787074521,
                        1640.64110063366,
                        1796.40343581856,
                        26018.164727860298,
                        17981.139135397378,
                        33406.88791863181,
                        1296.7391974494258,
                        864.992703262074,
                        800.2285464668341,
                        11781.0688820214,
                        2583.85467275473,
                        1956.26836377297,
                        251.9825792627104,
                        21.1217278042,
                        2808.628396028669,
                        13043.587679999502,
                        5906.75143983816,
                        4332.43270390004,
                        3466.107711763462,
                        1104.5392584557294,
                        8246.88962029483,
                        32070.534471818897,
                        10376.6020177441
                    ]
                }
            ]
        },
        {
            "year": 2012,
            "series": [
                {
                    "name": "1000 t of dry matter (net trade)",
                    "data": [
                        11547.116472656,
                        4029.1915633055933,
                        1142.77247947621,
                        751.9664305113799,
                        52.60486031655909,
                        4986.28464735193,
                        1569.71034334217,
                        1842.9683638208303,
                        25342.224262184303,
                        17063.607277189607,
                        32314.199588486805,
                        773.7920918611359,
                        828.2909698344359,
                        836.2658163603828,
                        10791.3808260623,
                        2467.3658327449507,
                        1870.23605850236,
                        292.35085414811,
                        19.724445572,
                        2401.45458257498,
                        12497.3817778591,
                        6193.300846219611,
                        5474.39043128911,
                        3118.455425204882,
                        1073.89170168199,
                        7956.1048591629815,
                        31995.6290539435,
                        10119.1524980286
                    ]
                }
            ]
        },
        {
            "year": 2013,
            "series": [
                {
                    "name": "1000 t of dry matter (net trade)",
                    "data": [
                        11179.269108338001,
                        4548.504438224424,
                        1264.1260329224299,
                        1024.46619201254,
                        42.8932520754909,
                        4674.86647833251,
                        1849.36200659038,
                        1944.6507957581503,
                        26246.03806294681,
                        16641.734021670858,
                        32294.862694465803,
                        875.441928985713,
                        742.9365553431389,
                        846.3265056421629,
                        10642.7634769925,
                        2551.079759479203,
                        1806.62847273856,
                        227.43302731152053,
                        19.735859092,
                        2457.941718639572,
                        13230.2651755968,
                        5893.02074054956,
                        5844.676304695759,
                        3026.9343942734436,
                        1119.60338971245,
                        8082.881318885129,
                        31608.3766808215,
                        10827.438368208
                    ]
                }
            ]
        },
        {
            "year": 2014,
            "series": [
                {
                    "name": "1000 t of dry matter (net trade)",