{
    "type": "1000_T_of_dry_matter_(Net_trade)",
    "range_thresholds": [
        19.724445572,
        830.1316705615101,
        836.2658163603828,
        1569.71034334217,
        1640.64110063366,
        3026.9343942734436,
        3118.455425204882,
        6605.16110333738,
        7430.91954329556,
        12539.8416189328,
        13043.587679999502,
        33406.88791863181
    ],
    "series": [
        {
            "year": 2009,
            "data": {
                "BE": 3923.85885067404,
                "BG": 1009.4697640441799,
                "CZ": 4397.2140478538695,
                "DK": 1711.65635478658,
                "DE": 30500.260639190896,
                "EE": 1282.63396127439,
                "IE": 794.539486346984,
                "EL": 1563.175891708426,
                "ES": 8042.48494876925,
                "FR": 16244.9025708871,
                "HR": 755.844246503151,
                "IT": 10869.5143589053,
                "CY": 90.92608730615422,
                "LV": 1830.0468333707665,
                "LT": 1519.68129472134,
                "LU": 256.5010302939511,
                "HU": 550.481991621462,
                "MT": 25.219985509,
                "NL": 2420.921704006574,
                "AT": 10343.1916423377,
                "PL": 11817.0156620191,
                "PT": 5421.994031537451,
                "RO": 4132.05769225724,
                "SI": 1228.156402309073,
                "SK": 3672.12248156315,
                "FI": 22313.9940735421,
                "SE": 30426.4746785166,
                "UK": 9617.31374570762,
                "EU28": 186761.654452963
            }
        },
        {
            "year": 2010,
            "data": {
                "BE": 3557.464323775301,
                "BG": 931.5586989153,
                "CZ": 5084.57945493298,
                "DK": 1925.56305235046,
                "DE": 32876.2962424284,
                "EE": 2009.166231313201,
                "IE": 830.1316705615101,
                "EL": 1408.1111741034429,
                "ES": 8665.374566817261,
                "FR": 17956.570447335336,
                "HR": 750.6255983682809,
                "IT": 11864.2297703297,
                "CY": 98.61354660951972,
                "LV": 2325.10640366473,
                "LT": 1836.1807119723799,
                "LU": 254.75619109157228,
                "HU": 745.3297682853733,
                "MT": 21.96347731,
                "NL": 2698.680512294099,
                "AT": 11509.0708683536,
                "PL": 12539.8416189328,
                "PT": 5492.4805374733705,
                "RO": 4257.617644474911,
                "SI": 1189.6266034918322,
                "SK": 3850.559715799345,
                "FI": 26344.215811448797,
                "SE": 32303.932059956398,
                "UK": 10438.2344406076,
                "EU28": 203765.881138898
            }
        },
        {
            "year": 2011,
            "data": {
                "BE": 3847.3895453568043,
                "BG": 1096.4957178769623,
                "CZ": 5138.677787074521,
                "DK": 1640.64110063366,
                "DE": 33406.88791863181,
                "EE": 1796.40343581856,
                "IE": 800.2285464668341,
                "EL": 1296.7391974494258,
                "ES": 8246.88962029483,
                "FR": 17981.139135397378,
                "HR": 776.724100698759,
                "IT": 11781.0688820214,
                "CY": 81.5182397045088,
                "LV": 2583.85467275473,
                "LT": 1956.26836377297,
                "LU": 251.9825792627104,
                "HU": 864.992703262074,
                "MT": 21.1217278042,
                "NL": 2808.628396028669,
                "AT": 11761.751407178399,
                "PL": 13043.587679999502,
                "PT": 5906.75143983816,
                "RO": 4332.43270390004,
                "SI": 1104.5392584557294,
                "SK": 3466.107711763462,
                "FI": 26018.164727860298,
                "SE": 32070.534471818897,
                "UK": 10376.6020177441,
                "EU28": 204458.123084569
            }
        },
        {
            "year": 2012,
            "data": {
                "BE": 4029.1915633055933,
                "BG": 1142.77247947621,
                "CZ": 4986.28464735193,
                "DK": 1569.71034334217,
                "DE": 32314.199588486805,
                "EE": 1842.9683638208303,
                "IE": 836.2658163603828,
                "EL": 773.7920918611359,
                "ES": 7956.1048591629815,
                "FR": 17063.607277189607,
                "HR": 751.9664305113799,
                "IT": 10791.3808260623,
                "CY": 52.60486031655909,
                "LV": 2467.3658327449507,
                "LT": 1870.23605850236,
                "LU": 292.35085414811,
                "HU": 828.2909698344359,
                "MT": 19.724445572,
                "NL": 2401.45458257498,
                "AT": 11547.116472656,
                "PL": 12497.3817778591,
                "PT": 6193.300846219611,
                "RO": 5474.39043128911,
                "SI": 1073.89170168199,
                "SK": 3118.455425204882,
                "FI": 25342.224262184303,
                "SE": 31995.6290539435,
                "UK": 10119.1524980286,
                "EU28": 199351.814355292
            }
        },
        {
            "year": 2013,
            "data": {
                "BE": 4548.504438224424,
                "BG": 1264.1260329224299,
                "CZ": 4674.86647833251,
                "DK": 1849.36200659038,
                "DE": 32294.862694465803,
                "EE": 1944.6507957581503,
                "IE": 846.3265056421629,
                "EL": 875.441928985713,
                "ES": 8082.881318885129,
                "FR": 16641.734021670858,
                "HR": 1024.46619201254,
                "IT": 10642.7634769925,
                "CY": 42.8932520754909,
                "LV": 2551.079759479203,
                "LT": 1806.62847273856,
                "LU": 227.43302731152053,
                "HU": 742.9365553431389,
                "MT": 19.735859092,
                "NL": 2457.941718639572,
                "AT": 11179.269108338001,
                "PL": 13230.2651755968,
                "PT": 5893.02074054956,
                "RO": 5844.676304695759,
                "SI": 1119.60338971245,
                "SK": 3026.9343942734436,
                "FI": 26246.03806294681,
                "SE": 31608.3766808215,
                "UK": 10827.438368208,
                "EU28": 201514.256755904
            }
        },
        {
            "year": 2014,
            "data": {
                "BE": 4125.6403539834,
                "BG": 1304.65904552348,
                "CZ": 4731.747063230041,
                "DK": 2071.34912341538,
                "DE": 32373.821407346,
                "EE": 1976.5537854328697,
                "IE": 893.563518630471,
                "EL": 945.6608573901101,
                "ES": 8833.8035609793,
                "FR": 16225.364434804753,
                "HR": 998.25524217555,
                "IT": 11008.6279439972,
                "CY": 48.9269946511681,
                "LV": 2539.2062857066385,
                "LT": 2188.37507707311,
                "LU": 238.55317012151986,
                "HU": 1042.6255152437761,
                "MT": 22.759162034,
                "NL": 2600.041763633863,
                "AT": 11165.931878297,
                "PL": 14143.6748453355,
                "PT": 6386.956821016352,
                "RO": 5738.0004229528195,
                "SI": 1106.63714648632,
                "SK": 3210.0221059698774,
                "FI": 26518.170875002797,
                "SE": 32450.414069852704,
                "UK": 11771.4406904574,