{
    "type": "Bioeth",
    "range_thresholds": [
        0.0,
        1.399962615246905,
        1.5612834876938233,
        107.08234625110676,
        110.60495060926516,
        276.651040581504,
        278.0768459296867,
        751.7696386033529,
        792.8917210841605,
        2857.8732967154842
    ],
    "series": [
        {
            "year": "2008",
            "data": {
                "AT": 0.0,
                "BE": 412.6078391166642,
                "BG": 278.0768459296867,
                "HR": 19.755300341472953,
                "EE": 5.172231822348902,
                "FI": 30.63132170490844,
                "FR": 1890.3078093106055,
                "DE": 360.36590449755585,
                "EL": 241.1912655933939,
                "HU": 80.31623774734936,
                "IE": 0.0,
                "IT": 614.8521983374843,
                "LV": 0.0,
                "LT": 198.20131530284462,
                "NL": 276.651040581504,
                "PL": 1287.345957795274,
                "PT": 3.76861837518452,
                "RO": 397.42433320029147,
                "SK": 83.32453168993987,
                "SI": 0.0,
                "ES": 346.24087784640693,
                "SE": 1331.2321176360285,
                "UK": 689.0021043552736
            }
        },
        {
            "year": "2009",
            "data": {
                "AT": 0.0,
                "BE": 430.8225979979742,
                "BG": 307.83072839032457,
                "HR": 21.53438054821302,
                "EE": 0.1296791202212152,
                "FI": 32.299522421032876,
                "FR": 2696.8539289413598,
                "DE": 561.9996596739744,
                "EL": 235.23677679344883,
                "HU": 118.96532139912321,
                "IE": 0.0,
                "IT": 270.7959175454681,
                "LV": 0.0,
                "LT": 275.28249561641206,
                "NL": 310.6527576869643,
                "PL": 1398.0629806989925,
                "PT": 2.999276558850489,
                "RO": 927.9756468016699,
                "SK": 85.17475284789501,
                "SI": 0.0,
                "ES": 299.96287488788755,
                "SE": 1126.5061336010926,
                "UK": 936.7228324157904
            }
        },
        {
            "year": "2010",
            "data": {
                "AT": 0.0,
                "BE": 493.68269145188077,
                "BG": 430.1705684937552,
                "HR": 23.22362300628307,
                "EE": 0.11889859259517467,
                "FI": 53.33227395579618,
                "FR": 2579.77371781926,
                "DE": 625.7767573524633,
                "EL": 217.62034469799062,
                "HU": 92.28164305845532,
                "IE": 0.0,
                "IT": 206.59030137540447,
                "LV": 0.0,
                "LT": 287.2273205970136,
                "NL": 247.098677474488,
                "PL": 1080.1316548574664,
                "PT": 1.2241620799435344,
                "RO": 535.927259014003,
                "SK": 84.81849446532816,
                "SI": 0.0,
                "ES": 307.6701919071884,
                "SE": 1035.3942265343865,
                "UK": 974.0115938874719
            }
        },
        {
            "year": "2011",
            "data": {
                "AT": 0.0,
                "BE": 599.6359853897418,
                "BG": 856.7110762860901,
                "HR": 21.138247219135522,
                "EE": 4.005307183466875,
                "FI": 57.820414069498845,
                "FR": 2445.677067561937,
                "DE": 850.7954547868487,
                "EL": 116.60885364363321,
                "HU": 111.33762154631285,
                "IE": 0.0,
                "IT": 237.0576099289236,
                "LV": 0.0,
                "LT": 209.48705554208541,
                "NL": 197.48084204558083,
                "PL": 1187.304082725329,
                "PT": 1.9280533692843884,
                "RO": 412.4862532493053,
                "SK": 77.6759899271797,
                "SI": 0.0,
                "ES": 273.24682374103594,
                "SE": 1065.381062317354,
                "UK": 1350.6242577619369
            }
        },
        {
            "year": "2012",
            "data": {
                "AT": 0.0,
                "BE": 700.8825591367337,
                "BG": 829.521229492863,
                "HR": 37.30992327816491,
                "EE": 1.1568105185749655,
                "FI": 63.284015754665496,
                "FR": 2480.225169985199,
                "DE": 731.0090458309113,
                "EL": 199.79478745310402,
                "HU": 110.60495060926516,
                "IE": 0.0,
                "IT": 263.7367636324134,
                "LV": 0.0,
                "LT": 256.6951025074207,
                "NL": 264.64635444836347,
                "PL": 1084.6178033529418,
                "PT": 1.571223836455606,
                "RO": 300.1708723009947,
                "SK": 84.49282045196681,
                "SI": 0.0,
                "ES": 307.60593262593466,
                "SE": 1072.2207559161457,
                "UK": 1229.5204237674393
            }
        },
        {
            "year": "2013",
            "data": {
                "AT": 0.0,
                "BE": 751.7696386033529,
                "BG": 372.840840018916,
                "HR": 28.40119973106421,
                "EE": 0.6866818260721705,
                "FI": 65.11928508341782,
                "FR": 2802.588529087378,
                "DE": 714.2603637641001,
                "EL": 180.4837671044769,
                "HU": 188.228570359111,
                "IE": 0.0,
                "IT": 273.4794391340101,
                "LV": 0.0,
                "LT": 253.05599642165757,
                "NL": 223.77322712691372,
                "PL": 900.6898801852509,
                "PT": 1.399962615246905,
                "RO": 174.6125138844558,
                "SK": 72.74758673881247,
                "SI": 0.0,
                "ES": 288.78536734583685,
                "SE": 1070.5470454755498,
                "UK": 1309.4092699724933
            }
        },
        {
            "year": "2014",
            "data": {
                "AT": 0.0,
                "BE": 625.4405229288933,
                "BG": 465.1785929021322,
                "HR": 10.636319280354757,
                "EE": 2.4830397696673816,
                "FI": 36.695572889456564,
                "FR": 2857.8732967154842,
                "DE": 680.7488066100558,
                "EL": 186.20102820147517,
                "HU": 153.1370286938363,
                "IE": 0.0,
                "IT": 211.59767888184857,
                "LV": 0.0,
                "LT": 196.33141916879083,
                "NL": 243.57000538235147,
                "PL": 659.3924912323635,
                "PT": 1.5612834876938233,
                "RO": 324.2169569541744,
                "SK": 91.03936748744124,
                "SI": 0.0,
                "ES": 272.137047429039,
                "SE": 811.5718589935466,
                "UK": 1176.7318023424255
            }
        },
        {
            "year": "2015",
            "data": {
                "AT": 0.0,
                "BE": 792.8917210841605,
                "BG": 914.0425264534688,
                "HR": 4.786125179996924,
                "EE": 5.163361639192708,
                "FI": 33.42261919393791,
                "FR": 2243.769130021023,
                "DE": 837.9582972133144,
                "EL": 162.92391668682362,
                "HU": 178.20716083834526,
                "IE": 0.0,
                "IT": 207.23161710619328,
                "LV": 0.0,
                "LT": 181.85078650414212,
                "NL": 323.3359262769268,
                "PL": 711.1554930258172,
                "PT": 1.6518908123891851,
                "RO": 289.15766472786567,
                "SK": 88.94168620892876,