{
    "type": "bC31",
    "range_thresholds": [
        18.55325884861105,
        3420.8091261228346,
        3423.347559158847,
        5795.025771047338,
        5807.202658473845,
        9603.863814845501,
        9641.399604284305,
        14451.59888266585,
        15068.405373010437,
        38874.03692518206,
        39643.85339605353,
        125075.57495938393
    ],
    "series": [
        {
            "year": "2008",
            "data": {
                "AT": 12087.82099389434,
                "BE": 7184.303004946747,
                "BG": 18402.152136754623,
                "HR": 7857.104487192314,
                "CY": 787.1984023384323,
                "CZ": 10983.471416366967,
                "DK": 8952.394086191976,
                "EE": 5997.3452056651795,
                "FI": 5357.33629538391,
                "FR": 27242.770115359228,
                "DE": 79246.77911287645,
                "EL": 11395.05888621004,
                "HU": 13052.900256780478,
                "IE": 3860.1529103357398,
                "IT": 115900.96587879735,
                "LV": 6209.706280901201,
                "LT": 19139.066596554367,
                "LU": 19.558501604889926,
                "MT": 978.145293587844,
                "NL": 10280.183894301568,
                "PL": 108350.58212823339,
                "PT": 25854.081279530343,
                "RO": 64294.051150999636,
                "SK": 8714.853366687677,
                "SI": 8196.672550746629,
                "ES": 64204.865042303245,
                "SE": 9104.146073906977,
                "UK": 39643.85339605353
            }
        },
        {
            "year": "2009",
            "data": {
                "AT": 12013.867193710836,
                "BE": 7359.997764278861,
                "BG": 16435.22745337469,
                "HR": 7029.89421726715,
                "CY": 755.1914306307332,
                "CZ": 11496.377619023113,
                "DK": 6594.047020043051,
                "EE": 5034.707818379485,
                "FI": 4690.1157401560495,
                "FR": 28349.615415623994,
                "DE": 69830.75106362633,
                "EL": 11019.768921172163,
                "HU": 11341.483230860762,
                "IE": 2877.9127728323565,
                "IT": 111490.9373449468,
                "LV": 4773.165776213666,
                "LT": 15159.529740864438,
                "LU": 18.997504412949848,
                "MT": 973.65403021397,
                "NL": 10346.817298995236,
                "PL": 113208.36426713588,
                "PT": 20933.44087470173,
                "RO": 51883.024036248564,
                "SK": 7390.008372798641,
                "SI": 5943.143106346545,
                "ES": 50048.39881663959,
                "SE": 8820.471720477297,
                "UK": 41577.20299617503
            }
        },
        {
            "year": "2010",
            "data": {
                "AT": 12100.26819424958,
                "BE": 6839.794095023508,
                "BG": 14451.59888266585,
                "HR": 7224.948630095921,
                "CY": 751.8652783886791,
                "CZ": 11389.275888824695,
                "DK": 5335.750086139699,
                "EE": 4834.455425399915,
                "FI": 4063.046535224985,
                "FR": 28056.695010069707,
                "DE": 77079.52699425611,
                "EL": 10350.168062910074,
                "HU": 9906.48185127158,
                "IE": 2316.5252039325837,
                "IT": 105415.96278206797,
                "LV": 4294.90162183782,
                "LT": 15068.405373010437,
                "LU": 20.085530040158698,
                "MT": 921.2277580233473,
                "NL": 10145.974671025915,
                "PL": 107204.45555274344,
                "PT": 19760.2815889771,
                "RO": 47446.13987999414,
                "SK": 9033.120958351175,
                "SI": 5413.896277449729,
                "ES": 49396.305171442335,
                "SE": 8301.56968999232,
                "UK": 29435.784271459423
            }
        },
        {
            "year": "2011",
            "data": {
                "AT": 11603.571980604649,
                "BE": 6428.396962098854,
                "BG": 14254.526391834162,
                "HR": 7024.658549693013,
                "CY": 700.5993170825101,
                "CZ": 11336.094612450835,
                "DK": 6038.72195348328,
                "EE": 4741.205735688987,
                "FI": 3938.1213790778606,
                "FR": 31584.804044993285,
                "DE": 73407.76677982211,
                "EL": 9318.68798632028,
                "HU": 8867.875427608391,
                "IE": 1902.2304975263385,
                "IT": 97437.143619936,
                "LV": 4193.493632853646,
                "LT": 16192.490986167086,
                "LU": 18.93829133779928,
                "MT": 916.6130618992572,
                "NL": 9766.141180056291,
                "PL": 102092.59351930961,
                "PT": 18745.64556029575,
                "RO": 46702.137456424236,
                "SK": 8937.264643737455,
                "SI": 4626.208924672452,
                "ES": 41269.563900829846,
                "SE": 8584.988510325047,
                "UK": 35943.25993589355
            }
        },
        {
            "year": "2012",
            "data": {
                "AT": 11490.526584914893,
                "BE": 5807.202658473845,
                "BG": 13735.717854085013,
                "HR": 7346.4439424219045,
                "CY": 598.5813619654282,
                "CZ": 12234.731772617026,
                "DK": 5853.128504644452,
                "EE": 4801.910827529007,
                "FI": 3693.702475470626,
                "FR": 26107.187948325038,
                "DE": 73245.05181305177,
                "EL": 5982.106009910874,
                "HU": 9109.126719983378,
                "IE": 1782.3266909810156,
                "IT": 87017.44670120157,
                "LV": 4621.577700276137,
                "LT": 17718.27913479819,
                "LU": 19.2707151483014,
                "MT": 891.2797199918613,
                "NL": 10940.878323416873,
                "PL": 99384.32155607344,
                "PT": 17101.161409277902,
                "RO": 46699.39158893553,
                "SK": 8497.760188029015,
                "SI": 3838.359367215771,
                "ES": 34781.96750783347,
                "SE": 8139.461124250046,
                "UK": 38645.876383042596
            }
        },
        {
            "year": "2013",
            "data": {
                "AT": 10787.343304103246,
                "BE": 6216.694244787891,
                "BG": 12666.032015300549,
                "HR": 6141.270681849233,
                "CY": 541.4614804369796,
                "CZ": 12260.015288674713,
                "DK": 5679.259018894618,
                "EE": 4828.348623807607,
                "FI": 3275.071972961405,
                "FR": 25230.096590345885,
                "DE": 73672.04999898821,
                "EL": 3561.1200341481963,
                "HU": 9367.322464084897,
                "IE": 1847.4276204585315,
                "IT": 90787.10841738831,
                "LV": 4855.097927848562,
                "LT": 18986.8695402266,
                "LU": 19.00126845135741,
                "MT": 908.2122964746976,
                "NL": 10229.377348821397,
                "PL": 99093.89957664217,
                "PT": 16049.171673178831,
                "RO": 46508.32988123904,
                "SK": 9160.654174173997,
                "SI": 3375.7510236005487,
                "ES": 31274.586492711212,
                "SE": 7698.875148708939,
                "UK": 35941.17448515215
            }
        },
        {
            "year": "2014",
            "data": {
                "AT": 10112.032324578537,
                "BE": 6181.759401616415,