{
    "type": "bD3511",
    "range_thresholds": [
        2.468843515826011,
        26.33405058989777,
        32.04593892742064,
        122.47833763221504,
        124.21871640946681,
        294.73270423893115,
        303.42905881833235,
        459.09393878935987,
        460.27024946274673,
        922.2248248087046,
        926.6616316445096,
        3065.9493098597136
    ],
    "series": [
        {
            "year": "2008",
            "data": {
                "AT": 570.295946429519,
                "BE": 305.83830434713354,
                "BG": 4.911734560210884,
                "HR": 4.239478685853924,
                "CY": 5.333198121474072,
                "DK": 394.2610061175442,
                "EE": 8.645363289376434,
                "FI": 976.2116491062683,
                "EL": 67.88577184598448,
                "HU": 459.09393878935987,
                "IT": 464.2122705442701,
                "LV": 15.365508837551713,
                "LT": 20.38644091152807,
                "LU": 4.601313979400147,
                "NL": 328.05326920931736,
                "PL": 693.1444973169276,
                "PT": 182.89758645103177,
                "RO": 9.993015517822895,
                "SK": 130.12885262421983,
                "SI": 47.06783546413499,
                "ES": 264.95631921040354,
                "SE": 926.6616316445096,
                "UK": 400.50424920738226
            }
        },
        {
            "year": "2009",
            "data": {
                "AT": 573.2034495905367,
                "BE": 337.2003248235838,
                "BG": 2.468843515826011,
                "HR": 4.806469794234878,
                "CY": 12.321542822068071,
                "DK": 406.9499216667125,
                "EE": 83.55431272093574,
                "FI": 812.9700158118088,
                "EL": 80.18585152897255,
                "HU": 602.5008461976463,
                "IT": 647.3351049864588,
                "LV": 16.10459010784762,
                "LT": 24.54453871625329,
                "LU": 4.737411048888983,
                "NL": 369.67269325207087,
                "PL": 1033.0212541035,
                "PT": 189.1903990150829,
                "RO": 5.597873403832868,
                "SK": 122.26434601252,
                "SI": 32.04593892742064,
                "ES": 303.42905881833235,
                "SE": 1045.8428828211922,
                "UK": 1000.7278041852867
            }
        },
        {
            "year": "2010",
            "data": {
                "AT": 603.2774905584205,
                "BE": 354.973398728113,
                "BG": 11.070672718605712,
                "HR": 5.741677007917508,
                "CY": 16.300650451660644,
                "DK": 501.00480116493964,
                "EE": 129.86253754260315,
                "FI": 941.1373974925576,
                "EL": 37.1348218822988,
                "HU": 527.1941226820977,
                "IT": 806.1935207169576,
                "LV": 18.93943985065322,
                "LT": 76.11058430669289,
                "LU": 4.306624023797789,
                "NL": 316.19918239339694,
                "PL": 1687.1164962723128,
                "PT": 217.75205524733607,
                "RO": 55.05759461742755,
                "SK": 145.6174582609259,
                "SI": 40.20038931894954,
                "ES": 357.08493795961215,
                "SE": 1003.5536870124608,
                "UK": 1129.269567656445
            }
        },
        {
            "year": "2011",
            "data": {
                "AT": 557.403310604631,
                "BE": 403.5089357160446,
                "BG": 16.188582044885536,
                "HR": 12.354244064847595,
                "CY": 25.673012527413807,
                "DK": 586.2683670255249,
                "EE": 136.656494272664,
                "FI": 1094.4919974385173,
                "EL": 39.03058019049028,
                "HU": 413.6709104349462,
                "IT": 904.144272458294,
                "LV": 38.087237161112796,
                "LT": 34.707421278340746,
                "LU": 5.879542823998379,
                "NL": 285.0377119311791,
                "PL": 1913.5413006043798,
                "PT": 251.06765354949692,
                "RO": 95.84906881341671,
                "SK": 156.07267209325434,
                "SI": 49.7295877648993,
                "ES": 464.5787125948324,
                "SE": 957.0947803766617,
                "UK": 695.1814084621594
            }
        },
        {
            "year": "2012",
            "data": {
                "AT": 531.710822989345,
                "BE": 486.6453808384382,
                "BG": 21.494269009042345,
                "HR": 22.98977853672734,
                "CY": 25.306350983070057,
                "DK": 527.1229877847826,
                "EE": 171.80116543619613,
                "FI": 1124.9399399805234,
                "EL": 37.591845578029094,
                "HU": 384.9178003060567,
                "IT": 1153.6360767202245,
                "LV": 98.66171532944021,
                "LT": 53.41418728319485,
                "LU": 5.787975317556385,
                "NL": 370.99832431744835,
                "PL": 2479.437577397789,
                "PT": 280.4327651942808,
                "RO": 122.47833763221504,
                "SK": 179.2161566707466,
                "SI": 60.11295054176353,
                "ES": 473.94560990574456,
                "SE": 960.6670709229652,
                "UK": 778.047884854455
            }
        },
        {
            "year": "2013",
            "data": {
                "AT": 654.8267199693296,
                "BE": 457.4814080458562,
                "BG": 38.269835810058396,
                "HR": 25.347819883849052,
                "CY": 26.33405058989777,
                "DK": 511.76755386298964,
                "EE": 98.13763390890888,
                "FI": 1178.423359384386,
                "EL": 42.5907138683787,
                "HU": 446.3205985287239,
                "IT": 1646.4032351355302,
                "LV": 181.1922647124305,
                "LT": 162.60814513412447,
                "LU": 7.6630545298124835,
                "NL": 357.58913477045473,
                "PL": 1929.1073618462078,
                "PT": 255.5161209558488,
                "RO": 162.39116766819583,
                "SK": 172.48917011438306,
                "SI": 60.932222047304585,
                "ES": 368.5354466159137,
                "SE": 975.4105583292444,
                "UK": 2034.49949740716
            }
        },
        {
            "year": "2014",
            "data": {
                "AT": 663.4037565118201,
                "BE": 460.27024946274673,
                "BG": 62.27023321022993,
                "HR": 34.81522821648456,
                "CY": 25.76366153185763,
                "DK": 613.8203826805202,
                "EE": 115.292221306889,
                "FI": 1150.8311706807965,
                "EL": 94.05165132334787,
                "HU": 501.2396453300556,
                "IT": 1837.4394858942167,
                "LV": 324.8868201501685,
                "LT": 261.62544879873,
                "LU": 9.132562395938068,
                "NL": 229.09467048669427,
                "PL": 2247.0221707311853,
                "PT": 250.1970213359812,
                "RO": 294.73270423893115,
                "SK": 272.2023604442326,
                "SI": 52.47754307435462,
                "ES": 329.3313497742945,
                "SE": 922.2248248087046,
                "UK": 1392.8605804965766
            }
        },
        {
            "year": "2015",
            "data": {
                "AT": 679.2365642460503,
                "BE": 614.889157554156,
                "BG": 78.79444385639229,
                "HR": 69.02574780100659,
                "CY": 24.065906581806782,
                "DK": 708.2959612866475,
                "EE": 132.1314056409961,