{
    "type": "bC17",
    "range_thresholds": [
        26.874999999999996,
        2765.125,
        2798.5,
        4916.0,
        4933.75,
        10944.624999999998,
        10947.875,
        17042.0,
        17101.0,
        53931.25,
        54206.25,
        144886.0
    ],
    "series": [
        {
            "year": "2008",
            "data": {
                "AT": 18444.625,
                "BE": 11778.0,
                "BG": 9106.0,
                "HR": 4302.125,
                "CY": 726.0,
                "CZ": 14666.999999999995,
                "DK": 6666.25,
                "EE": 844.375,
                "FI": 31237.0,
                "FR": 67891.25,
                "DE": 142404.375,
                "EL": 9305.875,
                "HU": 11739.125,
                "IE": 3089.25,
                "IT": 74316.375,
                "LV": 1371.375,
                "LT": 3151.75,
                "MT": 58.25,
                "NL": 18424.0,
                "PL": 48303.75,
                "PT": 11473.25,
                "RO": 15332.375,
                "SK": 5103.25,
                "SI": 5001.625,
                "ES": 53096.0,
                "SE": 47433.125,
                "UK": 63454.25
            }
        },
        {
            "year": "2009",
            "data": {
                "AT": 17210.375,
                "BE": 10735.875,
                "BG": 8624.0,
                "HR": 3751.0,
                "CY": 685.25,
                "CZ": 14667.0,
                "DK": 5258.25,
                "EE": 922.375,
                "FI": 25376.0,
                "FR": 67891.25,
                "DE": 137740.125,
                "EL": 8447.25,
                "HU": 10988.625,
                "IE": 3094.625,
                "IT": 73385.375,
                "LV": 1180.25,
                "LT": 2798.5,
                "MT": 50.375,
                "NL": 17571.0,
                "PL": 51884.75,
                "PT": 11604.5,
                "RO": 12803.875,
                "SK": 4876.75,
                "SI": 4054.25,
                "ES": 48456.25,
                "SE": 36643.375,
                "UK": 63454.25
            }
        },
        {
            "year": "2010",
            "data": {
                "AT": 16733.375,
                "BE": 10819.874999999998,
                "BG": 7773.375,
                "HR": 3935.125,
                "CY": 655.25,
                "CZ": 14666.999999999995,
                "DK": 4861.125,
                "EE": 812.4999999999999,
                "FI": 25294.0,
                "FR": 67891.25,
                "DE": 139238.375,
                "EL": 7819.125,
                "HU": 10944.624999999998,
                "IE": 2652.375,
                "IT": 72330.875,
                "LV": 1221.75,
                "LT": 3205.0,
                "MT": 26.875000000000004,
                "NL": 17306.0,
                "PL": 53008.125,
                "PT": 11220.25,
                "RO": 11986.25,
                "SK": 4844.75,
                "SI": 3729.75,
                "ES": 46500.625,
                "SE": 35237.25,
                "UK": 63454.25
            }
        },
        {
            "year": "2011",
            "data": {
                "AT": 16642.125,
                "BE": 11169.999999999998,
                "BG": 7192.375,
                "HR": 3986.25,
                "CY": 602.875,
                "CZ": 14667.0,
                "DK": 5929.375,
                "EE": 880.5,
                "FI": 25261.0,
                "FR": 66874.375,
                "DE": 141510.0,
                "EL": 7382.625,
                "HU": 10668.0,
                "IE": 2681.375,
                "IT": 71903.125,
                "LV": 1165.375,
                "LT": 3240.75,
                "MT": 26.874999999999996,
                "NL": 17532.0,
                "PL": 53931.25,
                "PT": 11364.625,
                "RO": 11707.625,
                "SK": 4654.75,
                "SI": 3511.0,
                "ES": 46487.0,
                "SE": 35004.5,
                "UK": 63454.25
            }
        },
        {
            "year": "2012",
            "data": {
                "AT": 16768.625,
                "BE": 10413.625,
                "BG": 7194.375,
                "HR": 4040.0,
                "CY": 571.0,
                "CZ": 14666.999999999998,
                "DK": 5762.125,
                "EE": 867.5,
                "FI": 23678.0,
                "FR": 67306.75,
                "DE": 142618.75,
                "EL": 7260.25,
                "HU": 10498.75,
                "IE": 2716.125,
                "IT": 70741.5,
                "LV": 1285.625,
                "LT": 3409.9999999999995,
                "MT": 26.875,
                "NL": 17173.0,
                "PL": 53241.5,
                "PT": 10900.0,
                "RO": 12196.625,
                "SK": 4422.75,
                "SI": 3543.125,
                "ES": 44695.375,
                "SE": 34429.5,
                "UK": 63454.25
            }
        },
        {
            "year": "2013",
            "data": {
                "AT": 16668.375,
                "BE": 10417.25,
                "BG": 7321.375,
                "HR": 4238.0,
                "CY": 538.25,
                "CZ": 14666.999999999995,
                "DK": 5600.875,
                "EE": 904.5,
                "FI": 22780.0,
                "FR": 65433.0,
                "DE": 142030.87499999994,
                "EL": 6711.625,
                "HU": 11026.5,
                "IE": 2708.5,
                "IT": 69244.875,
                "LV": 1271.2499999999998,
                "LT": 3745.625,
                "MT": 26.875,
                "NL": 17042.0,
                "PL": 54206.25,
                "PT": 10913.750000000002,
                "RO": 12338.25,
                "SK": 4448.75,
                "SI": 3705.0,
                "ES": 43796.625,
                "SE": 33380.499999999985,
                "UK": 63454.25
            }
        },
        {
            "year": "2014",
            "data": {
                "AT": 16999.75,
                "BE": 10613.875,
                "BG": 7502.75,
                "HR": 4450.125,
                "CY": 553.75,
                "CZ": 14667.0,
                "DK": 5646.5,
                "EE": 891.5,
                "FI": 22061.0,
                "FR": 64641.875,
                "DE": 144396.62499999994,
                "EL": 7457.124999999997,
                "HU": 11293.25,
                "IE": 2765.125,
                "IT": 68655.125,
                "LV": 1241.75,
                "LT": 4068.125,
                "MT": 26.875000000000004,
                "NL": 17105.0,
                "PL": 56167.125,
                "PT": 9785.874999999998,
                "RO": 12615.749999999998,
                "SK": 4673.75,
                "SI": 3601.2499999999995,
                "ES": 41056.875,
                "SE": 32228.0,
                "UK": 63454.24999999999
            }
        },
        {
            "year": "2015",
            "data": {
                "AT": 16991.25,
                "BE": 10500.875,
                "BG": 8583.5,
                "HR": 4353.0,
                "CY": 569.5,
                "CZ": 14667.0,
                "DK": 5480.375,
                "EE": 922.75,
                "FI": 21446.0,
                "FR": 64198.625,
                "DE": 144389.625,
                "EL": 7266.75,
                "HU": 13925.624999999995,
                "IE": 2890.875,
                "IT": 67888.0,
                "LV": 1273.6249999999998,
                "LT": 4215.5,
                "MT": 26.875000000000004,
                "NL": 17101.0,
                "PL": 57169.625,
                "PT": 10070.499999999998,
                "RO": 12989.249999999998,
                "SK": 4662.75,
                "SI": 3410.25,
                "ES": 41909.75,