{
    "type": "bchem",
    "range_thresholds": [
        10.289692550679414,
        101.8890179682278,
        102.78984235192208,
        605.4284844780972,
        606.4580863145203,
        969.0869148337787,
        975.1015536236978,
        1798.7653863877358,
        1883.4548676127442,
        7077.920038425542,
        7132.467661808874,
        28745.785546512245
    ],
    "series": [
        {
            "year": "2008",
            "data": {
                "AT": 1497.9197287195225,
                "BE": 2482.494977577835,
                "BG": 1631.2983221429254,
                "HR": 411.94005037834296,
                "CY": 62.82023243893219,
                "CZ": 873.5579439215317,
                "DK": 1493.8686928390032,
                "EE": 172.13682722514085,
                "FI": 1231.5733611199375,
                "FR": 13951.194724769573,
                "DE": 20159.791180418368,
                "EL": 930.2680277949588,
                "HU": 732.106409788091,
                "IE": 188.88800478221643,
                "IT": 11925.669990784058,
                "LV": 1098.7919855232599,
                "LT": 291.90843407854925,
                "LU": 10.289692550679414,
                "MT": 15.495862628519204,
                "NL": 3348.731571900051,
                "PL": 3948.899863077707,
                "PT": 572.3681664547523,
                "RO": 586.0009155029218,
                "SK": 207.7292341822771,
                "SI": 148.51222176619754,
                "ES": 7062.774220597461,
                "SE": 3599.9515637167538,
                "UK": 11224.05699913954
            }
        },
        {
            "year": "2009",
            "data": {
                "AT": 1637.231990011561,
                "BE": 2673.4659874342824,
                "BG": 1719.1118334712955,
                "HR": 399.8697199742823,
                "CY": 58.303462639047616,
                "CZ": 978.6887758984374,
                "DK": 1530.5514344709425,
                "EE": 57.55447208859904,
                "FI": 1093.4065195783546,
                "FR": 15258.307466879043,
                "DE": 22442.239623423964,
                "EL": 858.4211615727954,
                "HU": 975.1015536236978,
                "IE": 207.015193159473,
                "IT": 10393.607019266095,
                "LV": 1057.9074034079963,
                "LT": 469.9171196477215,
                "LU": 11.616029803722745,
                "MT": 12.193458676309893,
                "NL": 3241.297036231537,
                "PL": 3934.949896914467,
                "PT": 615.8555738008595,
                "RO": 602.5001623353013,
                "SK": 109.54638680793006,
                "SI": 90.19198369209522,
                "ES": 7077.920038425542,
                "SE": 3200.2783767240753,
                "UK": 9832.734207257803
            }
        },
        {
            "year": "2010",
            "data": {
                "AT": 1626.1109424737297,
                "BE": 2749.611353534153,
                "BG": 1648.2738925677213,
                "HR": 391.32473881349495,
                "CY": 66.91530611331422,
                "CZ": 927.5415708455496,
                "DK": 1211.2488566365946,
                "EE": 54.357486312184,
                "FI": 1173.673857458201,
                "FR": 14352.485587710207,
                "DE": 23163.098383025987,
                "EL": 824.2731265188803,
                "HU": 792.2654082559732,
                "IE": 128.6442910404126,
                "IT": 9302.630016030054,
                "LV": 1160.2947587756676,
                "LT": 461.15309041591144,
                "LU": 10.862117002573518,
                "MT": 11.051151093877904,
                "NL": 3127.7721677131317,
                "PL": 3858.0020332917247,
                "PT": 605.4284844780972,
                "RO": 593.9583834836593,
                "SK": 318.5190266846581,
                "SI": 90.2079335065644,
                "ES": 7202.44679457068,
                "SE": 3106.6958552398305,
                "UK": 8511.186786381815
            }
        },
        {
            "year": "2011",
            "data": {
                "AT": 976.3715228813928,
                "BE": 2912.465304616833,
                "BG": 1600.0353458616582,
                "HR": 453.33366160072967,
                "CY": 69.12340317107976,
                "CZ": 868.1214394493235,
                "DK": 1663.0519574323155,
                "EE": 112.371403762457,
                "FI": 1280.5557767436176,
                "FR": 13943.330767602256,
                "DE": 25863.810667999747,
                "EL": 751.2283711121148,
                "HU": 711.2288273397081,
                "IE": 191.8645395980071,
                "IT": 9331.42358659298,
                "LV": 1013.3736462307147,
                "LT": 479.14403861744455,
                "LU": 10.842806593249417,
                "MT": 11.527566352498946,
                "NL": 3236.6777172292072,
                "PL": 4207.121629763335,
                "PT": 631.0864116259983,
                "RO": 625.1509500644688,
                "SK": 321.718827902738,
                "SI": 89.4516416178734,
                "ES": 7132.467661808874,
                "SE": 3258.4002964262268,
                "UK": 9484.21903115154
            }
        },
        {
            "year": "2012",
            "data": {
                "AT": 995.7385207121961,
                "BE": 2842.3967401756777,
                "BG": 1361.6598128441785,
                "HR": 439.61079756827314,
                "CY": 64.85336248017943,
                "CZ": 825.7550878693705,
                "DK": 2015.373358031715,
                "EE": 36.19361313956853,
                "FI": 1372.588536473686,
                "FR": 10843.089328240529,
                "DE": 26084.271934678145,
                "EL": 813.741183586778,
                "HU": 502.29297365815313,
                "IE": 190.0348869389851,
                "IT": 8969.001680350253,
                "LV": 966.9148447354356,
                "LT": 497.72177833918647,
                "LU": 12.072875696499086,
                "MT": 11.692931311942276,
                "NL": 1779.7092865395591,
                "PL": 4153.152658824163,
                "PT": 612.1671540627661,
                "RO": 694.5012349983521,
                "SK": 185.02432195388766,
                "SI": 91.2397069018801,
                "ES": 6947.435732973145,
                "SE": 3141.224034032226,
                "UK": 8959.31535939646
            }
        },
        {
            "year": "2013",
            "data": {
                "AT": 1041.13754295035,
                "BE": 2810.13603001617,
                "BG": 1412.6862869417187,
                "HR": 440.69056226506586,
                "CY": 58.1707854553152,
                "CZ": 737.2744586527858,
                "DK": 2363.146357051989,
                "EE": 35.93931316689176,
                "FI": 1389.755759676814,
                "FR": 10025.19102060701,
                "DE": 27372.725016851116,
                "EL": 871.5860332910944,
                "HU": 516.4991708283202,
                "IE": 190.18274449533757,
                "IT": 8980.874377258071,
                "LV": 976.3127771879176,
                "LT": 525.849196017555,
                "LU": 13.116038161080883,
                "MT": 11.55420509548418,
                "NL": 1798.7653863877358,
                "PL": 4059.873208543717,
                "PT": 544.6704547033767,
                "RO": 762.6766759415491,
                "SK": 188.00060820373687,
                "SI": 110.75492213452392,
                "ES": 6815.50845485076,
                "SE": 3145.021774312266,
                "UK": 9058.618203976645
            }
        },
        {
            "year": "2014",
            "data": {
                "AT": 969.0869148337787,
                "BE": 2834.449248367708,