{
    "type": "bC22",
    "range_thresholds": [
        1.6187500068917868,
        68.55731708495234,
        72.03601082341864,
        119.72410040996702,
        119.7590014057064,
        426.3349730283612,
        437.202535476665,
        1555.1893915883227,
        1565.8768849835599,
        4632.38077370243,
        4675.133613528656,
        13503.160174350489
    ],
    "series": [
        {
            "year": "2008",
            "data": {
                "AT": 285.6740946609545,
                "BE": 512.2733381002095,
                "BG": 278.6973209946933,
                "HR": 193.65517240876983,
                "CY": 14.53514629342505,
                "CZ": 2882.719586780173,
                "DK": 164.6866886003827,
                "EE": 72.55585634588816,
                "FI": 787.6815421117262,
                "FR": 9135.908814655602,
                "DE": 13503.160174350489,
                "EL": 262.03016247186747,
                "HU": 1565.8768849835599,
                "IE": 89.19837057392506,
                "IT": 6271.038842876377,
                "LV": 44.87362425012553,
                "LT": 81.19032880066959,
                "LU": 2.7851717127469136,
                "MT": 2.037027183525004,
                "NL": 95.03664998142513,
                "PL": 4900.038633966433,
                "PT": 1120.9522029003729,
                "RO": 2188.1572706386432,
                "SK": 1465.0975082125549,
                "SI": 726.583858770021,
                "ES": 5966.162216152254,
                "SE": 593.8837276113072,
                "UK": 4731.491948353404
            }
        },
        {
            "year": "2009",
            "data": {
                "AT": 263.9981576111476,
                "BE": 507.0063508204734,
                "BG": 259.9245649197852,
                "HR": 192.96855484292863,
                "CY": 16.13801534072721,
                "CZ": 2885.8768077169316,
                "DK": 133.4418644546841,
                "EE": 86.18386099970598,
                "FI": 776.8338789286768,
                "FR": 9283.577431225567,
                "DE": 13045.789649362527,
                "EL": 303.9270678013292,
                "HU": 1458.674421755606,
                "IE": 77.28405241612855,
                "IT": 6556.063132782487,
                "LV": 33.24562726455433,
                "LT": 66.02486482782511,
                "LU": 3.3312062038581867,
                "MT": 3.3489253857936028,
                "NL": 88.4352364000882,
                "PL": 4694.0166849942825,
                "PT": 1058.7794356255808,
                "RO": 2092.068631412064,
                "SK": 1393.3066019709229,
                "SI": 648.8505658064928,
                "ES": 5162.881168592005,
                "SE": 541.9839838445023,
                "UK": 4362.205971898447
            }
        },
        {
            "year": "2010",
            "data": {
                "AT": 234.6800713223552,
                "BE": 371.9612896662078,
                "BG": 250.22944162236922,
                "HR": 130.43222727926303,
                "CY": 15.948617536682193,
                "CZ": 2882.3064376831244,
                "DK": 110.74860211264964,
                "EE": 86.3632647972919,
                "FI": 745.154574207956,
                "FR": 9366.51399753374,
                "DE": 11729.242252755012,
                "EL": 222.35731831493828,
                "HU": 1363.3653858435102,
                "IE": 82.13909081770001,
                "IT": 5735.908831283444,
                "LV": 34.060965405537274,
                "LT": 68.55731708495234,
                "LU": 1.649375007022172,
                "MT": 2.1218750090338285,
                "NL": 83.23780899247186,
                "PL": 5132.231422162005,
                "PT": 995.5728218037308,
                "RO": 2117.9479329262117,
                "SK": 1427.1797797519116,
                "SI": 632.0457961530291,
                "ES": 4820.666847359844,
                "SE": 557.7199122382301,
                "UK": 3870.903643723664
            }
        },
        {
            "year": "2011",
            "data": {
                "AT": 249.98187916434162,
                "BE": 351.6702874556736,
                "BG": 271.85199417750283,
                "HR": 123.77732868674595,
                "CY": 14.014782061174564,
                "CZ": 2886.702837634575,
                "DK": 127.76931048289877,
                "EE": 87.9075275908687,
                "FI": 739.3468939718097,
                "FR": 9696.98813711656,
                "DE": 11540.745219813225,
                "EL": 195.00648351522625,
                "HU": 1514.0781535994538,
                "IE": 86.27201548948155,
                "IT": 5436.1993411987405,
                "LV": 34.11795228369378,
                "LT": 79.53636819367847,
                "LU": 1.7412500074133272,
                "MT": 2.2400000095367427,
                "NL": 84.33783328297041,
                "PL": 5313.200041153594,
                "PT": 1012.9263514049312,
                "RO": 2262.4560376729473,
                "SK": 1555.1893915883227,
                "SI": 646.6344563585362,
                "ES": 4737.9016932902005,
                "SE": 478.06483946528436,
                "UK": 3827.275055813439
            }
        },
        {
            "year": "2012",
            "data": {
                "AT": 234.23460504736462,
                "BE": 396.40698265240786,
                "BG": 280.5586045103371,
                "HR": 119.7590014057064,
                "CY": 12.863165639686045,
                "CZ": 2881.651133742957,
                "DK": 122.14966296852418,
                "EE": 91.95235997952427,
                "FI": 757.6479600364595,
                "FR": 8954.478710309999,
                "DE": 11542.773956544588,
                "EL": 131.81128532112396,
                "HU": 1544.6763678419095,
                "IE": 88.82894538482735,
                "IT": 5347.086023814376,
                "LV": 36.424078569097,
                "LT": 75.5002467381245,
                "LU": 1.6187500068917868,
                "MT": 2.2400000095367427,
                "NL": 85.94406112234466,
                "PL": 5129.111149326407,
                "PT": 1028.838874672604,
                "RO": 2402.204281172761,
                "SK": 1705.0433442684018,
                "SI": 633.0780815007328,
                "ES": 4596.352527257088,
                "SE": 465.68446116440026,
                "UK": 3633.3046450090387
            }
        },
        {
            "year": "2013",
            "data": {
                "AT": 228.41459682822727,
                "BE": 375.80618965112006,
                "BG": 290.33242999951193,
                "HR": 117.74607794208056,
                "CY": 11.634361928254235,
                "CZ": 2881.4464565597304,
                "DK": 117.87333698651031,
                "EE": 80.38873939634077,
                "FI": 705.3348163583585,
                "FR": 8630.773128816165,
                "DE": 11607.775422510935,
                "EL": 134.5543194190028,
                "HU": 1600.1540702495672,
                "IE": 90.18332907245933,
                "IT": 5223.477495203567,
                "LV": 34.697915220526035,
                "LT": 59.612189474042566,
                "LU": 1.6493750070221724,
                "MT": 2.240000009536744,
                "NL": 83.51970755046315,
                "PL": 5198.747383881935,
                "PT": 1031.1147897063763,
                "RO": 2436.101029569379,
                "SK": 1731.6168194290399,
                "SI": 607.6626454208728,
                "ES": 4425.907874189829,
                "SE": 464.4458346669548,
                "UK": 3777.987523934233
            }
        },
        {
            "year": "2014",
            "data": {
                "AT": 229.8128849846644,
                "BE": 152.8057475353823,