{
    "type": "bC21",
    "range_thresholds": [
        120.50000000000004,
        936.0,
        976.0,
        2953.8170676336827,
        2972.5,
        5385.380182880704,
        5519.289881688672,
        8320.539639673103,
        8398.01032285066,
        20840.09216118308,
        21248.884484714043,
        59926.829810822346
    ],
    "series": [
        {
            "year": "2008",
            "data": {
                "AT": 6429.922252957826,
                "BE": 8879.34397190337,
                "BG": 2888.5689729035,
                "HR": 2169.2968162232173,
                "CY": 537.4166266272628,
                "CZ": 3664.7421626049486,
                "DK": 8980.45837680816,
                "EE": 120.50000000000004,
                "FI": 2017.112467115574,
                "FR": 38418.275260499286,
                "DE": 58888.865909020686,
                "EL": 2953.8170676336827,
                "HU": 7989.495472724013,
                "IE": 6719.463559312105,
                "IT": 35922.487208228566,
                "LV": 919.0,
                "LT": 390.50000000000017,
                "MT": 498.9420195334722,
                "NL": 7730.6074703553,
                "PL": 13441.672190739246,
                "PT": 3391.1984872916887,
                "RO": 6083.625885584559,
                "SK": 1639.6161133221078,
                "SI": 2972.5,
                "ES": 21300.11100906916,
                "SE": 7381.12093650609,
                "UK": 21937.11489035987
            }
        },
        {
            "year": "2009",
            "data": {
                "AT": 6657.213341747596,
                "BE": 8695.204636439694,
                "BG": 3494.824806962743,
                "HR": 2168.755166084627,
                "CY": 536.5218815203363,
                "CZ": 3996.403885969777,
                "DK": 9043.229837437566,
                "EE": 121.50000000000004,
                "FI": 1978.6557316918907,
                "FR": 38243.93434359244,
                "DE": 54030.26371893226,
                "EL": 4428.2187505338015,
                "HU": 7894.482924855486,
                "IE": 7359.710466829237,
                "IT": 34820.585318610014,
                "LV": 809.5,
                "LT": 338.217212179062,
                "MT": 494.33521577102755,
                "NL": 7838.633159470265,
                "PL": 13822.35817946059,
                "PT": 3306.6557290493074,
                "RO": 5831.7074487105665,
                "SK": 1461.258849825128,
                "SI": 2972.5,
                "ES": 20840.09216118308,
                "SE": 7430.176691836449,
                "UK": 21968.086023066568
            }
        },
        {
            "year": "2010",
            "data": {
                "AT": 7054.899615216147,
                "BE": 11021.035478468115,
                "BG": 2774.458194462602,
                "HR": 2170.8418682280253,
                "CY": 539.2985191042352,
                "CZ": 4041.9091206698768,
                "DK": 9088.992320620942,
                "EE": 158.71503957299896,
                "FI": 1984.064402501196,
                "FR": 38104.07084118525,
                "DE": 53647.03478122693,
                "EL": 3975.847695308352,
                "HU": 8031.218353918625,
                "IE": 6192.997698905058,
                "IT": 33569.892342991916,
                "LV": 791.5,
                "LT": 338.18224442920325,
                "MT": 497.6350317574613,
                "NL": 7680.203545382738,
                "PL": 13339.589834429475,
                "PT": 3372.29379975504,
                "RO": 5695.228639940842,
                "SK": 1390.0606651825065,
                "SI": 2972.5,
                "ES": 21396.56716692804,
                "SE": 7339.099772343528,
                "UK": 21947.15526146172
            }
        },
        {
            "year": "2011",
            "data": {
                "AT": 7171.073243550361,
                "BE": 9864.143461064123,
                "BG": 3991.9838812236812,
                "HR": 2171.3307733057527,
                "CY": 559.2252129139844,
                "CZ": 3694.2296606499463,
                "DK": 12899.666338543298,
                "EE": 155.6047211804769,
                "FI": 2129.19897531113,
                "FR": 38316.4186310048,
                "DE": 54178.66831648829,
                "EL": 3346.1903354925316,
                "HU": 8320.539639673103,
                "IE": 5766.554116244433,
                "IT": 32965.463735775586,
                "LV": 890.5,
                "LT": 302.2466671254417,
                "MT": 494.17433572230436,
                "NL": 7018.578475880675,
                "PL": 11927.657204328858,
                "PT": 3353.6067501125353,
                "RO": 5155.369111784723,
                "SK": 1390.0952510770335,
                "SI": 2972.5,
                "ES": 20007.07148087192,
                "SE": 7319.529200909245,
                "UK": 22385.597213206842
            }
        },
        {
            "year": "2012",
            "data": {
                "AT": 7650.229042530446,
                "BE": 9865.117969301087,
                "BG": 3999.607624976628,
                "HR": 2171.4133583705425,
                "CY": 592.9262782246873,
                "CZ": 3677.212120815745,
                "DK": 13653.730186087048,
                "EE": 156.61890782218515,
                "FI": 2140.4570180016813,
                "FR": 37957.99918244545,
                "DE": 55453.508924734466,
                "EL": 3422.8176200744597,
                "HU": 8398.01032285066,
                "IE": 6070.001553822134,
                "IT": 32831.551588208386,
                "LV": 936.0,
                "LT": 310.7628683293813,
                "MT": 496.55436819958175,
                "NL": 5871.4216753681185,
                "PL": 11659.320810439016,
                "PT": 3403.402345576533,
                "RO": 5772.730723116313,
                "SK": 1390.0535787462936,
                "SI": 2972.5,
                "ES": 19738.776133315292,
                "SE": 7344.540471535415,
                "UK": 21782.883577401353
            }
        },
        {
            "year": "2013",
            "data": {
                "AT": 8170.729627889467,
                "BE": 11157.40563224906,
                "BG": 4019.123687784353,
                "HR": 2326.7861792680333,
                "CY": 593.4922312767784,
                "CZ": 3584.2384177806734,
                "DK": 14272.274495078153,
                "EE": 154.19881579948358,
                "FI": 2119.446561026209,
                "FR": 39295.174330457965,
                "DE": 57425.26207798711,
                "EL": 5519.289881688672,
                "HU": 8542.060490768657,
                "IE": 5385.380182880704,
                "IT": 32121.331383671783,
                "LV": 976.0,
                "LT": 346.26674916080714,
                "MT": 497.4985380768484,
                "NL": 5641.54960968157,
                "PL": 11153.71642812275,
                "PT": 3402.9181083158587,
                "RO": 5793.683390921453,
                "SK": 1389.5081712912825,
                "SI": 2972.5,
                "ES": 19612.033328843063,
                "SE": 7613.07165047043,
                "UK": 21809.4040544522
            }
        },
        {
            "year": "2014",
            "data": {
                "AT": 8496.019531432434,
                "BE": 11750.314776393445,
                "BG": 4016.09825323338,
                "HR": 2426.5709783711395,
                "CY": 596.7544564659424,
                "CZ": 3513.8881553632605,
                "DK": 16380.637985511705,
                "EE": 153.46721416965747,
                "FI": 2114.6942179316948,
                "FR": 42921.47135811122,
                "DE": 58682.17847748082,
                "EL": 4104.383479250213,