{
    "type": "Biod",
    "range_thresholds": [
        0.0,
        0.0955220420206155,
        4.135801180944487,
        345.62371270337195,
        346.1488196752452,
        943.860923777102,
        950.7694404931264,
        6920.503944714373
    ],
    "series": [
        {
            "year": "2008",
            "data": {
                "AT": 807.8765329273007,
                "BE": 476.9328748639725,
                "BG": 0.0,
                "HR": 58.99501070352788,
                "CY": 7.097176362470439,
                "DK": 41.22842893049232,
                "EE": 0.0,
                "FI": 147.00467739967544,
                "FR": 0.0,
                "DE": 6095.597725302783,
                "EL": 430.3364166142859,
                "HU": 0.0,
                "IT": 1343.0216999105762,
                "LV": 0.0,
                "LT": 80.5914586777902,
                "NL": 0.0,
                "PL": 1257.4541807131845,
                "PT": 537.5822965083987,
                "RO": 585.7412380693025,
                "SK": 0.0,
                "ES": 1970.4393315445595,
                "SE": 389.513611799061,
                "UK": 1928.5147167318216
            }
        },
        {
            "year": "2009",
            "data": {
                "AT": 822.308711864998,
                "BE": 676.8077417759828,
                "BG": 0.0,
                "HR": 67.6788605953177,
                "CY": 7.803653375833244,
                "DK": 44.63176569988924,
                "EE": 0.0,
                "FI": 477.30835870247535,
                "FR": 0.0,
                "DE": 6024.274179369489,
                "EL": 361.2337543901784,
                "HU": 0.0,
                "IT": 1306.1476110752271,
                "LV": 0.0,
                "LT": 113.57984966990013,
                "NL": 0.0,
                "PL": 1610.0081820535245,
                "PT": 476.5746026749101,
                "RO": 416.9461615953763,
                "SK": 0.0,
                "ES": 2005.4689684080533,
                "SE": 315.96020986298385,
                "UK": 1325.5092265922435
            }
        },
        {
            "year": "2010",
            "data": {
                "AT": 930.17531808849,
                "BE": 633.9509754340243,
                "BG": 0.0,
                "HR": 139.42191618789596,
                "CY": 7.472975935959159,
                "DK": 162.48177958644047,
                "EE": 0.0,
                "FI": 502.2540551447136,
                "FR": 0.0,
                "DE": 6638.8256455843775,
                "EL": 349.90754804975677,
                "HU": 0.0,
                "IT": 1275.9963018046221,
                "LV": 0.0,
                "LT": 75.74648680266044,
                "NL": 0.0,
                "PL": 1413.7612274743208,
                "PT": 493.1683432229717,
                "RO": 346.1488196752452,
                "SK": 0.0,
                "ES": 2689.334817856214,
                "SE": 429.41800620018495,
                "UK": 1473.8699364586762
            }
        },
        {
            "year": "2011",
            "data": {
                "AT": 1012.5898440976047,
                "BE": 909.90733301876,
                "BG": 0.0,
                "HR": 126.38957421707529,
                "CY": 6.469313565629555,
                "DK": 203.5131677326053,
                "EE": 0.0,
                "FI": 352.83013961474677,
                "FR": 0.0,
                "DE": 6920.503944714373,
                "EL": 299.10181109248697,
                "HU": 0.0,
                "IT": 1293.1092934050278,
                "LV": 0.0,
                "LT": 77.24192002100361,
                "NL": 0.0,
                "PL": 2228.1101279393524,
                "PT": 543.3111484912603,
                "RO": 576.7301291227304,
                "SK": 0.0,
                "ES": 2379.144632739859,
                "SE": 465.3808796044104,
                "UK": 1383.6194308141448
            }
        },
        {
            "year": "2012",
            "data": {
                "AT": 1203.9077455242386,
                "BE": 349.0054856794575,
                "HR": 282.87560226021577,
                "CY": 4.135801180944487,
                "DK": 298.193698246904,
                "EE": 0.0,
                "FI": 723.0132648515653,
                "DE": 3309.447220049105,
                "EL": 216.39256155731118,
                "IE": 0.0,
                "IT": 1434.4802680046448,
                "LT": 121.13131740236244,
                "NL": 0.0,
                "PL": 3862.4445106301982,
                "PT": 790.7321799988733,
                "RO": 892.4302027943761,
                "SK": 0.0,
                "SI": 0.0,
                "ES": 1572.3911572187244,
                "SE": 471.67834093433197,
                "UK": 268.2137243764682
            }
        },
        {
            "year": "2013",
            "data": {
                "AT": 1049.2630089050451,
                "BE": 408.94357341409767,
                "HR": 291.09161709069417,
                "CY": 4.564956701327242,
                "DK": 311.1992562831043,
                "EE": 0.0,
                "FI": 859.4339277368559,
                "DE": 3307.4722391428845,
                "EL": 382.6189592971528,
                "IE": 0.0,
                "IT": 1412.9962809926856,
                "LT": 137.01120418792007,
                "NL": 0.0,
                "PL": 3846.077716640251,
                "PT": 797.9266754097235,
                "RO": 1011.9963982809945,
                "SK": 0.0,
                "SI": 0.0,
                "ES": 1560.2756450725863,
                "SE": 457.7132965188113,
                "UK": 345.62371270337195
            }
        },
        {
            "year": "2014",
            "data": {
                "AT": 1018.8863560105617,
                "BE": 308.10391364905064,
                "HR": 273.9939083017117,
                "CY": 4.486355899087618,
                "DK": 231.7291516087727,
                "EE": 0.0,
                "FI": 873.5871891415471,
                "DE": 2922.777115913372,
                "EL": 494.40469744602666,
                "IE": 0.0,
                "IT": 1438.9856556911336,
                "LT": 126.3915618791657,
                "NL": 0.0,
                "PL": 4077.708884355984,
                "PT": 759.1945782205138,
                "RO": 962.6348476355424,
                "SK": 0.0,
                "SI": 0.0,
                "ES": 1499.8634914840554,
                "SE": 609.2910144307652,
                "UK": 245.614732258868
            }
        },
        {
            "year": "2015",
            "data": {
                "AT": 991.9850448578596,
                "BE": 196.43489407743718,
                "HR": 163.59800051084792,
                "CY": 5.106754531978352,
                "DK": 256.7749280622419,
                "EE": 5.392452901381402,
                "FI": 931.8492987853534,
                "DE": 2731.7978314771563,
                "EL": 532.9287342099428,
                "IE": 0.0,
                "IT": 1153.1038975953813,
                "LT": 105.3755800081176,
                "NL": 0.0,
                "PL": 4168.756720218402,
                "PT": 797.9093677586352,
                "RO": 918.6714715580156,
                "SK": 0.0,
                "SI": 0.0,
                "ES": 1862.9206457288508,
                "SE": 661.1297955401874,
                "UK": 137.71253101674944
            }
        },
        {
            "year": "2016",
            "data": {
                "AT": 981.3364550352496,
                "BE": 206.53920592312457,
                "HR": 7.441116375319242,
                "CY": 5.007657129792731,
                "DK": 144.68837192270362,
                "EE": 0.0,
                "FI": 950.7694404931264,
                "DE": 3048.9695435627973,
                "EL": 353.5265142632882,