{
    "type": "bC15",
    "range_thresholds": [
        13.875,
        145.5952162464642,
        149.875,
        751.125,
        766.625,
        2666.0,
        2768.125,
        4309.125,
        4341.375,
        12235.742767818201,
        12247.0569003317,
        73108.70356548081
    ],
    "series": [
        {
            "year": "2008",
            "data": {
                "AT": 3092.125,
                "BE": 119.62500000000004,
                "BG": 7421.638361838522,
                "HR": 4309.125,
                "CY": 54.75,
                "CZ": 844.125,
                "DK": 108.28423489898735,
                "EE": 654.9916956044726,
                "FI": 988.1960628682324,
                "FR": 11697.665702865977,
                "DE": 9297.36581366403,
                "EL": 2478.3750000000005,
                "HU": 5018.662807259485,
                "IE": 67.36821786310517,
                "IT": 73108.70356548081,
                "LV": 184.95856878660226,
                "LT": 783.2586660376663,
                "NL": 827.5,
                "PL": 13195.124886373223,
                "PT": 17944.188572214418,
                "RO": 27945.029742295967,
                "SK": 4425.749999999998,
                "SI": 1406.2500000000002,
                "ES": 19028.203218260143,
                "SE": 254.62500000000003,
                "UK": 3617.49347465367
            }
        },
        {
            "year": "2009",
            "data": {
                "AT": 2802.875,
                "BE": 140.25000000000003,
                "BG": 6489.040528233347,
                "HR": 4286.125000000002,
                "CY": 37.87499999999999,
                "CZ": 844.125,
                "DK": 106.75,
                "EE": 603.0478926987632,
                "FI": 912.8257896636287,
                "FR": 11669.535906962317,
                "DE": 8267.764982289586,
                "EL": 2050.2499999999995,
                "HU": 3705.9034917623076,
                "IE": 44.1212833406209,
                "IT": 67082.48272701146,
                "LV": 139.68667835431108,
                "LT": 596.3463169779079,
                "NL": 836.75,
                "PL": 11902.3921986592,
                "PT": 17221.68068234498,
                "RO": 22758.69797197105,
                "SK": 3934.875,
                "SI": 1318.1250000000002,
                "ES": 14886.703805433279,
                "SE": 240.37500000000003,
                "UK": 3616.881245142995
            }
        },
        {
            "year": "2010",
            "data": {
                "AT": 2666.0,
                "BE": 99.75000000000004,
                "BG": 6631.998241955027,
                "HR": 4277.125000000001,
                "CY": 24.75000000000001,
                "CZ": 844.125,
                "DK": 111.42376580007269,
                "EE": 581.6997577347843,
                "FI": 849.6719474041962,
                "FR": 11656.627687405411,
                "DE": 8491.719686842414,
                "EL": 1763.25,
                "HU": 3889.302246586253,
                "IE": 39.73042923641572,
                "IT": 64798.7513511816,
                "LV": 137.00441716540752,
                "LT": 515.4493175677098,
                "NL": 811.25,
                "PL": 11583.51965838733,
                "PT": 16992.905146303445,
                "RO": 22083.30018486712,
                "SK": 3662.2500000000014,
                "SI": 1193.25,
                "ES": 14547.06037210051,
                "SE": 247.87500000000009,
                "UK": 3615.783511768716
            }
        },
        {
            "year": "2011",
            "data": {
                "AT": 2779.625,
                "BE": 98.25000000000004,
                "BG": 7003.278126334674,
                "HR": 4194.125,
                "CY": 20.25,
                "CZ": 844.125,
                "DK": 73.25366250058765,
                "EE": 595.8320845737594,
                "FI": 842.6590902152388,
                "FR": 11568.837636965924,
                "DE": 8589.616647345403,
                "EL": 1171.875,
                "HU": 4036.5673484093877,
                "IE": 44.525718167701854,
                "IT": 65678.22576865536,
                "LV": 136.4450562431129,
                "LT": 527.1318856083992,
                "NL": 766.625,
                "PL": 11351.850440200113,
                "PT": 18024.84176614516,
                "RO": 24216.348526114693,
                "SK": 3927.3750000000014,
                "SI": 1317.3750000000005,
                "ES": 15065.340150169302,
                "SE": 243.37500000000009,
                "UK": 3437.7182889253418
            }
        },
        {
            "year": "2012",
            "data": {
                "AT": 3002.25,
                "BE": 98.25000000000004,
                "BG": 6488.019816093381,
                "HR": 4190.0,
                "CY": 18.75000000000001,
                "CZ": 844.1250000000003,
                "DK": 74.94353122440484,
                "EE": 589.5933437016763,
                "FI": 794.5748475220821,
                "FR": 11965.327186102037,
                "DE": 8676.573414453349,
                "EL": 1012.875,
                "HU": 3974.683860513202,
                "IE": 47.98911706837186,
                "IT": 66306.57059695966,
                "LV": 164.76356758761509,
                "LT": 515.5221481366102,
                "NL": 772.375,
                "PL": 10922.271909685052,
                "PT": 18374.656710532494,
                "RO": 23634.703744457423,
                "SK": 3956.625,
                "SI": 1270.8749999999998,
                "ES": 14489.885079883528,
                "SE": 217.50000000000003,
                "UK": 3773.781737823099
            }
        },
        {
            "year": "2013",
            "data": {
                "AT": 3031.75,
                "BE": 98.25000000000004,
                "BG": 6169.489582526461,
                "HR": 4163.000000000002,
                "CY": 16.499999999999996,
                "CZ": 844.1250000000003,
                "DK": 103.29332839267865,
                "EE": 583.1800232648402,
                "FI": 712.0206619751202,
                "FR": 11971.840652690442,
                "DE": 8336.736461283012,
                "EL": 1177.3750000000002,
                "HU": 4019.7618952421394,
                "IE": 41.07182320441989,
                "IT": 66143.29677869551,
                "LV": 162.33355297244213,
                "LT": 538.7695488453247,
                "NL": 741.375,
                "PL": 10530.575868285618,
                "PT": 19126.148551578164,
                "RO": 23446.036651317,
                "SK": 3693.750000000002,
                "SI": 1139.2499999999998,
                "ES": 15258.092292642175,
                "SE": 224.62500000000003,
                "UK": 3735.18190844786
            }
        },
        {
            "year": "2014",
            "data": {
                "AT": 3088.75,
                "BE": 98.25000000000004,
                "BG": 6214.652565909929,
                "HR": 4213.0,
                "CY": 14.625,
                "CZ": 844.1250000000005,
                "DK": 120.97935701388413,
                "EE": 579.8331221494559,
                "FI": 700.3688286033358,
                "FR": 12014.689543166667,
                "DE": 7862.393567832113,
                "EL": 1455.0000000000002,
                "HU": 4242.9731574480875,
                "IE": 43.58592471358429,
                "IT": 66915.6769403654,
                "LV": 163.893284997629,
                "LT": 554.8936514273787,
                "NL": 702.625,
                "PL": 11189.436130552329,
                "PT": 20210.1269890545,
                "RO": 23290.62312253474,
                "SK": 3734.2500000000014,
                "SI": 1206.375,
                "ES": 16479.77347746202,