{
    "type": "bC14",
    "range_thresholds": [
        105.29293801915637,
        507.52371049925387,
        510.0559782281935,
        1764.631333692747,
        1792.5817158344405,
        6409.334038816582,
        6439.305538159431,
        9625.511661941564,
        9821.7965496058,
        29395.913865243663,
        30154.0163488664,
        119853.31065383801
    ],
    "series": [
        {
            "year": "2008",
            "data": {
                "AT": 2805.330684430949,
                "BE": 2297.975610834428,
                "BG": 52754.70534746983,
                "HR": 11660.475778262957,
                "CY": 468.65314468918297,
                "CZ": 9070.477907000532,
                "DK": 758.9343068967763,
                "EE": 2995.787843361455,
                "FI": 1759.2033162724274,
                "FR": 20156.07258220041,
                "DE": 17791.336599312977,
                "EL": 15111.080158435363,
                "HU": 13741.588813284454,
                "IE": 592.7639732713135,
                "IT": 119853.31065383801,
                "LV": 4819.027542537995,
                "LT": 9936.599613125194,
                "MT": 128.44174685074475,
                "NL": 1679.4820923800305,
                "PL": 63612.353177594836,
                "PT": 46296.44488040669,
                "RO": 89308.67555957551,
                "SK": 8383.633239597499,
                "SI": 3638.8554081367297,
                "ES": 35216.49291094579,
                "SE": 480.5499928593636,
                "UK": 14275.139644112918
            }
        },
        {
            "year": "2009",
            "data": {
                "AT": 2580.003849015077,
                "BE": 2244.5946963339134,
                "BG": 43845.11587183454,
                "HR": 10700.024626960663,
                "CY": 399.29887353923516,
                "CZ": 9025.136901290805,
                "DK": 537.9028208387491,
                "EE": 2582.4391471824456,
                "FI": 1420.1503577188528,
                "FR": 19327.266629381767,
                "DE": 15603.825185072381,
                "EL": 12743.732256761334,
                "HU": 11308.475811304035,
                "IE": 559.6317419926938,
                "IT": 107875.14615298918,
                "LV": 3915.3780676587935,
                "LT": 7786.961604016551,
                "MT": 110.6628631845639,
                "NL": 1379.8158366414398,
                "PL": 52283.864380354746,
                "PT": 39537.27250283186,
                "RO": 70726.80629238892,
                "SK": 6728.770504410798,
                "SI": 2913.9849677528186,
                "ES": 28427.853989845666,
                "SE": 408.86808109893417,
                "UK": 9625.511661941564
            }
        },
        {
            "year": "2010",
            "data": {
                "AT": 2389.76933633052,
                "BE": 1655.7630180741098,
                "BG": 38458.88902579098,
                "HR": 9028.76162110406,
                "CY": 307.54257519261813,
                "CZ": 9237.993423402948,
                "DK": 505.0919817081217,
                "EE": 2268.3477170094393,
                "FI": 1228.83535084679,
                "FR": 19228.967475028392,
                "DE": 14977.2489575115,
                "EL": 10826.245948677682,
                "HU": 9821.7965496058,
                "IE": 465.09758618635175,
                "IT": 99069.1520986986,
                "LV": 3849.94560873272,
                "LT": 7146.680752600587,
                "MT": 126.12234735198571,
                "NL": 1264.5859283323855,
                "PL": 46067.489626809314,
                "PT": 35575.74447858211,
                "RO": 63042.33530303384,
                "SK": 7805.658448299795,
                "SI": 1925.9842876381751,
                "ES": 24766.734211938397,
                "SE": 288.06706020039286,
                "UK": 9551.568915362484
            }
        },
        {
            "year": "2011",
            "data": {
                "AT": 2212.701480658944,
                "BE": 1531.5602643590537,
                "BG": 39720.446824117236,
                "HR": 8628.950825171212,
                "CY": 264.57945140722165,
                "CZ": 8755.729947063983,
                "DK": 510.0559782281935,
                "EE": 2163.266038964178,
                "FI": 1152.0191095179746,
                "FR": 18038.04092059814,
                "DE": 14899.986071577128,
                "EL": 9365.5841905811,
                "HU": 9584.973152640752,
                "IE": 451.75182577253645,
                "IT": 96435.04851870194,
                "LV": 4064.3702011454207,
                "LT": 7296.617346593592,
                "MT": 124.9782442135248,
                "NL": 1200.9064094548075,
                "PL": 42614.7420378338,
                "PT": 33727.11943507904,
                "RO": 66141.93008816532,
                "SK": 7436.844709121165,
                "SI": 1852.0308172977109,
                "ES": 22009.961129477182,
                "SE": 291.45761139848537,
                "UK": 9365.28220335066
            }
        },
        {
            "year": "2012",
            "data": {
                "AT": 2137.275320242563,
                "BE": 1234.8508905778258,
                "BG": 37384.853705235386,
                "HR": 7245.142183098236,
                "CY": 208.41636243395357,
                "CZ": 8934.29209320697,
                "DK": 495.77704524514274,
                "EE": 1827.4337340948853,
                "FI": 1140.2389934727235,
                "FR": 17112.65352519764,
                "DE": 14405.071465426656,
                "EL": 8596.10178056297,
                "HU": 9121.417173810076,
                "IE": 456.1098611832515,
                "IT": 90826.28725973461,
                "LV": 3970.1639639403693,
                "LT": 7087.928992904468,
                "MT": 122.13389485254677,
                "NL": 1191.2760860001097,
                "PL": 38751.55892353964,
                "PT": 30297.58393404727,
                "RO": 64649.42402921176,
                "SK": 6785.456191246916,
                "SI": 1466.5390580381588,
                "ES": 19336.08109490498,
                "SE": 271.5498497071341,
                "UK": 9294.583371903158
            }
        },
        {
            "year": "2013",
            "data": {
                "AT": 2011.7979153419128,
                "BE": 1142.447764729198,
                "BG": 35664.526877139666,
                "HR": 6617.111331971085,
                "CY": 141.8560177754334,
                "CZ": 8266.211659133656,
                "DK": 478.85974289267403,
                "EE": 1792.5817158344405,
                "FI": 1443.8460822096094,
                "FR": 16898.981014138866,
                "DE": 13931.452458917143,
                "EL": 6636.68976843322,
                "HU": 8333.744227911107,
                "IE": 472.5170631392557,
                "IT": 82313.26722360367,
                "LV": 3716.9573316402693,
                "LT": 6697.453356865826,
                "MT": 117.18543253971188,
                "NL": 1304.3512259108088,
                "PL": 33568.07248808236,
                "PT": 28566.199920666102,
                "RO": 61490.09674014083,
                "SK": 6409.334038816582,
                "SI": 1386.1067929552871,
                "ES": 18104.013789600802,
                "SE": 274.23314911343607,
                "UK": 8967.521435854404
            }
        },
        {
            "year": "2014",
            "data": {
                "AT": 1870.8340258861585,
                "BE": 1006.6451886442458,
                "BG": 34311.42261270107,
                "HR": 5958.056737977066,
                "CY": 133.5870560771344,
                "CZ": 7947.904887129512,
                "DK": 447.5611620430705,
                "EE": 1818.4407760486,