{
    "type": "bC13",
    "range_thresholds": [
        6.989394504984639,
        853.3018734082309,
        853.9131883148697,
        1458.6452823023635,
        1459.0374377889045,
        3332.284146069717,
        3344.75010050892,
        7515.958190644024,
        7631.768331634127,
        17113.85280197204,
        17160.35193172557,
        77610.61681458954
    ],
    "series": [
        {
            "year": "2008",
            "data": {
                "AT": 4190.680830941441,
                "BE": 8621.84884105652,
                "BG": 8049.349153903986,
                "HR": 2772.1300568127967,
                "CY": 214.79333677618197,
                "CZ": 10443.22310474977,
                "DK": 1448.0344242596975,
                "EE": 1708.538806507196,
                "FI": 1780.4934201594367,
                "FR": 18128.151833431697,
                "DE": 25450.622804657116,
                "EL": 6515.810128982911,
                "HU": 4034.501951064032,
                "IE": 636.889397885264,
                "IT": 77610.61681458954,
                "LV": 1293.9893930976682,
                "LT": 4543.526179929905,
                "LU": 38.625672428953465,
                "MT": 96.72949011411406,
                "NL": 4026.2431175827533,
                "PL": 20485.850685291207,
                "PT": 22977.89861499257,
                "RO": 18546.242385525537,
                "SK": 1635.2637973608114,
                "SI": 3214.0310142746,
                "ES": 18840.152285669825,
                "SE": 2054.025798117203,
                "UK": 23290.05639220756
            }
        },
        {
            "year": "2009",
            "data": {
                "AT": 3682.096256530289,
                "BE": 7989.373691987296,
                "BG": 5691.504244688343,
                "HR": 2201.073452059088,
                "CY": 201.50031418259286,
                "CZ": 9690.189866041579,
                "DK": 1090.0037181877717,
                "EE": 1191.4825023148462,
                "FI": 1598.5015254182156,
                "FR": 17713.305639015307,
                "DE": 22496.07086692111,
                "EL": 5704.1286454507845,
                "HU": 3507.628835642305,
                "IE": 534.2194688292686,
                "IT": 68560.96186451857,
                "LV": 724.126964682581,
                "LT": 3218.8006997619286,
                "LU": 37.44107049617772,
                "MT": 97.55306814203342,
                "NL": 3706.925304170597,
                "PL": 18855.133478066124,
                "PT": 20197.382157691467,
                "RO": 13944.13766708702,
                "SK": 1199.7017514049096,
                "SI": 2390.848509890734,
                "ES": 14905.64372058809,
                "SE": 1792.0705119638938,
                "UK": 20613.85236884041
            }
        },
        {
            "year": "2010",
            "data": {
                "AT": 3666.040193454021,
                "BE": 7420.1472000665735,
                "BG": 5240.702449131442,
                "HR": 1811.7667644740645,
                "CY": 206.12406187794872,
                "CZ": 9207.583225940334,
                "DK": 954.6182940480163,
                "EE": 1079.740983644017,
                "FI": 1349.0745518751314,
                "FR": 17295.23039134499,
                "DE": 21679.986772335167,
                "EL": 4062.583091557408,
                "HU": 3099.3779595887945,
                "IE": 460.2206011456457,
                "IT": 64582.73745437424,
                "LV": 852.4191269368492,
                "LT": 3050.348110982562,
                "LU": 31.176141230686248,
                "MT": 96.48046390946439,
                "NL": 3550.381046777588,
                "PL": 17851.318206625194,
                "PT": 19098.195729393105,
                "RO": 13548.9143055778,
                "SK": 1656.7027413440435,
                "SI": 2033.9143315952927,
                "ES": 14638.207502806621,
                "SE": 1754.6391827405425,
                "UK": 19301.453615463546
            }
        },
        {
            "year": "2011",
            "data": {
                "AT": 3567.4824527026594,
                "BE": 7159.928787734957,
                "BG": 5014.399684649161,
                "HR": 1614.9698606290176,
                "CY": 190.76510575433213,
                "CZ": 8772.201586608611,
                "DK": 1018.3531434108523,
                "EE": 914.5432994907843,
                "FI": 1323.3571960727854,
                "FR": 15292.289345861616,
                "DE": 21693.656082464087,
                "EL": 3551.806628535122,
                "HU": 3344.75010050892,
                "IE": 402.7938653031911,
                "IT": 61705.64525989369,
                "LV": 743.8071472739862,
                "LT": 3244.6816265520424,
                "LU": 29.559996079405643,
                "MT": 95.57439128980765,
                "NL": 3483.6634815752373,
                "PL": 16916.44954008059,
                "PT": 18327.85480752145,
                "RO": 13238.755885464832,
                "SK": 2013.2507080726043,
                "SI": 1499.761629160466,
                "ES": 13571.685859309353,
                "SE": 1641.647010970262,
                "UK": 17389.153790074353
            }
        },
        {
            "year": "2012",
            "data": {
                "AT": 3508.396136816364,
                "BE": 6262.085662283038,
                "BG": 4988.4221972523965,
                "HR": 1458.6452823023635,
                "CY": 169.95959210335704,
                "CZ": 8774.286650857079,
                "DK": 972.6690846866087,
                "EE": 983.3788723158352,
                "FI": 1187.499333240883,
                "FR": 15094.014583109876,
                "DE": 20810.326422362406,
                "EL": 2452.6854811486764,
                "HU": 3326.243429571646,
                "IE": 413.59336949644114,
                "IT": 56618.281691491524,
                "LV": 853.3018734082309,
                "LT": 3421.864671598284,
                "LU": 29.14411129065412,
                "MT": 95.11126989423396,
                "NL": 3328.012058905848,
                "PL": 15429.649247541332,
                "PT": 17235.195373763778,
                "RO": 12878.046061610432,
                "SK": 1746.089677268391,
                "SI": 1456.9574635826862,
                "ES": 12715.966739181189,
                "SE": 1481.6140130239182,
                "UK": 17160.35193172557
            }
        },
        {
            "year": "2013",
            "data": {
                "AT": 3389.929300091626,
                "BE": 5874.933789380914,
                "BG": 5365.751286355484,
                "HR": 1158.2151155568174,
                "CY": 170.71328344492525,
                "CZ": 7859.841536692128,
                "DK": 973.1893954665047,
                "EE": 931.5327762329013,
                "FI": 1134.9240532527244,
                "FR": 14578.410240455396,
                "DE": 20622.337692296962,
                "EL": 2702.5743890330277,
                "HU": 3161.225396300448,
                "IE": 414.9197000858311,
                "IT": 52747.76600597013,
                "LV": 915.7068916526975,
                "LT": 3479.8273151343005,
                "LU": 28.88977006127284,
                "MT": 96.24084537965769,
                "NL": 3437.3114202924658,
                "PL": 15410.466069144552,
                "PT": 17755.62325701435,
                "RO": 13040.979854461517,
                "SK": 1671.8123086432574,
                "SI": 1370.4065396976641,
                "ES": 12190.264790756077,
                "SE": 1459.0374377889045,
                "UK": 17113.85280197204
            }
        },
        {
            "year": "2014",
            "data": {
                "AT": 3364.697839546952,