{
    "type": "bC16",
    "range_thresholds": [
        110.0,
        8240.0,
        8246.141081224656,
        15699.147941654053,
        15712.639460236484,
        21023.49070365645,
        21226.519069087364,
        33626.41525809703,
        34088.16325910437,
        66705.27315072756,
        67195.64407042511,
        151082.24237419624
    ],
    "series": [
        {
            "year": "2008",
            "data": {
                "AT": 36265.90661436129,
                "BE": 13352.877300396123,
                "BG": 18494.663221290368,
                "HR": 19747.973840000188,
                "CY": 3363.5119426388037,
                "CZ": 54386.52923488932,
                "DK": 12456.0,
                "EE": 16945.047363976653,
                "FI": 28788.379590690558,
                "FR": 76010.42257371817,
                "DE": 134932.05866654092,
                "EL": 13682.918948329563,
                "HU": 21954.69821938107,
                "IE": 6462.0,
                "IT": 151082.24237419624,
                "LV": 25146.328816658995,
                "LT": 27148.83413398264,
                "LU": 116.0,
                "MT": 150.0,
                "NL": 21226.519069087364,
                "PL": 137130.97670574853,
                "PT": 40244.554833753435,
                "RO": 73961.0770370105,
                "SK": 15566.50917901708,
                "SI": 11206.24483237818,
                "ES": 90383.81776082623,
                "SE": 39771.64539360573,
                "UK": 78425.79411597348
            }
        },
        {
            "year": "2009",
            "data": {
                "AT": 33603.23678924457,
                "BE": 12852.635265037634,
                "BG": 16394.87463431075,
                "HR": 17681.922418578557,
                "CY": 3223.50615023064,
                "CZ": 54373.16525920419,
                "DK": 9395.0,
                "EE": 12798.347512318038,
                "FI": 25310.385136301426,
                "FR": 75921.99703225742,
                "DE": 126417.32025477037,
                "EL": 13855.003004224087,
                "HU": 18301.35375515037,
                "IE": 5055.0,
                "IT": 140623.11896408146,
                "LV": 19331.848482347457,
                "LT": 20684.04841119478,
                "LU": 116.0,
                "MT": 199.0,
                "NL": 18787.81149150517,
                "PL": 125868.71505802128,
                "PT": 35623.948039843366,
                "RO": 57152.27159612017,
                "SK": 12868.838466329446,
                "SI": 9304.975909011268,
                "ES": 73277.01348473829,
                "SE": 35927.37443733574,
                "UK": 63923.995908711404
            }
        },
        {
            "year": "2010",
            "data": {
                "AT": 33626.41525809703,
                "BE": 12114.718611782226,
                "BG": 15699.147941654053,
                "HR": 16009.91394724,
                "CY": 3102.615943132561,
                "CZ": 54387.944453865086,
                "DK": 8384.0,
                "EE": 12920.986136738424,
                "FI": 24908.614986724955,
                "FR": 76050.85405153106,
                "DE": 133341.9877173487,
                "EL": 12759.62030978793,
                "HU": 18476.42455789553,
                "IE": 4406.0,
                "IT": 134712.66879651812,
                "LV": 21023.49070365645,
                "LT": 19279.80402571414,
                "LU": 116.0,
                "MT": 187.0,
                "NL": 16344.207692042835,
                "PL": 124500.95054377936,
                "PT": 33416.827170405486,
                "RO": 54368.92225189214,
                "SK": 27876.28083780294,
                "SI": 9012.732266016772,
                "ES": 67612.62161441827,
                "SE": 35933.57165765268,
                "UK": 75445.57735152126
            }
        },
        {
            "year": "2011",
            "data": {
                "AT": 34088.16325910437,
                "BE": 12510.012106310112,
                "BG": 16065.198467977285,
                "HR": 15712.639460236484,
                "CY": 2995.7233444080653,
                "CZ": 54387.931168229836,
                "DK": 9853.0,
                "EE": 14242.066777013733,
                "FI": 24765.56869350186,
                "FR": 71448.29283987626,
                "DE": 137110.68729434366,
                "EL": 12075.072708795497,
                "HU": 17596.091075753477,
                "IE": 4139.0,
                "IT": 138110.27688962812,
                "LV": 22289.411883290093,
                "LT": 20371.29554841717,
                "LU": 116.0,
                "MT": 187.0,
                "NL": 15797.63578081732,
                "PL": 121424.67491366393,
                "PT": 32427.729547258597,
                "RO": 58319.81019369647,
                "SK": 27862.21331232537,
                "SI": 8888.886217065734,
                "ES": 61836.630872746435,
                "SE": 36167.655714734334,
                "UK": 57743.424143912714
            }
        },
        {
            "year": "2012",
            "data": {
                "AT": 34291.412224972635,
                "BE": 12073.924072482141,
                "BG": 16152.12550921326,
                "HR": 15863.961480989963,
                "CY": 2519.7349699503816,
                "CZ": 54374.30592239941,
                "DK": 9485.0,
                "EE": 15131.339853262263,
                "FI": 23640.73585997647,
                "FR": 68185.12598247606,
                "DE": 133066.60555767856,
                "EL": 10508.234422483029,
                "HU": 17199.847642298824,
                "IE": 4036.0,
                "IT": 126838.09024812868,
                "LV": 23100.588124939663,
                "LT": 20592.34764302078,
                "LU": 116.0,
                "MT": 187.0,
                "NL": 14653.3247293782,
                "PL": 115222.47444950744,
                "PT": 30106.097504116704,
                "RO": 57972.40827145777,
                "SK": 22941.610758365743,
                "SI": 8512.903518811283,
                "ES": 53952.695677893156,
                "SE": 34119.017681343765,
                "UK": 65424.06465313589
            }
        },
        {
            "year": "2013",
            "data": {
                "AT": 33521.530934927454,
                "BE": 11619.576363148142,
                "BG": 16963.293058022424,
                "HR": 15992.379446844543,
                "CY": 1935.8788331752546,
                "CZ": 54388.26054731629,
                "DK": 9067.0,
                "EE": 15653.907211804175,
                "FI": 22066.013529111766,
                "FR": 67195.64407042511,
                "DE": 135281.04101550602,
                "EL": 6723.529462467889,
                "HU": 17011.362496918977,
                "IE": 4039.0,
                "IT": 119881.53131523872,
                "LV": 24103.360447166127,
                "LT": 20919.224681168558,
                "LU": 120.0,
                "MT": 187.0,
                "NL": 13605.007141156868,
                "PL": 113651.51328736427,
                "PT": 28384.61182291797,
                "RO": 57975.277023017275,
                "SK": 20101.78435062617,
                "SI": 8246.141081224656,
                "ES": 47998.61299857012,
                "SE": 31833.44646026576,
                "UK": 64204.806739161104
            }
        },
        {
            "year": "2014",
            "data": {
                "AT": 33026.988493838515,
                "BE": 12024.09970946524,
                "BG": 16796.4820758362,
                "HR": 16350.921128433381,
                "CY": 1793.8808390401944,
                "CZ": 54387.538959793455,
                "DK": 9026.0,
                "EE": 16453.679326852303,
                "FI": 21303.875858281666,