{
    "type": "bchem",
    "range_thresholds": [
        0.03980317408717206,
        0.21260428329703623,
        0.21262886803507272,
        0.30974391373938853,
        0.31015021997649,
        0.520678400228987,
        0.5228234973903676,
        1.0100281546913104,
        1.0181272436594164,
        1.6399739230660186,
        1.6733333134100643,
        3.723654239227862
    ],
    "series": [
        {
            "year": "2008",
            "data": {
                "AT": 1.6733333134100643,
                "BE": 1.8121406495942762,
                "BG": 0.43600345694255904,
                "HR": 0.1975199698804633,
                "CY": 0.23883700374814193,
                "CZ": 0.316767068011975,
                "DK": 1.7272320725931947,
                "EE": 0.27035766614963597,
                "FI": 1.0560482958365531,
                "FR": 1.5669856633660952,
                "DE": 2.1836782106791492,
                "EL": 0.5077498223513498,
                "HU": 0.4175765131348547,
                "IE": 0.34240099857145645,
                "IT": 1.1825141658409903,
                "LV": 1.0622895049391665,
                "LT": 0.30974391373938853,
                "LU": 0.16319855057521324,
                "MT": 0.08844698586632103,
                "NL": 0.519477885218482,
                "PL": 0.5604062153627929,
                "PT": 0.20172958965835489,
                "RO": 0.08634423343792373,
                "SK": 0.1333772422080443,
                "SI": 0.3295821172376417,
                "ES": 0.9001888295023184,
                "SE": 2.1904162574356496,
                "UK": 1.8118993845211804
            }
        },
        {
            "year": "2009",
            "data": {
                "AT": 1.030555577846439,
                "BE": 2.1333625371281637,
                "BG": 0.612385516164165,
                "HR": 0.17888568276784922,
                "CY": 0.21599658953948397,
                "CZ": 0.3859938065527765,
                "DK": 2.0113199582635537,
                "EE": 0.22531283108803954,
                "FI": 0.9993513552280727,
                "FR": 1.7149083550455648,
                "DE": 2.491214170563971,
                "EL": 0.45123807873427585,
                "HU": 0.4606322093611092,
                "IE": 0.2349993686071445,
                "IT": 1.0513955698955257,
                "LV": 1.5413672884114735,
                "LT": 0.6214134989481073,
                "LU": 0.1953964953094749,
                "MT": 0.08483220717279377,
                "NL": 0.4226147779707537,
                "PL": 0.5179222060825259,
                "PT": 0.21260428329703623,
                "RO": 0.10609070879345753,
                "SK": 0.09765262952015766,
                "SI": 0.28531886587584643,
                "ES": 0.8841190840592819,
                "SE": 2.345990754827477,
                "UK": 1.6387313883458967
            }
        },
        {
            "year": "2010",
            "data": {
                "AT": 1.2867261794760771,
                "BE": 2.2203600254538456,
                "BG": 0.7559222158140319,
                "HR": 0.23453821101827127,
                "CY": 0.23926188453463582,
                "CZ": 0.37807085574459304,
                "DK": 1.4194499690279407,
                "EE": 0.18063863488149598,
                "FI": 1.2162849621218355,
                "FR": 1.6117607163028327,
                "DE": 2.92120617865189,
                "EL": 0.40112222519512336,
                "HU": 0.5077881226137625,
                "IE": 0.21970945395915395,
                "IT": 0.9439255311962677,
                "LV": 2.3456217107860335,
                "LT": 0.626311681841915,
                "LU": 0.18345394034696644,
                "MT": 0.045648237034731955,
                "NL": 0.5292334017512933,
                "PL": 0.5424102107882676,
                "PT": 0.2589979802612442,
                "RO": 0.11598182527135553,
                "SK": 0.3985125453569293,
                "SI": 0.3131508671449402,
                "ES": 1.0267519837594912,
                "SE": 2.3962409033879846,
                "UK": 1.2562443249371933
            }
        },
        {
            "year": "2011",
            "data": {
                "AT": 0.6906224965098345,
                "BE": 2.394539518496623,
                "BG": 0.7404178299828311,
                "HR": 0.21298779902914305,
                "CY": 0.2310777628514176,
                "CZ": 0.3059704594397669,
                "DK": 1.4369346404567507,
                "EE": 0.16013355256091258,
                "FI": 1.41182144743833,
                "FR": 1.6399739230660186,
                "DE": 2.9368518425627537,
                "EL": 0.3938158986144908,
                "HU": 0.4270218040266942,
                "IE": 0.2298502494899495,
                "IT": 0.9430186941933861,
                "LV": 1.6101585668153033,
                "LT": 0.6212238003425835,
                "LU": 0.17297084117629452,
                "MT": 0.04506151790457205,
                "NL": 0.46244015748869866,
                "PL": 0.5503964876106355,
                "PT": 0.30219294861941065,
                "RO": 0.09914590783026134,
                "SK": 0.34723507854680846,
                "SI": 0.31015021997649,
                "ES": 1.0792316634137649,
                "SE": 2.1761502331951155,
                "UK": 1.0976338576898008
            }
        },
        {
            "year": "2012",
            "data": {
                "AT": 0.7201396554442953,
                "BE": 2.637734933949748,
                "BG": 0.6006596231830797,
                "HR": 0.25549341713779417,
                "CY": 0.23470007564941486,
                "CZ": 0.2856325116062606,
                "DK": 2.0411619028975014,
                "EE": 0.08415810725303324,
                "FI": 1.4461448305244688,
                "FR": 1.0761807450678946,
                "DE": 2.9040035747991926,
                "EL": 0.359260075247625,
                "HU": 0.27616286317632266,
                "IE": 0.2321434921971865,
                "IT": 0.9528541343358737,
                "LV": 0.7167050255509311,
                "LT": 0.6863828304424365,
                "LU": 0.17342524655836622,
                "MT": 0.04564926711522903,
                "NL": 0.538259643801151,
                "PL": 0.52888003992164,
                "PT": 0.23070809328296393,
                "RO": 0.13520786691153638,
                "SK": 0.15966474584256996,
                "SI": 0.3201587431124276,
                "ES": 1.0727695655017764,
                "SE": 2.2062889942169277,
                "UK": 1.0969132846384197
            }
        },
        {
            "year": "2013",
            "data": {
                "AT": 0.7710541663954016,
                "BE": 2.594367725625703,
                "BG": 0.5712632820072586,
                "HR": 0.24871864238134397,
                "CY": 0.2201808183574934,
                "CZ": 0.2563033808948839,
                "DK": 2.5140495219986048,
                "EE": 0.07698286756268889,
                "FI": 1.4174330176435546,
                "FR": 1.1257583463226124,
                "DE": 3.0248213250360445,
                "EL": 0.45864827829319454,
                "HU": 0.30173624672254856,
                "IE": 0.22656250065490433,
                "IT": 0.9324612648476668,
                "LV": 0.6777700785145211,
                "LT": 0.8536147660964206,
                "LU": 0.20778135526305372,
                "MT": 0.04695898792497934,
                "NL": 0.40071709293960134,
                "PL": 0.5081523165954951,
                "PT": 0.21248045481905994,
                "RO": 0.11707772090628105,
                "SK": 0.17168352340527152,
                "SI": 0.4831183451395088,
                "ES": 0.9838140909337446,
                "SE": 2.203471143997064,