{
    "type": "bD3511",
    "range_thresholds": [
        0.0019873788020344724,
        0.13345735895001304,
        0.13778057233268023,
        0.27081872654447653,
        0.2814952120229459,
        0.5338352445052362,
        0.5463464007037815,
        0.8260943953536947,
        0.8310705473014948,
        1.0812953334745912,
        1.0924427716961809,
        3.434970927641183
    ],
    "series": [
        {
            "year": "2008",
            "data": {
                "AT": 1.0344089283850704,
                "BE": 0.7932698256242994,
                "BG": 0.004557372402113223,
                "HR": 0.008724171779040038,
                "CY": 0.056840379258614654,
                "DK": 0.762679840547544,
                "EE": 0.025534546849397412,
                "FI": 2.118150242429124,
                "FR": 0.14657035161873352,
                "EL": 0.07163350781212142,
                "HU": 0.6155837248075325,
                "IT": 0.22027577532767778,
                "LV": 0.11345382833140198,
                "LT": 0.023054397215695677,
                "LU": 0.31071589431827484,
                "PL": 0.23329802856024898,
                "PT": 0.8405427022100049,
                "RO": 0.0030928936538294274,
                "SK": 0.6315101906728352,
                "SI": 0.20093705401771417,
                "ES": 0.15936136815638727,
                "SE": 1.4678817601499388,
                "UK": 0.2237778063355532
            }
        },
        {
            "year": "2009",
            "data": {
                "AT": 1.1397803536776263,
                "BE": 0.8687252701630649,
                "BG": 0.0033075938739864775,
                "HR": 0.010298346586746963,
                "CY": 0.1402898213326174,
                "DK": 0.4824738535212787,
                "EE": 0.6862160358873942,
                "FI": 1.9793220542925414,
                "FR": 0.1741954998273107,
                "EL": 0.08116834283335145,
                "HU": 0.9386151230391045,
                "IT": 0.3308427965379875,
                "LV": 0.14560703627247903,
                "LT": 0.028739831397090226,
                "LU": 0.33928747090827716,
                "PL": 0.4986227241048142,
                "PT": 0.9517745453367612,
                "RO": 0.0019873788020344724,
                "SK": 0.9434886141124591,
                "SI": 0.14441472174014536,
                "ES": 0.18705724072736243,
                "SE": 1.7883333578208933,
                "UK": 0.2940753918027902
            }
        },
        {
            "year": "2010",
            "data": {
                "AT": 0.9290436394583187,
                "BE": 0.804050107029117,
                "BG": 0.018234851076111357,
                "HR": 0.013243732159641348,
                "CY": 0.21919155155856138,
                "DK": 1.2016166604676484,
                "EE": 0.8452081253865065,
                "FI": 2.1890286705744497,
                "FR": 0.1586875824018809,
                "EL": 0.039958153467446446,
                "HU": 0.8912802278157085,
                "IT": 0.3936574229453396,
                "LV": 0.1330445371484019,
                "LT": 0.12005962188211673,
                "LU": 0.3096829020524004,
                "PL": 0.6193486224635247,
                "PT": 1.1590602500767502,
                "RO": 0.027518721381228194,
                "SK": 0.7559484537307833,
                "SI": 0.16234318791891145,
                "ES": 0.13778057233268023,
                "SE": 1.931064065447975,
                "UK": 0.31254256929060376
            }
        },
        {
            "year": "2011",
            "data": {
                "AT": 0.8179532040075232,
                "BE": 0.8788738929812243,
                "BG": 0.026911791928435083,
                "HR": 0.02827670869912651,
                "CY": 0.34543178596846946,
                "DK": 1.0812953334745912,
                "EE": 0.9116023605654724,
                "FI": 2.145705459033388,
                "FR": 0.17306784558955116,
                "EL": 0.046447978944813915,
                "HU": 0.5704696233720268,
                "IT": 0.464398615517369,
                "LV": 0.2814952120229459,
                "LT": 0.0822425488295516,
                "LU": 0.3993396618673166,
                "PL": 0.7038315305885811,
                "PT": 1.3982608962477403,
                "RO": 0.04025804486517645,
                "SK": 0.7216086321027955,
                "SI": 0.240308203155113,
                "ES": 0.31360205993662993,
                "SE": 1.7220199548229131,
                "UK": 0.3856425378706475
            }
        },
        {
            "year": "2012",
            "data": {
                "AT": 0.885138287278098,
                "BE": 1.007841084582154,
                "BG": 0.04659811349383322,
                "HR": 0.05533674570121841,
                "CY": 0.4558216979722413,
                "DK": 0.7568262815725493,
                "EE": 1.1077753771602705,
                "FI": 2.043283025699896,
                "FR": 0.17907711200733642,
                "EL": 0.04640907952145284,
                "HU": 0.5748720907428284,
                "IT": 0.5925132018972658,
                "LV": 0.6261824309706571,
                "LT": 0.14843165060385907,
                "LU": 0.3351039876236226,
                "PL": 1.001029040182105,
                "PT": 1.6369144002046205,
                "RO": 0.06046476473780092,
                "SK": 0.8512068496447539,
                "SI": 0.28449109451377724,
                "ES": 0.3699899068169943,
                "SE": 1.6911471494582806,
                "UK": 0.33117705516233525
            }
        },
        {
            "year": "2013",
            "data": {
                "AT": 0.8892494959999997,
                "BE": 0.8673422113812975,
                "BG": 0.0859640854671735,
                "HR": 0.08986032003947651,
                "CY": 0.47549056066857576,
                "DK": 1.2203495149516903,
                "EE": 0.7463529859977484,
                "FI": 2.300594180819308,
                "FR": 0.19356233315869228,
                "EL": 0.05243464702030838,
                "HU": 0.6566905104292416,
                "IT": 0.8205332009137238,
                "LV": 1.0689817173962022,
                "LT": 0.4246618225942447,
                "LU": 0.47690706102392466,
                "PL": 0.6971039240626907,
                "PT": 1.4402324284144636,
                "RO": 0.09086495819530134,
                "SK": 0.7456873796694953,
                "SI": 0.2423217707110734,
                "ES": 0.3871203368317614,
                "SE": 1.4006759732232321,
                "UK": 0.27081872654447653
            }
        },
        {
            "year": "2014",
            "data": {
                "AT": 0.8473615112336673,
                "BE": 0.8310705473014948,
                "BG": 0.13034919080524,
                "HR": 0.14498154206414762,
                "CY": 0.42363208731955343,
                "DK": 1.130198767754977,
                "EE": 0.97587213302084,
                "FI": 2.289401145539462,
                "FR": 0.19969969863299644,
                "EL": 0.10130848070811474,
                "HU": 0.6851345813202969,
                "IT": 0.8397873369126662,
                "LV": 2.2720452407613188,
                "LT": 0.5338352445052362,
                "LU": 0.5232103240824029,
                "PL": 0.8687258904688825,
                "PT": 1.3884979642371467,
                "RO": 0.13345735895001304,
                "SK": 0.9801200550159138,
                "SI": 0.20334744309360636,
                "ES": 0.26709369913104897,
                "SE": 1.2188280214717944,
                "UK": 0.29032351291065606
            }
        },
        {
            "year": "2015",
            "data": {
                "AT": 0.7820952471950394,
                "BE": 0.8720199965894638,