{
    "type": "bC21",
    "range_thresholds": [
        0.24894727920800683,
        1.7776248064606235,
        1.7926508490850848,
        2.6277616027538175,
        2.6784081823450903,
        3.8329959811606797,
        3.887852595133929,
        6.296027325105319,
        6.5345337630154,
        13.306003086436633,
        13.493177995867232,
        41.2011191859164
    ],
    "series": [
        {
            "year": "2008",
            "data": {
                "AT": 5.360042365699944,
                "BE": 12.052573806676223,
                "BG": 1.1554174356352949,
                "HR": 3.183621298353006,
                "CY": 2.844852863992876,
                "CZ": 1.9915646249762262,
                "DK": 16.612148435263755,
                "EE": 0.40752547890102664,
                "FI": 2.6226558371447966,
                "FR": 5.917265248319011,
                "DE": 8.740983726807409,
                "EL": 2.014039515351406,
                "HU": 6.5345337630154,
                "IE": 33.5355846328581,
                "IT": 4.803851764744365,
                "LT": 0.32139776837600526,
                "NL": 4.207035077330547,
                "PL": 2.6784081823450903,
                "PT": 2.2399839747008765,
                "RO": 0.9712912844903683,
                "SK": 1.2363780615799744,
                "SI": 17.932097970553453,
                "ES": 3.8112894004841613,
                "SE": 13.123332470803689,
                "UK": 8.32706106953727
            }
        },
        {
            "year": "2009",
            "data": {
                "AT": 6.715668385840178,
                "BE": 12.149908506754231,
                "BG": 1.8438736533958995,
                "HR": 3.313923536405762,
                "CY": 2.8560925939923534,
                "CZ": 2.376077895823829,
                "DK": 17.93821302395243,
                "EE": 0.4135691861777065,
                "FI": 2.8721732490340424,
                "FR": 5.793986579844806,
                "DE": 8.845121398363814,
                "EL": 2.6277616027538175,
                "HU": 7.742461039531793,
                "IE": 41.2011191859164,
                "IT": 5.223971821694091,
                "LT": 0.7321944381319409,
                "NL": 4.3836345017976255,
                "PL": 2.5107171514798337,
                "PT": 2.136332042006539,
                "RO": 1.0630379814045128,
                "SK": 1.4746220958607539,
                "SI": 19.742439178045174,
                "ES": 3.8210103447963966,
                "SE": 14.897239436329926,
                "UK": 7.671807376483768
            }
        },
        {
            "year": "2010",
            "data": {
                "AT": 6.734660377622034,
                "BE": 19.338460070721737,
                "BG": 1.8453294083500529,
                "HR": 3.571005265355805,
                "CY": 2.8332697421995747,
                "CZ": 2.4559597493108467,
                "DK": 16.182212727980612,
                "EE": 0.3610414350991709,
                "FI": 3.13170430922488,
                "FR": 5.641327498186689,
                "DE": 8.15260921022445,
                "EL": 2.1807498557942107,
                "HU": 9.124783748371101,
                "IE": 36.3619661950278,
                "IT": 5.790656113388109,
                "LT": 0.6817041536334127,
                "NL": 3.6486155566,
                "PL": 2.752962156919256,
                "PT": 2.0116271709217224,
                "RO": 1.7722873718848822,
                "SK": 1.8748111939431515,
                "SI": 19.307373266131737,
                "ES": 3.806342490400383,
                "SE": 12.077576165160538,
                "UK": 7.896284362195444
            }
        },
        {
            "year": "2011",
            "data": {
                "AT": 6.168731364999217,
                "BE": 16.02811311904179,
                "BG": 1.6897012924204928,
                "HR": 3.544290731426892,
                "CY": 2.971019572839783,
                "CZ": 1.9374408968883747,
                "DK": 17.539396589514965,
                "EE": 0.29948100867472455,
                "FI": 3.5393045421482325,
                "FR": 5.335590086702637,
                "DE": 7.961423251929369,
                "EL": 1.8749647336403819,
                "HU": 8.527501869307438,
                "IE": 36.62461680358539,
                "IT": 5.2981997062601955,
                "LT": 0.27733884603389364,
                "NL": 4.785451877893579,
                "PL": 2.23754697508162,
                "PT": 1.990520248591863,
                "RO": 1.286793779780821,
                "SK": 1.59257904023782,
                "SI": 18.470851925679256,
                "ES": 3.4391762220171396,
                "SE": 11.588861385137617,
                "UK": 8.241409458643664
            }
        },
        {
            "year": "2012",
            "data": {
                "AT": 5.823708411906129,
                "BE": 15.241417491186976,
                "BG": 1.93546237660089,
                "HR": 3.8329959811606797,
                "CY": 3.5058185177950794,
                "CZ": 1.8788999604930836,
                "DK": 18.793128377396158,
                "EE": 0.2952480970088888,
                "FI": 3.5761194232565243,
                "FR": 5.413022026031536,
                "DE": 7.943717447899991,
                "EL": 2.036120376176947,
                "HU": 8.952514769874757,
                "IE": 34.25248994732789,
                "IT": 5.174035420295313,
                "LT": 0.42911272117172083,
                "NL": 6.072927901837293,
                "PL": 1.8902259400390777,
                "PT": 2.292913566241022,
                "RO": 1.5187035724775426,
                "SK": 1.6359230702227694,
                "SI": 19.578304146456567,
                "ES": 4.013409883300423,
                "SE": 11.950698892620586,
                "UK": 7.601305981847033
            }
        },
        {
            "year": "2013",
            "data": {
                "AT": 6.296027325105319,
                "BE": 19.36945142784932,
                "BG": 1.920697431856027,
                "HR": 3.887852595133929,
                "CY": 3.8302339189939723,
                "CZ": 1.865881820064459,
                "DK": 20.33410741683491,
                "EE": 0.27980603643611546,
                "FI": 3.408838913969751,
                "FR": 5.633761591793638,
                "DE": 7.482579828358175,
                "EL": 3.270160831508457,
                "HU": 7.569586718120054,
                "IE": 28.65976956684842,
                "IT": 5.124672879547966,
                "LT": 0.6039414077140751,
                "NL": 3.1709542807693003,
                "PL": 2.388733097664549,
                "PT": 2.3111530845671977,
                "RO": 1.4609001494614957,
                "SK": 1.4880657750872552,
                "SI": 19.58323690853381,
                "ES": 4.1576163632327825,
                "SE": 13.71280425980316,
                "UK": 6.806732841743776
            }
        },
        {
            "year": "2014",
            "data": {
                "AT": 7.529830105789251,
                "BE": 18.469712599994246,
                "BG": 1.8426922831899446,
                "HR": 4.448491916454941,
                "CY": 4.146430084274127,
                "CZ": 1.8250318650466286,
                "DK": 22.845321517657624,
                "EE": 0.24894727920800683,
                "FI": 3.2955483328027344,
                "FR": 5.208690533829462,
                "DE": 7.970560390481447,
                "EL": 2.68546872493956,
                "HU": 7.671734902473408,
                "IE": 26.892088111573454,
                "IT": 4.981146509535812,
                "LT": 1.113708194520614,
                "NL": 3.041841416332681,
                "PL": 1.837611474993029,
                "PT": 2.2541548229924846,