{
    "type": "C12",
    "range_thresholds": [
        0.0047992648614364666,
        0.4825717210230354,
        0.4836929167813888,
        0.6993455954287998,
        0.7139612044812267,
        1.073356641817596,
        1.0855315746803067,
        1.76777423286015,
        1.7765346111205622,
        2.899789737295905,
        2.912461142361745,
        7.128714172294578
    ],
    "series": [
        {
            "year": "2008",
            "data": {
                "BE": 1.1275799085163967,
                "BG": 2.2302947196905154,
                "HR": 2.1197810195814384,
                "DK": 2.20522713974637,
                "FR": 0.7232127351595703,
                "DE": 1.1053057179946928,
                "EL": 1.9621646539761037,
                "HU": 0.8977478199876934,
                "IT": 0.35263473761457165,
                "LV": 0.006415958014154579,
                "NL": 6.841381338534255,
                "PL": 1.2563424159681762,
                "PT": 2.9192812824104397,
                "RO": 0.5222895926471053,
                "ES": 0.7497730571478355,
                "UK": 3.4962718278973024
            }
        },
        {
            "year": "2009",
            "data": {
                "BE": 1.1199863808727701,
                "BG": 2.1954105346872965,
                "HR": 2.2070924923640636,
                "DK": 2.3664907242448194,
                "FR": 0.7982471192557317,
                "DE": 1.5584269415912528,
                "EL": 2.3551452493948544,
                "HU": 0.8666281466253161,
                "IT": 0.37572576633852267,
                "LV": 0.008129824938936893,
                "NL": 7.128714172294578,
                "PL": 1.5284151318194723,
                "PT": 3.014438075697857,
                "RO": 0.6305235859186467,
                "ES": 0.8393327963497246,
                "UK": 3.973990702659022
            }
        },
        {
            "year": "2010",
            "data": {
                "BE": 0.9847037151626165,
                "BG": 3.146398945723338,
                "HR": 2.3760243007266606,
                "DK": 2.1245179539581502,
                "FR": 0.6492766205034411,
                "DE": 1.1523622655829502,
                "EL": 1.3898872830063322,
                "HU": 0.6596167210557127,
                "IT": 0.361866435091861,
                "LV": 0.0064750313503291945,
                "NL": 2.1556405275078556,
                "PL": 1.2418352010529532,
                "PT": 2.912461142361745,
                "RO": 0.6993455954287998,
                "ES": 0.755341110027111,
                "UK": 3.7427919106073175
            }
        },
        {
            "year": "2011",
            "data": {
                "BE": 1.0525604184050017,
                "BG": 1.8804787983869222,
                "HR": 2.3577183746591435,
                "DK": 0.6222083160558404,
                "FR": 0.813776485757163,
                "DE": 1.5769500173938693,
                "EL": 1.537153826067663,
                "HU": 0.3182354492909246,
                "IT": 0.0650573243805724,
                "LV": 0.006897608373821257,
                "NL": 2.1718698461590624,
                "PL": 2.899789737295905,
                "PT": 3.048890322973676,
                "RO": 0.5920713948703593,
                "ES": 0.5688103689679269,
                "UK": 3.856821826614254
            }
        },
        {
            "year": "2012",
            "data": {
                "BE": 1.0855315746803067,
                "BG": 3.1362704414775484,
                "HR": 2.549672707974558,
                "DK": 0.5169380100676875,
                "FR": 0.8054016714704916,
                "DE": 1.746644006987121,
                "EL": 1.5946479636033184,
                "HU": 0.4595587643961102,
                "IT": 0.06799953730090573,
                "LV": 0.006425982319011603,
                "NL": 2.2510309116522738,
                "PL": 1.1269393287226193,
                "PT": 3.2106489877889146,
                "RO": 0.7139612044812267,
                "ES": 0.7926198921617243,
                "UK": 3.643863364504378
            }
        },
        {
            "year": "2013",
            "data": {
                "BE": 0.9802710013285211,
                "BG": 2.319525388251039,
                "HR": 1.617346319487636,
                "DK": 0.5425991176240456,
                "FR": 0.6471083297669009,
                "DE": 1.55641543497043,
                "EL": 1.6661121498904392,
                "HU": 0.333328852401265,
                "IT": 0.06590150223175906,
                "LV": 0.006140513923122075,
                "NL": 2.115204105501698,
                "PL": 1.073356641817596,
                "PT": 3.4147225373785695,
                "RO": 0.6118543364751909,
                "ES": 0.4836929167813888,
                "UK": 3.6762797756444385
            }
        },
        {
            "year": "2014",
            "data": {
                "BE": 0.8883070477983,
                "BG": 2.036686136017625,
                "HR": 1.7444946938343124,
                "DK": 0.6067820792904,
                "FR": 0.6153615471369345,
                "DE": 1.5697384404781578,
                "EL": 2.0780870929795268,
                "HU": 0.6602682951848386,
                "IT": 0.060306222317158376,
                "LV": 0.005654482090085456,
                "NL": 2.035811870981572,
                "PL": 1.2115181250044056,
                "PT": 4.111031245823506,
                "RO": 0.6598648585797618,
                "ES": 0.8055458135128297,
                "UK": 3.5056260451642682
            }
        },
        {
            "year": "2015",
            "data": {
                "BE": 0.9106649570362028,
                "BG": 2.3895828632950056,
                "HR": 1.1305131449018184,
                "DK": 0.6497930489714024,
                "FR": 0.46456980353535327,
                "DE": 1.7481964047746879,
                "EL": 2.041604418735708,
                "HU": 0.4825717210230354,
                "IT": 0.06031613182710231,
                "LV": 0.005239883142656825,
                "NL": 0.9931560738745081,
                "PL": 1.4043408890554407,
                "PT": 4.488007310979614,
                "RO": 0.794217621321121,
                "ES": 0.634877386696931,
                "UK": 3.1167250524935923
            }
        },
        {
            "year": "2016",
            "data": {
                "BE": 0.739922884238669,
                "BG": 1.2880106810172547,
                "HR": 1.0639028393842065,
                "DK": 0.6519424775963126,
                "FR": 0.6540493082349769,
                "DE": 1.76777423286015,
                "EL": 2.443149994356459,
                "HU": 0.4977448635670216,
                "IT": 0.15651533735864753,
                "LV": 0.005380960336597681,
                "NL": 0.7269593633768462,
                "PL": 1.3500847327600805,
                "PT": 4.210705168540651,
                "RO": 0.7478670817482632,
                "ES": 0.5997844431082662,
                "UK": 3.336095054657849
            }
        },
        {
            "year": "2017",
            "data": {
                "BE": 0.5875735161899873,
                "BG": 0.37843535951677554,
                "HR": 1.0359431651690252,
                "DK": 0.5906923457355014,
                "FR": 0.5607323817539761,
                "DE": 1.7765346111205622,
                "EL": 4.076120760069634,
                "HU": 0.4961757640547728,
                "IT": 0.30931250062927085,
                "LV": 0.0047992648614364666,
                "NL": 0.7855742262506413,
                "PL": 3.283208035888882,
                "PT": 3.3232376119307863,
                "RO": 0.8227860364514488,
                "ES": 0.4733456936552829,
                "UK": 3.4928149952932483
            }
        }
    ]
}