{
    "type": "Biod",
    "range_thresholds": [
        0.0,
        0.021545275470840734,
        0.025840390852734228,
        0.1759486783253988,
        0.17764883181074959,
        0.32070625630897454,
        0.32481427977948313,
        1.8756304097424987
    ],
    "series": [
        {
            "year": "2008",
            "data": {
                "AT": 0.6110514924619048,
                "BE": 0.35718249938329577,
                "BG": 0.0,
                "HR": 0.04100521802393018,
                "CY": 0.049129220953514505,
                "DK": 0.052445835278839434,
                "EE": 0.0,
                "FI": 0.09206824706703737,
                "FR": 0.0,
                "DE": 0.6131996588212185,
                "EL": 0.12381153480386649,
                "HU": 0.0,
                "IT": 0.1297954985966967,
                "LV": 0.0,
                "LT": 0.22986547916397426,
                "PL": 0.13065950234410612,
                "PT": 0.17219981507927548,
                "RO": 0.0389874611811395,
                "SK": 0.0,
                "ES": 0.25891273266834497,
                "SE": 0.24917866720464774,
                "UK": 0.29782724164014646
            }
        },
        {
            "year": "2009",
            "data": {
                "AT": 0.5618013557940663,
                "BE": 0.5543822030136948,
                "BG": 0.0,
                "HR": 0.02720444284439724,
                "CY": 0.04805547472126858,
                "DK": 0.06338318468129873,
                "EE": 0.0,
                "FI": 0.3181196560269418,
                "FR": 0.0,
                "DE": 0.5597531363493327,
                "EL": 0.1011866195911546,
                "HU": 0.0,
                "IT": 0.14390154608739777,
                "LV": 0.0,
                "LT": 0.3002599837349561,
                "PL": 0.15224049132543996,
                "PT": 0.27233324823646227,
                "RO": 0.036274898113569445,
                "SK": 0.0,
                "ES": 0.2649296214613917,
                "SE": 0.2528331501475042,
                "UK": 0.18901173396767273
            }
        },
        {
            "year": "2010",
            "data": {
                "AT": 0.8241661457253694,
                "BE": 0.5512479442730602,
                "BG": 0.0,
                "HR": 0.12253154284480969,
                "CY": 0.05411538239922485,
                "DK": 0.20927884497183688,
                "EE": 0.0,
                "FI": 0.42218257901244505,
                "FR": 0.0,
                "DE": 0.6854785452583179,
                "EL": 0.0943470874910392,
                "HU": 0.0,
                "IT": 0.1355167363149139,
                "LV": 0.0,
                "LT": 0.31024821180376116,
                "PL": 0.1357427308378667,
                "PT": 0.34658843191836375,
                "RO": 0.02722491397607024,
                "SK": 0.0,
                "ES": 0.3699228785854562,
                "SE": 0.30336484238408,
                "UK": 0.25006277931378335
            }
        },
        {
            "year": "2011",
            "data": {
                "AT": 0.6085967832026705,
                "BE": 0.7444109978350707,
                "BG": 0.0,
                "HR": 0.06278913574442845,
                "CY": 0.06460917625174814,
                "DK": 0.18585898657330022,
                "EE": 0.0,
                "FI": 0.2341777230038713,
                "FR": 0.0,
                "DE": 0.7100352750378672,
                "EL": 0.07874808381041926,
                "HU": 0.0,
                "IT": 0.1573506169587558,
                "LV": 0.0,
                "LT": 0.2654388955823815,
                "PL": 0.19628645886269816,
                "PT": 0.38761243290056596,
                "RO": 0.03043937241844019,
                "SK": 0.0,
                "ES": 0.32481427977948313,
                "SE": 0.31558219868386317,
                "UK": 0.31582766095783205
            }
        },
        {
            "year": "2012",
            "data": {
                "AT": 0.8037141359376778,
                "BE": 0.3378636716960045,
                "HR": 0.22972730633833874,
                "CY": 0.02146902695677966,
                "DK": 0.32571351194424464,
                "EE": 0.0,
                "FI": 0.09393250512483453,
                "DE": 0.3426069140728628,
                "EL": 0.0754299878059612,
                "IE": 0.0,
                "IT": 0.17764883181074959,
                "LT": 0.15785650822833883,
                "PL": 0.39530921369170957,
                "PT": 0.5949488298309342,
                "RO": 0.058626187978268185,
                "SK": 0.0,
                "SI": 0.0,
                "ES": 0.21148508525407633,
                "SE": 0.41051641130938077,
                "UK": 0.04675791922680008
            }
        },
        {
            "year": "2013",
            "data": {
                "AT": 0.8165535785103706,
                "BE": 0.4075043378088462,
                "HR": 0.2157508430006574,
                "CY": 0.03635456180990268,
                "DK": 0.3569028361718686,
                "EE": 0.0,
                "FI": 1.224578959005674,
                "DE": 0.3454885484228956,
                "EL": 0.14864299729355035,
                "IE": 0.0,
                "IT": 0.1759486783253988,
                "LT": 0.26706320784867027,
                "PL": 0.40425557965032277,
                "PT": 0.4023979463719725,
                "RO": 0.021545275470840734,
                "SK": 0.0,
                "SI": 0.0,
                "ES": 0.23112593934367667,
                "SE": 0.3980601337268224,
                "UK": 0.07548565665595383
            }
        },
        {
            "year": "2014",
            "data": {
                "AT": 0.8527043106413991,
                "BE": 0.32070625630897454,
                "HR": 0.2867078485551931,
                "CY": 0.026036182943476437,
                "DK": 0.21587438984432047,
                "EE": 0.0,
                "FI": 1.0452331240884583,
                "DE": 0.3197828203463145,
                "EL": 0.26153836599222063,
                "IE": 0.0,
                "IT": 0.18659686382301516,
                "LT": 0.23074023061791293,
                "PL": 0.40615236379800185,
                "PT": 0.3843400727551531,
                "RO": 0.09782980249483718,
                "SK": 0.0,
                "SI": 0.0,
                "ES": 0.21498769168170817,
                "SE": 0.5188430582394511,
                "UK": 0.05628244317619146
            }
        },
        {
            "year": "2015",
            "data": {
                "AT": 0.751274558869649,
                "BE": 0.21438651361471817,
                "HR": 0.14483367750311676,
                "CY": 0.03379681203200051,
                "DK": 0.28067019034903723,
                "EE": 0.008242607733593714,
                "FI": 1.116103778330269,
                "DE": 0.30539817253887874,
                "EL": 0.28495084729897685,
                "IE": 0.0,
                "IT": 0.15694847842219833,
                "LT": 0.17879929803520403,
                "PL": 0.42139691141686847,
                "PT": 0.3655433684984633,
                "RO": 0.14759597087664314,
                "SK": 0.0,
                "SI": 0.0,
                "ES": 0.2682938349579973,
                "SE": 0.5828548665499755,
                "UK": 0.025840390852734228
            }
        },
        {
            "year": "2016",
            "data": {
                "AT": 0.8445309967777721,
                "BE": 0.17851236385112926,
                "HR": 0.0068245662752351695,
                "CY": 0.046843059506131025,
                "DK": 0.3074293943915967,
                "EE": 0.0,
                "FI": 1.4614731540488601,
                "DE": 0.3346085577971343,
                "EL": 0.20299106828302899,
                "HU": 0.2465347602893919,