{
    "type": "bC13",
    "range_thresholds": [
        0.0608952830778057,
        0.41222940553473225,
        0.412878485764324,
        0.5277999186422211,
        0.5335396013248078,
        0.8303835655704639,
        0.8378254955219181,
        1.1621020038680074,
        1.1667281342537177,
        1.9770993629955083,
        2.0035164280848154,
        3.7170441505357283
    ],
    "series": [
        {
            "year": "2008",
            "data": {
                "AT": 1.298147179069221,
                "BE": 2.5922671239059376,
                "BG": 1.256691727305729,
                "HR": 0.7667863590722637,
                "CY": 0.5255429809315941,
                "CZ": 2.8392253334947393,
                "DK": 0.761663779003356,
                "EE": 1.9380754927276695,
                "FI": 0.7388324337645978,
                "FR": 0.9810248537352434,
                "DE": 1.2914541881757697,
                "EL": 1.1455095473008616,
                "HU": 0.5487292774710454,
                "IE": 0.20730024216085455,
                "IT": 3.45209689498501,
                "LV": 0.5823847019640737,
                "LT": 1.9126834188833943,
                "LU": 0.3071728675472987,
                "MT": 0.21185733518232228,
                "PL": 1.0157941122391,
                "PT": 3.3873749589968845,
                "RO": 1.1621020038680074,
                "SK": 0.587285441211428,
                "SI": 2.9370972901087256,
                "ES": 0.9842790449448455,
                "SE": 0.5651853170423534,
                "UK": 1.480006245759665
            }
        },
        {
            "year": "2009",
            "data": {
                "AT": 1.213979428986277,
                "BE": 2.4481035106594953,
                "BG": 0.9693603684733116,
                "HR": 0.6484692692634352,
                "CY": 0.45118632171145207,
                "CZ": 2.9178104885709306,
                "DK": 0.6440642215335978,
                "EE": 1.6801746894681193,
                "FI": 0.6147276670363607,
                "FR": 0.9110876238239644,
                "DE": 1.1533797018836844,
                "EL": 0.9475795786509323,
                "HU": 0.5335396013248078,
                "IE": 0.16509638259204193,
                "IT": 3.060179344333282,
                "LV": 0.3898226456021471,
                "LT": 1.6909735414085314,
                "LU": 0.31579133533131803,
                "MT": 0.18346943478526642,
                "PL": 0.9212911624769946,
                "PT": 2.970099780796244,
                "RO": 0.8378254955219181,
                "SK": 0.491746335114249,
                "SI": 2.105589418723241,
                "ES": 0.8288980132102509,
                "SE": 0.5198259204165261,
                "UK": 1.2554348695319109
            }
        },
        {
            "year": "2010",
            "data": {
                "AT": 1.2432956530191144,
                "BE": 2.284614520451567,
                "BG": 0.9999917282164841,
                "HR": 0.6199128689041329,
                "CY": 0.41222940553473225,
                "CZ": 2.846713139140487,
                "DK": 0.526395247913184,
                "EE": 1.431970620193033,
                "FI": 0.5125709525106352,
                "FR": 0.9208184035692581,
                "DE": 1.1432549877218252,
                "EL": 0.802333567052494,
                "HU": 0.5277999186422211,
                "IE": 0.12017993976243602,
                "IT": 3.3243908692359887,
                "LV": 0.3691360096392705,
                "LT": 1.7720222788149549,
                "LU": 0.36522009914968534,
                "MT": 0.12046023484247341,
                "PL": 0.9204961389126348,
                "PT": 3.156570674364719,
                "RO": 1.0926216902196493,
                "SK": 0.7420745670450334,
                "SI": 2.4787585247457864,
                "ES": 0.8468466408679532,
                "SE": 0.48905458107543687,
                "UK": 1.214809906122973
            }
        },
        {
            "year": "2011",
            "data": {
                "AT": 1.1731838800564391,
                "BE": 2.3293179891914435,
                "BG": 0.9870519018080923,
                "HR": 0.5756434437022612,
                "CY": 0.4248147860313723,
                "CZ": 2.3607553559816776,
                "DK": 0.5174423821828922,
                "EE": 1.127211723993871,
                "FI": 0.5051282556964316,
                "FR": 0.8303835655704639,
                "DE": 1.1326693817401539,
                "EL": 0.8143992831827975,
                "HU": 0.5346717015066805,
                "IE": 0.08944077583291321,
                "IT": 3.365546564081386,
                "LV": 0.268705027835223,
                "LT": 1.852622479214377,
                "LU": 0.32708098767805727,
                "MT": 0.11812675324441267,
                "PL": 0.856021074895268,
                "PT": 3.017332850152186,
                "RO": 0.92063159927616,
                "SK": 0.7526931745304629,
                "SI": 2.018654113805987,
                "ES": 0.8169200261148245,
                "SE": 0.4668513736500867,
                "UK": 1.1194276459704495
            }
        },
        {
            "year": "2012",
            "data": {
                "AT": 1.1329448876001258,
                "BE": 2.0035164280848154,
                "BG": 0.9739456174156389,
                "HR": 0.5373168970763916,
                "CY": 0.3558590164709515,
                "CZ": 2.310559349289656,
                "DK": 0.444037965277751,
                "EE": 1.2478805777577997,
                "FI": 0.4773388338804104,
                "FR": 0.7613898183965254,
                "DE": 1.0935365214873964,
                "EL": 0.540855097825656,
                "HU": 0.4949460849189661,
                "IE": 0.09690771722613693,
                "IT": 2.8811791672757523,
                "LV": 0.43455981700727864,
                "LT": 1.6631054938762886,
                "LU": 0.2748880006206248,
                "MT": 0.11592619279693962,
                "PL": 0.8101807096353201,
                "PT": 2.9237537657879518,
                "RO": 1.104853052705928,
                "SK": 0.6016917445404646,
                "SI": 2.1016095404392976,
                "ES": 0.7985521890055888,
                "SE": 0.4670669018074589,
                "UK": 1.2839788805956063
            }
        },
        {
            "year": "2013",
            "data": {
                "AT": 1.1762470278786492,
                "BE": 1.8370859909973885,
                "BG": 1.1667281342537177,
                "HR": 0.4662575732085689,
                "CY": 0.30314256237128384,
                "CZ": 2.1097423396318327,
                "DK": 0.49781298398225393,
                "EE": 1.1542230586920128,
                "FI": 0.439673284131287,
                "FR": 0.8273885116120075,
                "DE": 1.0410725976231758,
                "EL": 0.4845878144014105,
                "HU": 0.5047793103415419,
                "IE": 0.10601593245327942,
                "IT": 2.7629561087332686,
                "LV": 0.47500910054465934,
                "LT": 1.674213171512667,
                "LU": 0.292905793794041,
                "MT": 0.11844226030831774,
                "PL": 0.7798121322805255,
                "PT": 3.0857385355370006,
                "RO": 1.0629491202989454,
                "SK": 0.5669795881888012,
                "SI": 2.1409498310359965,
                "ES": 0.8143567720166327,
                "SE": 0.4549174885041235,
                "UK": 1.1614757255230226
            }
        },
        {
            "year": "2014",
            "data": {
                "AT": 1.262641313307079,
                "BE": 1.942496463843216,
                "BG": 1.0975071107212329,
                "HR": 0.5035559039635676,
                "CY": 0.3507253921512974,