{
    "type": "bC31",
    "range_thresholds": [
        0.18884676917060036,
        1.2072510005539399,
        1.2133894826043379,
        1.8875981562656563,
        1.9031172826309002,
        2.4302174795190536,
        2.463178500926489,
        3.120372107707001,
        3.147138688747665,
        4.417937588389405,
        4.466596227349774,
        10.425959366332764
    ],
    "series": [
        {
            "year": "2008",
            "data": {
                "AT": 3.353328033165215,
                "BE": 2.252812169425098,
                "BG": 2.258194577640647,
                "HR": 2.417727107281008,
                "CY": 2.19646571209939,
                "CZ": 2.1467925060375146,
                "DK": 4.679524315572452,
                "EE": 5.665427537028173,
                "FI": 1.945254675579874,
                "FR": 1.2748161195496317,
                "DE": 4.047978755455871,
                "EL": 1.6702769485189026,
                "HU": 1.7644130680483465,
                "IE": 1.5213235815720179,
                "IT": 5.029001452680123,
                "LV": 3.0652858486139887,
                "LT": 5.901671097566978,
                "LU": 0.21772528143252684,
                "MT": 9.629584648331928,
                "NL": 1.2273370470923772,
                "PL": 5.706844699653946,
                "PT": 3.1677844308570138,
                "RO": 2.9358558161742527,
                "SK": 3.4807447822505146,
                "SI": 6.572946834702973,
                "ES": 2.9903588239616465,
                "SE": 2.558008510880462,
                "UK": 2.817680107421477
            }
        },
        {
            "year": "2009",
            "data": {
                "AT": 3.4790360175844635,
                "BE": 2.2494061531337946,
                "BG": 2.472299275696226,
                "HR": 2.0365643989509064,
                "CY": 1.8567375742210193,
                "CZ": 2.4674264648841553,
                "DK": 4.1056290835789016,
                "EE": 6.598882360918011,
                "FI": 1.4097141955722643,
                "FR": 1.4134523928395115,
                "DE": 3.7343755043952145,
                "EL": 1.6682724762680519,
                "HU": 1.739863657411355,
                "IE": 0.9984605504483377,
                "IT": 4.946161636583477,
                "LV": 2.8519837209195686,
                "LT": 7.90157407800461,
                "LU": 0.207800517496163,
                "MT": 8.431349389635091,
                "NL": 1.3631223849238423,
                "PL": 5.995088546701923,
                "PT": 2.764893121812421,
                "RO": 2.918250060208436,
                "SK": 3.7079119760562245,
                "SI": 4.466596227349774,
                "ES": 2.4053180935938925,
                "SE": 2.2809359671677654,
                "UK": 2.1333701839884975
            }
        },
        {
            "year": "2010",
            "data": {
                "AT": 3.2871003593890946,
                "BE": 1.8758028218230756,
                "BG": 2.1680134745715707,
                "HR": 2.2409197285004323,
                "CY": 1.767236883856738,
                "CZ": 2.5012026628124255,
                "DK": 3.038968047664127,
                "EE": 5.588384207523507,
                "FI": 1.261514536955846,
                "FR": 1.2259675859123904,
                "DE": 3.898926947153494,
                "EL": 1.4592440449209128,
                "HU": 1.537613099135628,
                "IE": 0.789634780579785,
                "IT": 4.003218187639964,
                "LV": 2.0248449978256104,
                "LT": 8.506126519322912,
                "LU": 0.19608047968640127,
                "MT": 8.471714711511726,
                "NL": 1.3633683262160554,
                "PL": 5.514945871292022,
                "PT": 2.567161978417393,
                "RO": 2.9816747667293892,
                "SK": 4.567712787499383,
                "SI": 4.417937588389405,
                "ES": 2.2542931742031547,
                "SE": 2.095152480575723,
                "UK": 2.481946240543753
            }
        },
        {
            "year": "2011",
            "data": {
                "AT": 3.1646031061399724,
                "BE": 1.8875981562656563,
                "BG": 1.9031172826309002,
                "HR": 2.107295746998939,
                "CY": 1.5128597037989582,
                "CZ": 2.1550360930368164,
                "DK": 2.95130161768861,
                "EE": 5.116820590309454,
                "FI": 1.252876342329774,
                "FR": 1.1422943188477637,
                "DE": 3.5433967314094525,
                "EL": 1.108682808829213,
                "HU": 1.2133894826043379,
                "IE": 0.5811475527069007,
                "IT": 4.229035281840026,
                "LV": 2.356382416361223,
                "LT": 8.34369103508391,
                "LU": 0.22835790216681606,
                "MT": 8.571461084178921,
                "NL": 1.444064761745764,
                "PL": 5.0035214239437575,
                "PT": 2.3687367005782454,
                "RO": 2.565390880750448,
                "SK": 3.991450168511121,
                "SI": 3.506390999609411,
                "ES": 1.845833546757227,
                "SE": 2.250170057568885,
                "UK": 2.1771805297496933
            }
        },
        {
            "year": "2012",
            "data": {
                "AT": 3.20128990889312,
                "BE": 1.7302302263476943,
                "BG": 2.110128449745701,
                "HR": 2.1038202864097966,
                "CY": 1.2378582543593082,
                "CZ": 2.256414977959439,
                "DK": 2.501265560514423,
                "EE": 5.107120565942507,
                "FI": 1.2145502245084197,
                "FR": 1.1246119834502826,
                "DE": 3.8162188645162,
                "EL": 0.7459910304865026,
                "HU": 1.2169188504091057,
                "IE": 0.6342391543889004,
                "IT": 3.67112285824417,
                "LV": 2.618402127013401,
                "LT": 8.476474323435678,
                "LU": 0.19807383979553445,
                "MT": 8.282274933426283,
                "NL": 1.5005284042772744,
                "PL": 4.637101386493082,
                "PT": 2.1928777262352326,
                "RO": 3.0517251231165177,
                "SK": 3.603035166393305,
                "SI": 3.3732243970309406,
                "ES": 1.7067143598692973,
                "SE": 2.261691035631561,
                "UK": 2.3221941235092554
            }
        },
        {
            "year": "2013",
            "data": {
                "AT": 3.0692519882789786,
                "BE": 1.8210611117792066,
                "BG": 2.0703806297873957,
                "HR": 1.7633149451179584,
                "CY": 1.1798002572743214,
                "CZ": 2.304574106551172,
                "DK": 2.7088388871667695,
                "EE": 5.082833787454187,
                "FI": 0.9953664841914208,
                "FR": 1.1356157160530582,
                "DE": 3.411925909756193,
                "EL": 0.4265713124760257,
                "HU": 1.3217004370556051,
                "IE": 0.6367789732875759,
                "IT": 3.8758329832750174,
                "LV": 2.7506215249254518,
                "LT": 8.522971888729794,
                "LU": 0.20993787349156914,
                "MT": 8.610171835800475,
                "NL": 1.19935865589807,
                "PL": 4.9934483730795,
                "PT": 2.2612359090141583,
                "RO": 2.90119824731273,
                "SK": 3.75666173784319,
                "SI": 2.913305237655656,
                "ES": 1.395110122073211,
                "SE": 2.161753938031064,
                "UK": 2.2085342149868192
            }
        },
        {
            "year": "2014",
            "data": {
                "AT": 2.985558067467276,