{
    "type": "bC15",
    "range_thresholds": [
        0.01244983758846198,
        0.05344454494012314,
        0.05350033519571425,
        0.22759423477433488,
        0.22825498064954347,
        0.452311933944733,
        0.45513591785752966,
        0.816987136522835,
        0.8342067288021365,
        1.1416951779185678,
        1.1603213101627419,
        4.214064534178495
    ],
    "series": [
        {
            "year": "2008",
            "data": {
                "AT": 1.01240698382102,
                "BE": 0.03793027803442712,
                "BG": 0.6186462492789704,
                "HR": 0.9226612492748565,
                "CY": 0.11292102321735752,
                "CZ": 0.10662344845420126,
                "DK": 0.046386570648224205,
                "EE": 0.45513591785752966,
                "FI": 0.3155041826875722,
                "FR": 0.7600950190733172,
                "DE": 0.43397623090256243,
                "EL": 0.3759296679038427,
                "HU": 0.5809967447503263,
                "IE": 0.021822392327856092,
                "IT": 3.5567494021327466,
                "LV": 0.07341667439745583,
                "LT": 0.28730671271830055,
                "PL": 0.5033727197208655,
                "PT": 2.5094030907144407,
                "RO": 1.0768051649624504,
                "SK": 1.401466564627927,
                "SI": 0.8664950325323405,
                "ES": 0.8741239909622734,
                "SE": 0.05916974525570601,
                "UK": 0.259267863466722
            }
        },
        {
            "year": "2009",
            "data": {
                "AT": 0.8869065269434744,
                "BE": 0.03767484193397032,
                "BG": 0.7076649214825017,
                "HR": 0.9237919948647919,
                "CY": 0.07048317271693032,
                "CZ": 0.11667408696662845,
                "DK": 0.049708636033583636,
                "EE": 0.5049735072606486,
                "FI": 0.26072038656141105,
                "FR": 0.7793369629790737,
                "DE": 0.40360511505186425,
                "EL": 0.3544501202486607,
                "HU": 0.5038725479417748,
                "IE": 0.016381811459534462,
                "IT": 2.986736469932241,
                "LV": 0.06016384747573482,
                "LT": 0.2012022733323,
                "PL": 0.452311933944733,
                "PT": 2.541378654755836,
                "RO": 1.0463454658849145,
                "SK": 1.5762143671643845,
                "SI": 0.9429224682051429,
                "ES": 0.841689609065553,
                "SE": 0.05545217930921775,
                "UK": 0.24500639279393838
            }
        },
        {
            "year": "2010",
            "data": {
                "AT": 0.9257883258459693,
                "BE": 0.02729240398152862,
                "BG": 0.7783662827853122,
                "HR": 0.9689812706125733,
                "CY": 0.042508861825604795,
                "CZ": 0.11955238520947081,
                "DK": 0.0466293442117002,
                "EE": 0.4945968891180788,
                "FI": 0.2812904715788362,
                "FR": 0.7712538548114628,
                "DE": 0.4020585727187194,
                "EL": 0.30695354998685853,
                "HU": 0.6234524426446088,
                "IE": 0.01303444138676422,
                "IT": 3.6605440054643115,
                "LV": 0.05766841234614423,
                "LT": 0.17936768782859225,
                "PL": 0.47070864097203896,
                "PT": 2.581387906032477,
                "RO": 1.2051257815380183,
                "SK": 1.645075722320847,
                "SI": 0.7996710569181429,
                "ES": 0.8092224168002368,
                "SE": 0.04944281578464142,
                "UK": 0.33005714152101917
            }
        },
        {
            "year": "2011",
            "data": {
                "AT": 0.9383467481931921,
                "BE": 0.03715212468627889,
                "BG": 0.816987136522835,
                "HR": 0.9418212719775042,
                "CY": 0.0359532788365714,
                "CZ": 0.10268308143390473,
                "DK": 0.036375275869360714,
                "EE": 0.48852514559639515,
                "FI": 0.3020271558655227,
                "FR": 0.8485615002426462,
                "DE": 0.4036477545063246,
                "EL": 0.21805256459191896,
                "HU": 0.5839786192391808,
                "IE": 0.015575862549110732,
                "IT": 3.5470589660759804,
                "LV": 0.06646220608861672,
                "LT": 0.1581355085146821,
                "PL": 0.45042846452139135,
                "PT": 2.9310615025091717,
                "RO": 1.1603213101627419,
                "SK": 1.6359190284544485,
                "SI": 1.1785506266011767,
                "ES": 0.8342067288021365,
                "SE": 0.05344454494012314,
                "UK": 0.4011124872875223
            }
        },
        {
            "year": "2012",
            "data": {
                "AT": 0.9227170561783297,
                "BE": 0.035325612542377496,
                "BG": 0.7553256945917567,
                "HR": 1.1143408464148945,
                "CY": 0.025695549371594857,
                "CZ": 0.09987603818426806,
                "DK": 0.030632427634685974,
                "EE": 0.45607707145663867,
                "FI": 0.3031004542447162,
                "FR": 0.9217593057271606,
                "DE": 0.3911771326868597,
                "EL": 0.20452190679026935,
                "HU": 0.5837968731437047,
                "IE": 0.016512422445559016,
                "IT": 3.8640310167924476,
                "LV": 0.08358174214063249,
                "LT": 0.158426707193801,
                "PL": 0.43652994277327334,
                "PT": 3.049671007966539,
                "RO": 1.3848102449480209,
                "SK": 1.4052763570298283,
                "SI": 0.9168198396941415,
                "ES": 0.7979279239309165,
                "SE": 0.04970805083374827,
                "UK": 0.2987254680798827
            }
        },
        {
            "year": "2013",
            "data": {
                "AT": 0.9924481263766124,
                "BE": 0.03360284797498843,
                "BG": 0.7432984407901297,
                "HR": 1.0980218274960214,
                "CY": 0.0233721243654804,
                "CZ": 0.10172882742697632,
                "DK": 0.05350033519571425,
                "EE": 0.47673032600975107,
                "FI": 0.2769625061635957,
                "FR": 0.9500158587759853,
                "DE": 0.3729678584951203,
                "EL": 0.17395135904106582,
                "HU": 0.6637465824347347,
                "IE": 0.013749375531783318,
                "IT": 3.9300736074380684,
                "LV": 0.08247727291724646,
                "LT": 0.16002748694426913,
                "PL": 0.4718990863135918,
                "PT": 3.1585128454535085,
                "RO": 1.2226450564954345,
                "SK": 1.3319377393226342,
                "SI": 0.9956029958163177,
                "ES": 0.8555324620871352,
                "SE": 0.04783174255648104,
                "UK": 0.3550088338248286
            }
        },
        {
            "year": "2014",
            "data": {
                "AT": 1.0215592845449777,
                "BE": 0.0330673926020853,
                "BG": 0.7708032809882898,
                "HR": 1.2070411705944661,
                "CY": 0.02516324262291325,
                "CZ": 0.10153015293231371,
                "DK": 0.06332464341673065,
                "EE": 0.4177170577461602,
                "FI": 0.2616149566219605,
                "FR": 0.9553979397167431,
                "DE": 0.36682032601826653,
                "EL": 0.22759423477433488,
                "HU": 0.6665005533492377,
                "IE": 0.014780511932112356,
                "IT": 4.214064534178495,