{
    "type": "A02",
    "range_thresholds": [
        0.025256802637302383,
        0.9881683430005398,
        1.034589587454172,
        2.4147075858634017,
        2.4288192305597205,
        3.86770475936035,
        4.166557395532828,
        7.060719995136984,
        7.094690486316835,
        14.49704011121448,
        14.697827244080866,
        27.019473706814967
    ],
    "series": [
        {
            "year": "2008",
            "data": {
                "AT": 7.4789268249552805,
                "BE": 0.6902242143729553,
                "BG": 4.371377650593411,
                "HR": 5.6105898585102985,
                "CY": 0.15575313547221725,
                "CZ": 10.039293042279054,
                "DK": 1.8289117832894342,
                "EE": 24.80761895834404,
                "FI": 24.63361245093093,
                "FR": 3.0987656777323256,
                "DE": 2.8015873560018654,
                "EL": 0.496088478751632,
                "HU": 2.6726213814028728,
                "IE": 0.5259564044700803,
                "IT": 1.9284752475757796,
                "LV": 18.253400550269774,
                "LT": 6.620794028545705,
                "LU": 3.0527878769388237,
                "NL": 0.4086008400789644,
                "PL": 3.86770475936035,
                "PT": 7.007092231398046,
                "RO": 3.271673734408414,
                "SK": 15.618436864280705,
                "SI": 11.41052403200889,
                "ES": 2.4288192305597205,
                "SE": 15.344411420018195,
                "UK": 0.9327580815566376
            }
        },
        {
            "year": "2009",
            "data": {
                "AT": 7.18775577314733,
                "BE": 0.5461967694464804,
                "BG": 5.787586196955173,
                "HR": 5.225383657339263,
                "CY": 0.052209757568096544,
                "CZ": 9.19188893841438,
                "DK": 1.8352377045163903,
                "EE": 15.337800435528761,
                "FI": 22.389106070722494,
                "FR": 2.4147075858634017,
                "DE": 2.4411792257818,
                "EL": 0.42648046640106957,
                "HU": 2.6629413386042824,
                "IE": 0.6810435567080281,
                "IT": 2.0480280263077897,
                "LV": 20.495288671059907,
                "LT": 5.573771681743575,
                "LU": 3.179400959162051,
                "NL": 0.4472648853273625,
                "PL": 3.747347933800152,
                "PT": 6.8473237248397725,
                "RO": 3.4084700036592586,
                "SK": 15.582451327431793,
                "SI": 11.403468599855943,
                "ES": 1.7627605934897876,
                "SE": 15.326327229835435,
                "UK": 1.1059924352900057
            }
        },
        {
            "year": "2010",
            "data": {
                "AT": 7.4986164913802655,
                "BE": 0.5299858277438719,
                "BG": 6.623818170985898,
                "HR": 6.277467543924614,
                "CY": 1.7827959020193032,
                "CZ": 11.547720825276537,
                "DK": 1.9759954222224738,
                "EE": 18.115436061752316,
                "FI": 23.252292737051977,
                "FR": 2.614957669053428,
                "DE": 1.8649505618837021,
                "EL": 0.396536128774376,
                "HU": 2.838540202457758,
                "IE": 0.7839637043798097,
                "IT": 1.8750791943039253,
                "LV": 21.976256403017285,
                "LT": 7.221481216951424,
                "LU": 3.5437060403112604,
                "NL": 0.44867072670799174,
                "PL": 4.166557395532828,
                "PT": 7.094690486316835,
                "RO": 3.5813805389015427,
                "SK": 13.675246511547403,
                "SI": 11.71410034728739,
                "ES": 1.679867669318966,
                "SE": 15.875661807565786,
                "UK": 0.8605368377353751
            }
        },
        {
            "year": "2011",
            "data": {
                "AT": 8.199175374669947,
                "BE": 0.6349938089556391,
                "BG": 5.401119615814196,
                "HR": 6.563910463102365,
                "CY": 1.7790215009503476,
                "CZ": 13.004142591333812,
                "DK": 2.1804660929229596,
                "EE": 19.719679847130568,
                "FI": 24.964901440825468,
                "FR": 2.942626982505454,
                "DE": 2.8061095906743736,
                "EL": 0.5346235239969128,
                "HU": 2.7908849444091133,
                "IE": 0.025256802637302383,
                "IT": 1.972582516654965,
                "LV": 20.147914059931892,
                "LT": 7.060719995136984,
                "LU": 3.5131335372582786,
                "NL": 0.4962831949007927,
                "PL": 4.872333877979797,
                "PT": 8.274486650631935,
                "RO": 4.9385432441456105,
                "SK": 12.384898168884353,
                "SI": 12.405796069486067,
                "ES": 1.890806526746939,
                "SE": 17.263808210749723,
                "UK": 1.1001804313463202
            }
        },
        {
            "year": "2012",
            "data": {
                "AT": 8.102050523100713,
                "BE": 0.5727965094119731,
                "BG": 5.253999720532388,
                "HR": 6.870120494757222,
                "CY": 1.7358771131032962,
                "CZ": 12.857085819825251,
                "DK": 2.0941590903206473,
                "EE": 14.49704011121448,
                "FI": 25.093636210964508,
                "FR": 2.481270467279589,
                "DE": 3.4207660266906346,
                "EL": 0.5859962134769139,
                "HU": 3.104790085965287,
                "IE": 0.02658644123713359,
                "IT": 2.072030427885113,
                "LV": 17.363004225969352,
                "LT": 5.373805260987829,
                "LU": 3.088988348466949,
                "NL": 0.5085944240879537,
                "PL": 4.45098841745993,
                "PT": 8.627802334214309,
                "RO": 5.163697404624882,
                "SK": 13.651698472258914,
                "SI": 13.446690982180742,
                "ES": 1.735611101007844,
                "SE": 16.752306145623574,
                "UK": 1.3121497336056616
            }
        },
        {
            "year": "2013",
            "data": {
                "AT": 8.314657099338447,
                "BE": 0.5268204890575364,
                "BG": 5.485204170685493,
                "HR": 6.938355586203465,
                "CY": 1.7451186192892036,
                "CZ": 13.12036494258185,
                "DK": 2.5948558113436087,
                "EE": 15.208618684359521,
                "FI": 26.09633698694422,
                "FR": 2.782963556401144,
                "DE": 3.204783339204971,
                "EL": 0.7370309027578104,
                "HU": 2.868525124119829,
                "IE": 0.10928934847300573,
                "IT": 2.181737301489808,
                "LV": 20.890028366461298,
                "LT": 6.6535499396255835,
                "LU": 3.827373389360194,
                "NL": 0.49190793151202283,
                "PL": 4.321399109222195,
                "PT": 8.869623295641135,
                "RO": 5.22053982002147,
                "SK": 14.697827244080866,
                "SI": 14.054138925651753,
                "ES": 1.856545443482169,
                "SE": 15.87644495789792,
                "UK": 1.1288624806879695
            }
        },
        {
            "year": "2014",
            "data": {
                "AT": 8.046581657053046,
                "BE": 0.525527420682805,
                "BG": 5.510698889643225,
                "HR": 7.464362054287337,
                "CY": 1.7312310924564316,
                "CZ": 12.424936396528356,
                "DK": 2.4090271656393183,