{
    "type": "A01",
    "range_thresholds": [
        6.649586083837683,
        17.42107943892703,
        17.673854608011855,
        23.130315730530622,
        23.22031578812334,
        30.997234115533967,
        31.062243922217686,
        37.53824255357354,
        37.7381537363371,
        45.15016383695312,
        45.365903880736695,
        63.00953371761625
    ],
    "series": [
        {
            "year": "2008",
            "data": {
                "AT": 20.588642501227465,
                "BE": 16.86170031231847,
                "BG": 56.29821446178784,
                "HR": 40.417495382902416,
                "CY": 38.24258652961175,
                "CZ": 28.324132765016337,
                "DK": 15.636716974406523,
                "EE": 17.693727588790196,
                "FI": 10.966260541109687,
                "FR": 33.911897159591724,
                "DE": 21.383124074474015,
                "EL": 47.756837052730994,
                "HU": 48.55399656738953,
                "IE": 12.278477467932515,
                "IT": 36.085858682974816,
                "LV": 23.73904465237194,
                "LT": 41.694473351750034,
                "LU": 29.702800964810177,
                "MT": 47.759024991227136,
                "NL": 41.85063149899696,
                "PL": 31.062243922217686,
                "PT": 25.95892740069241,
                "RO": 63.00953371761625,
                "SK": 42.00344973752203,
                "SI": 19.390753700993994,
                "ES": 39.021609566632435,
                "SE": 15.092284859814391,
                "UK": 18.666601573055456
            }
        },
        {
            "year": "2009",
            "data": {
                "AT": 17.971682909503027,
                "BE": 14.997770879179392,
                "BG": 48.68971111811212,
                "HR": 40.420344248581486,
                "CY": 35.83677759474147,
                "CZ": 23.575605653964065,
                "DK": 16.086588053865675,
                "EE": 18.18683260697518,
                "FI": 13.065496595459337,
                "FR": 30.997234115533967,
                "DE": 18.487830857575606,
                "EL": 44.87091452559132,
                "HU": 43.87143307934949,
                "IE": 6.649586083837683,
                "IT": 35.11587648244774,
                "LV": 23.982983569863833,
                "LT": 31.27196801121669,
                "LU": 24.151779763175945,
                "MT": 48.44483296391734,
                "NL": 40.15492532982293,
                "PL": 30.20462132737171,
                "PT": 26.700523434954214,
                "RO": 62.807781354960866,
                "SK": 36.57129840246088,
                "SI": 20.72956113694743,
                "ES": 39.73668477516122,
                "SE": 12.65838327792303,
                "UK": 19.916654634507054
            }
        },
        {
            "year": "2010",
            "data": {
                "AT": 18.434214551190284,
                "BE": 16.486789176670868,
                "BG": 45.13819832438459,
                "HR": 38.801781092415695,
                "CY": 37.93336251637604,
                "CZ": 21.200622977146153,
                "DK": 22.61601483249588,
                "EE": 20.18873346510022,
                "FI": 13.16508208620945,
                "FR": 35.14633372626746,
                "DE": 21.30609475662385,
                "EL": 45.735174073508716,
                "HU": 44.24277556749276,
                "IE": 10.24520358896353,
                "IT": 33.23279754293751,
                "LV": 22.3777083467377,
                "LT": 35.807587966945256,
                "LU": 25.567399778444056,
                "MT": 47.09241709745399,
                "NL": 44.31734997861641,
                "PL": 32.798870619810195,
                "PT": 25.313280053950603,
                "RO": 56.342051615219816,
                "SK": 26.59450353257843,
                "SI": 21.15646249684336,
                "ES": 41.05658230335528,
                "SE": 15.288711314904871,
                "UK": 17.89930421436668
            }
        },
        {
            "year": "2011",
            "data": {
                "AT": 20.583325748097593,
                "BE": 15.262458524364122,
                "BG": 51.7822580297025,
                "HR": 37.27614647477207,
                "CY": 40.54464570429355,
                "CZ": 28.58816039967947,
                "DK": 25.146521723529514,
                "EE": 22.679824523960768,
                "FI": 11.543613681271161,
                "FR": 35.84983769440474,
                "DE": 23.22031578812334,
                "EL": 47.10380173491602,
                "HU": 51.373054830721564,
                "IE": 12.859700458592801,
                "IT": 34.73962363175879,
                "LV": 22.996626318320068,
                "LT": 39.54089938308593,
                "LU": 26.611294983011526,
                "MT": 48.10693893122594,
                "NL": 41.54479151889856,
                "PL": 34.294929470593225,
                "PT": 23.293650803211623,
                "RO": 61.814045312317944,
                "SK": 34.016262424421164,
                "SI": 23.88804954268817,
                "ES": 39.961368170353964,
                "SE": 16.044589276864542,
                "UK": 18.343689757117
            }
        },
        {
            "year": "2012",
            "data": {
                "AT": 20.085097917076656,
                "BE": 18.24034447355942,
                "BG": 49.70839303530415,
                "HR": 34.77960468360044,
                "CY": 40.14215824051372,
                "CZ": 30.773399591268667,
                "DK": 29.528683451250366,
                "EE": 25.643653174503832,
                "FI": 12.136791370008979,
                "FR": 36.18933554373221,
                "DE": 21.77188696553356,
                "EL": 50.1289768697314,
                "HU": 50.718953874210456,
                "IE": 10.966907010317605,
                "IT": 36.9267765631028,
                "LV": 25.29266640762967,
                "LT": 45.365903880736695,
                "LU": 34.30899272533902,
                "MT": 45.5552514994615,
                "NL": 41.780831704800164,
                "PL": 35.113480928949876,
                "PT": 23.47215297992764,
                "RO": 55.626121793982996,
                "SK": 38.01601604967744,
                "SI": 21.015020495512456,
                "ES": 40.980713053024466,
                "SE": 16.43326740110887,
                "UK": 19.6578905565934
            }
        },
        {
            "year": "2013",
            "data": {
                "AT": 18.80594005650888,
                "BE": 15.309668025043042,
                "BG": 49.63902673989276,
                "HR": 35.99647737833635,
                "CY": 40.524147366494304,
                "CZ": 31.343094029501085,
                "DK": 23.562978478096777,
                "EE": 22.857720061631415,
                "FI": 11.145803939977386,
                "FR": 33.67156902346417,
                "DE": 24.197469519501425,
                "EL": 50.860159786214965,
                "HU": 51.191723754958495,
                "IE": 11.861844526735808,
                "IT": 38.36768593003739,
                "LV": 20.730375004460125,
                "LT": 39.75353104328729,
                "LU": 28.794014372934967,
                "MT": 47.58660515556445,
                "NL": 44.81827820442874,
                "PL": 36.15451047271665,
                "PT": 25.01794303185023,
                "RO": 59.35155386873031,
                "SK": 42.24427293436822,
                "SI": 20.7231566688813,
                "ES": 43.325293094798376,
                "SE": 15.589331383530572,
                "UK": 20.449498221690785
            }
        },
        {
            "year": "2014",
            "data": {
                "AT": 18.176653207450187,