{
    "type": "Bioeth",
    "range_thresholds": [
        0.0,
        0.0009166238275008834,
        0.0009472056009362049,
        0.04008209245286926,
        0.041833274774491266,
        0.11465686777189002,
        0.11617285562495766,
        0.2771820488725002,
        0.2815865069482614,
        1.2807390589676273
    ],
    "series": [
        {
            "year": "2008",
            "data": {
                "AT": 0.0,
                "BE": 0.5138101339713441,
                "BG": 0.029637004783094292,
                "HR": 0.012155460114167118,
                "EE": 0.022552422730543434,
                "FI": 0.027722082185622023,
                "FR": 0.21067685144932555,
                "DE": 0.056904207484761014,
                "EL": 0.0814685332044885,
                "HU": 0.035813993955845995,
                "IE": 0.0,
                "IT": 0.026830833082075636,
                "LV": 0.0,
                "LT": 0.2395769211414139,
                "NL": 0.2815865069482614,
                "PL": 0.19924516181911403,
                "PT": 0.0022051501491010964,
                "RO": 0.03627593600468611,
                "SK": 0.05876907108463429,
                "SI": 0.0,
                "ES": 0.10354994763626842,
                "SE": 0.8187021834797316,
                "UK": 0.26590351582530797
            }
        },
        {
            "year": "2009",
            "data": {
                "AT": 0.0,
                "BE": 0.6321458758919202,
                "BG": 0.005956764813802291,
                "HR": 0.013795888754468334,
                "EE": 0.0007296773906684205,
                "FI": 0.030491920906697202,
                "FR": 0.32078045055930765,
                "DE": 0.07955737602458444,
                "EL": 0.12675001305234368,
                "HU": 0.06097315817780154,
                "IE": 0.0,
                "IT": 0.013494974353589657,
                "LV": 0.0,
                "LT": 0.627837676552355,
                "NL": 0.2771095047214196,
                "PL": 0.15765923129329823,
                "PT": 0.001477788026770334,
                "RO": 0.09666351037908194,
                "SK": 0.12709599472395194,
                "SI": 0.0,
                "ES": 0.044733118038787434,
                "SE": 0.7931213869540873,
                "UK": 0.3483821910757623
            }
        },
        {
            "year": "2010",
            "data": {
                "AT": 0.0,
                "BE": 0.638618651739582,
                "BG": 0.07435904987539303,
                "HR": 0.016016868784254325,
                "EE": 0.0005659717575519553,
                "FI": 0.05753378975763356,
                "FR": 0.368567753946351,
                "DE": 0.10215666599326441,
                "EL": 0.10275339111383867,
                "HU": 0.046951135209550916,
                "IE": 0.0,
                "IT": 0.009585607173605326,
                "LV": 0.0,
                "LT": 0.6468861952913175,
                "NL": 0.28787433519282785,
                "PL": 0.16304493051501973,
                "PT": 0.0009472056009362049,
                "RO": 0.08952567361279827,
                "SK": 0.20080193086387746,
                "SI": 0.0,
                "ES": 0.07532791491040772,
                "SE": 0.8772167102207828,
                "UK": 0.347338813885817
            }
        },
        {
            "year": "2011",
            "data": {
                "AT": 0.0,
                "BE": 0.8483811047184809,
                "BG": 0.2160975680839399,
                "HR": 0.014466306679023102,
                "EE": 0.01613100508599895,
                "FI": 0.06943260767841919,
                "FR": 0.3473493682504687,
                "DE": 0.11888425339855511,
                "EL": 0.07201649218179615,
                "HU": 0.04353553354233683,
                "IE": 0.0,
                "IT": 0.014116388092036468,
                "LV": 0.0,
                "LT": 0.4348644907502728,
                "NL": 0.21785308372004325,
                "PL": 0.25012801547463287,
                "PT": 0.0016396513206604888,
                "RO": 0.03704676338828951,
                "SK": 0.13223297504000928,
                "SI": 0.0,
                "ES": 0.1008782929002596,
                "SE": 0.859030139491789,
                "UK": 0.1173054510309406
            }
        },
        {
            "year": "2012",
            "data": {
                "AT": 0.0,
                "BE": 0.9032748946852756,
                "BG": 0.33116803626593394,
                "HR": 0.023824767715936668,
                "EE": 0.003683903576096103,
                "FI": 0.07445144563494065,
                "FR": 0.3152372904895369,
                "DE": 0.09881873090116207,
                "EL": 0.1034975109147997,
                "HU": 0.06488869077202555,
                "IE": 0.0,
                "IT": 0.01376584268293893,
                "LV": 0.0,
                "LT": 0.6693796008814129,
                "NL": 0.26947457695441623,
                "PL": 0.18495274820660496,
                "PT": 0.0005976287730170461,
                "RO": 0.03530421727290911,
                "SK": 0.0902812091943698,
                "SI": 0.0,
                "ES": 0.07530546878549821,
                "SE": 0.9164944919888569,
                "UK": 0.1536894520208583
            }
        },
        {
            "year": "2013",
            "data": {
                "AT": 0.0,
                "BE": 0.9548054515730783,
                "BG": 0.15086952459001754,
                "HR": 0.017919312256624652,
                "EE": 0.0016046163918841281,
                "FI": 0.06986691030737123,
                "FR": 0.3652193306304861,
                "DE": 0.09463892536107292,
                "EL": 0.10082015598161516,
                "HU": 0.10946886762816575,
                "IE": 0.0,
                "IT": 0.016079659366604444,
                "LV": 0.0,
                "LT": 0.7576805045179208,
                "NL": 0.20057853056537123,
                "PL": 0.17274038110903012,
                "PT": 0.0006871424148796645,
                "RO": 0.01926359032457724,
                "SK": 0.0856229478342023,
                "SI": 0.0,
                "ES": 0.05186319250284669,
                "SE": 0.9789739021737601,
                "UK": 0.17814722400860744
            }
        },
        {
            "year": "2014",
            "data": {
                "AT": 0.0,
                "BE": 0.9207259999105275,
                "BG": 0.1853721483725275,
                "HR": 0.005351718462971355,
                "EE": 0.005435483359820045,
                "FI": 0.04008209245286926,
                "FR": 0.4077462224882223,
                "DE": 0.08909125774649755,
                "EL": 0.07939802816704367,
                "HU": 0.11617285562495766,
                "IE": 0.0,
                "IT": 0.009299542055895312,
                "LV": 0.0,
                "LT": 0.5582825420603588,
                "NL": 0.1758682868984017,
                "PL": 0.12917884625500275,
                "PT": 0.0008177637361733922,
                "RO": 0.033892938681758036,
                "SK": 0.08225651548955865,
                "SI": 0.0,
                "ES": 0.06539221608058589,
                "SE": 0.4954130266595389,
                "UK": 0.18334796007157506
            }
        },
        {
            "year": "2015",
            "data": {
                "AT": 0.0,
                "BE": 1.2807390589676273,
                "BG": 0.3578158401876075,
                "HR": 0.0023387281174809785,
                "EE": 0.01526609179051738,
                "FI": 0.035725604674501324,
                "FR": 0.3415219024846639,
                "DE": 0.13294756996202114,
                "EL": 0.11465686777189002,
                "HU": 0.19347416171268292,
                "IE": 0.0,
                "IT": 0.021507051696941722,
                "LV": 0.0,