{
    "type": "bC14",
    "range_thresholds": [
        0.06639375958617721,
        0.32867743006670513,
        0.33102136109358754,
        0.6442635562127301,
        0.6625903137721217,
        0.9205322282535668,
        0.9282077983255069,
        1.3667468346488172,
        1.3689482696936524,
        2.2659444138722846,
        2.3705601674908494,
        5.15181466458028
    ],
    "series": [
        {
            "year": "2008",
            "data": {
                "AT": 0.7215216249234084,
                "BE": 0.7961210132589109,
                "BG": 4.820482391433703,
                "HR": 2.509352703068918,
                "CY": 0.7586596585462556,
                "CZ": 1.043540747989389,
                "DK": 0.39272611136252233,
                "EE": 2.0170778650546324,
                "FI": 0.5008107096550155,
                "FR": 1.1593689682564534,
                "DE": 0.9629199069285181,
                "EL": 2.239264132738653,
                "HU": 1.4035150980588087,
                "IE": 0.2132468581289942,
                "IT": 4.481507877270709,
                "LV": 2.080680556100005,
                "LT": 2.6419230047117863,
                "MT": 0.578803895267573,
                "PL": 1.816241012362421,
                "PT": 4.771648831346893,
                "RO": 3.422535149566909,
                "SK": 1.8770032393826641,
                "SI": 1.923183329031109,
                "ES": 1.6119812923221726,
                "SE": 0.13313882100422766,
                "UK": 0.8283444634481538
            }
        },
        {
            "year": "2009",
            "data": {
                "AT": 0.7165620639726075,
                "BE": 0.6926435142816432,
                "BG": 5.15181466458028,
                "HR": 2.3705601674908494,
                "CY": 0.6842915295560262,
                "CZ": 1.1349535907009294,
                "DK": 0.3519514210457717,
                "EE": 2.0507910391784754,
                "FI": 0.38565514844750803,
                "FR": 1.1299595136154568,
                "DE": 0.8587681323022258,
                "EL": 1.977156754491944,
                "HU": 1.242393819257553,
                "IE": 0.19864890630492613,
                "IT": 3.992462046666668,
                "LV": 1.5924144851242736,
                "LT": 2.2659444138722846,
                "MT": 0.5033447348419388,
                "PL": 1.3919790671484016,
                "PT": 4.230094522935173,
                "RO": 2.920885209620381,
                "SK": 1.813690342540573,
                "SI": 1.390750894047609,
                "ES": 1.4646171570574236,
                "SE": 0.10427792850214637,
                "UK": 0.5026472037320724
            }
        },
        {
            "year": "2010",
            "data": {
                "AT": 0.5989094817870564,
                "BE": 0.45347087653619955,
                "BG": 4.77738098123886,
                "HR": 2.0469163101240726,
                "CY": 0.5213569578040621,
                "CZ": 1.1807220605808628,
                "DK": 0.3168593115407391,
                "EE": 1.6676512095945606,
                "FI": 0.33102136109358754,
                "FR": 0.9205322282535668,
                "DE": 0.8078932705959372,
                "EL": 1.6586407436295851,
                "HU": 1.1910384468089052,
                "IE": 0.1258943346211562,
                "IT": 3.8520669203387183,
                "LV": 1.4996604359882968,
                "LT": 2.168630961537573,
                "MT": 0.48203609247800183,
                "PL": 1.3074565107233689,
                "PT": 3.806241177817729,
                "RO": 3.22138438362469,
                "SK": 1.93355558143374,
                "SI": 1.253287154306246,
                "ES": 1.2393619986712108,
                "SE": 0.07815068995980305,
                "UK": 0.6868577555432992
            }
        },
        {
            "year": "2011",
            "data": {
                "AT": 0.5859861093319427,
                "BE": 0.4391203436933941,
                "BG": 4.87219841011091,
                "HR": 1.901248871782565,
                "CY": 0.4517241316798728,
                "CZ": 0.9650552877086407,
                "DK": 0.3035160819615153,
                "EE": 1.5510717553435611,
                "FI": 0.32867743006670513,
                "FR": 0.9120108477029725,
                "DE": 0.8491631782361357,
                "EL": 1.3162482235641528,
                "HU": 1.097438195527679,
                "IE": 0.1820372716791967,
                "IT": 4.089291221709524,
                "LV": 1.7322372497135956,
                "LT": 2.245730383000091,
                "MT": 0.484924249002889,
                "PL": 1.1291961482576114,
                "PT": 3.977712928412691,
                "RO": 3.0450415306495415,
                "SK": 1.8463718596107417,
                "SI": 1.1804872759249696,
                "ES": 1.176907308609344,
                "SE": 0.07718470011757797,
                "UK": 0.6411791012480182
            }
        },
        {
            "year": "2012",
            "data": {
                "AT": 0.5109491141428442,
                "BE": 0.3682781244612741,
                "BG": 4.75851151405974,
                "HR": 1.6523711556188696,
                "CY": 0.3231159150700171,
                "CZ": 0.9517132411964113,
                "DK": 0.23657703030266125,
                "EE": 1.3689482696936524,
                "FI": 0.32284068178967984,
                "FR": 0.791377099532928,
                "DE": 0.8203263708039601,
                "EL": 1.2819652753060922,
                "HU": 1.1465652180779662,
                "IE": 0.1970995358431375,
                "IT": 3.617791142609382,
                "LV": 1.4836870055521214,
                "LT": 1.906253825590648,
                "MT": 0.46990579849052794,
                "PL": 1.0113118595925525,
                "PT": 3.7131933863627666,
                "RO": 3.543538426603185,
                "SK": 1.608092492556111,
                "SI": 1.0657301119726073,
                "ES": 1.077287029890578,
                "SE": 0.06742200655106162,
                "UK": 0.6005374028845374
            }
        },
        {
            "year": "2013",
            "data": {
                "AT": 0.49445498185398523,
                "BE": 0.3228773815662636,
                "BG": 4.8973764415017165,
                "HR": 1.4508732167356615,
                "CY": 0.20050565956528016,
                "CZ": 0.9031918563913182,
                "DK": 0.263703968977396,
                "EE": 1.2857607410637786,
                "FI": 0.4141789477155009,
                "FR": 0.8321673287122704,
                "DE": 0.765023401758098,
                "EL": 1.0730287230871014,
                "HU": 0.9748149856883631,
                "IE": 0.16135088485888255,
                "IT": 3.3511674832991325,
                "LV": 1.4981632159083853,
                "LT": 1.946322896701479,
                "MT": 0.46065966090315796,
                "PL": 0.9496855314592243,
                "PT": 3.555626786150185,
                "RO": 3.173573213895792,
                "SK": 1.3667468346488172,
                "SI": 0.8652032227056582,
                "ES": 0.8923010346251166,
                "SE": 0.0716643639891807,
                "UK": 0.5783446133603741
            }
        },
        {
            "year": "2014",
            "data": {
                "AT": 0.45960343999164666,
                "BE": 0.3104727540829729,
                "BG": 4.889833967176867,
                "HR": 1.6460362685403092,
                "CY": 0.2082913583791817,
                "CZ": 0.8680660669203765,
                "DK": 0.2295780750764758,
                "EE": 1.250702799492928,
                "FI": 0.3844788022834959,
                "FR": 0.8609570433101482,
                "DE": 0.8449272736843148,
                "EL": 0.9155463558282827,