{
    "type": "A03",
    "range_thresholds": [
        0.035492464343491834,
        0.2262322656497979,
        0.22822631061605123,
        0.44710755953758907,
        0.4838305398693239,
        0.9228707349082435,
        0.9266604221696044,
        1.6223593112134393,
        1.6365493177498351,
        2.7714880475951773,
        2.7756299556924557,
        22.6629495061346
    ],
    "series": [
        {
            "year": "2008",
            "data": {
                "AT": 0.07852266400163031,
                "BE": 0.29560686167675587,
                "BG": 0.2787868399613144,
                "HR": 2.2968510331502934,
                "CY": 2.91777540451287,
                "CZ": 0.22499092891205366,
                "DK": 2.3795004091488186,
                "EE": 2.2235856227415236,
                "FI": 0.9032040538909301,
                "FR": 0.8939712976278023,
                "DE": 0.23680219791440837,
                "EL": 5.581391622759975,
                "HU": 0.20759559083942067,
                "IE": 0.5309975201678766,
                "IT": 1.5402807044874698,
                "LV": 2.1621778507700933,
                "LT": 0.9228707349082435,
                "MT": 6.276488178605377,
                "NL": 1.4156574560311594,
                "PL": 0.1788293598413925,
                "PT": 2.9591175210437517,
                "RO": 0.08621011157861434,
                "SK": 0.1587379796192913,
                "SI": 0.12043946398132917,
                "ES": 1.5886410341489743,
                "SE": 0.4082574497829598,
                "UK": 0.9935025619067591
            }
        },
        {
            "year": "2009",
            "data": {
                "AT": 0.09479703423423409,
                "BE": 0.2738058934919533,
                "BG": 0.3215325664975096,
                "HR": 2.3387805885671695,
                "CY": 2.88197861775893,
                "CZ": 0.26378489227237734,
                "DK": 1.8896988458038313,
                "EE": 2.134221232373842,
                "FI": 0.9510259426626864,
                "FR": 0.9219305322275363,
                "DE": 0.20881777491412543,
                "EL": 5.353432164699344,
                "HU": 0.21827388021346578,
                "IE": 0.7332340805261057,
                "IT": 1.8690194770547996,
                "LV": 3.308838750147316,
                "LT": 1.0325911681317779,
                "MT": 10.178568628057102,
                "NL": 1.1353647089079204,
                "PL": 0.20546476814589615,
                "PT": 2.8220497499921753,
                "RO": 0.20728354475179717,
                "SK": 0.05468897432540614,
                "SI": 0.20135323539797315,
                "ES": 2.030498950706891,
                "SE": 0.42926694081284716,
                "UK": 1.068997821624071
            }
        },
        {
            "year": "2010",
            "data": {
                "AT": 0.0943920624609141,
                "BE": 0.26623701205912814,
                "BG": 0.3139573785320467,
                "HR": 2.2172446338523253,
                "CY": 1.5457767936583555,
                "CZ": 0.25920343228024395,
                "DK": 2.3699030063910063,
                "EE": 2.081936142528521,
                "FI": 0.9356729163515445,
                "FR": 0.8406944166652396,
                "DE": 0.2373779947830047,
                "EL": 6.300339749877662,
                "HU": 0.23602399260524315,
                "IE": 1.0152972564918847,
                "IT": 1.7728490257867022,
                "LV": 1.735308401888224,
                "LT": 0.7908995176761403,
                "MT": 13.088185070967931,
                "NL": 1.1843290353643388,
                "PL": 0.22353033618953158,
                "PT": 2.849631430870295,
                "RO": 0.3453439735336164,
                "SK": 0.035492464343491834,
                "SI": 0.20652165433922004,
                "ES": 1.9213165392210803,
                "SE": 0.5019368480170546,
                "UK": 1.2646735005563783
            }
        },
        {
            "year": "2011",
            "data": {
                "AT": 0.10764781673527281,
                "BE": 0.30253631735582803,
                "BG": 0.35747120927802517,
                "HR": 2.5405962915479794,
                "CY": 3.0573603040284416,
                "CZ": 0.351205901715964,
                "DK": 2.34742228330158,
                "EE": 2.4558237318887586,
                "FI": 1.0123112422048262,
                "FR": 0.8722787126712597,
                "DE": 0.23678893453189637,
                "EL": 6.702809073738333,
                "HU": 0.17842489625516278,
                "IE": 0.9099095476438674,
                "IT": 1.6223593112134393,
                "LV": 1.993408820034343,
                "LT": 0.8023545449019299,
                "MT": 11.45403307886332,
                "NL": 1.148180611931495,
                "PL": 0.18895781373607046,
                "PT": 3.078928651278835,
                "RO": 0.44710755953758907,
                "SK": 0.04522236429728951,
                "SI": 0.18838431068478842,
                "ES": 2.143494956588696,
                "SE": 0.5915505796112257,
                "UK": 1.3248974147799373
            }
        },
        {
            "year": "2012",
            "data": {
                "AT": 0.13246397878178326,
                "BE": 0.2604769998650474,
                "BG": 0.3883001498972203,
                "HR": 3.0030154687003443,
                "CY": 2.6723371346458635,
                "CZ": 0.29528567811000983,
                "DK": 2.085356740304015,
                "EE": 2.3839577071774922,
                "FI": 0.9266604221696044,
                "FR": 0.7211517333872677,
                "DE": 0.2315461039777824,
                "EL": 6.413659344353624,
                "HU": 0.17025821692988422,
                "IE": 1.0221787012487413,
                "IT": 1.3871148657207022,
                "LV": 1.7350152261331329,
                "LT": 0.6963894506679691,
                "MT": 14.57515664317951,
                "NL": 1.1052918192777577,
                "PL": 0.22822631061605123,
                "PT": 3.167085229474275,
                "RO": 0.3339020763736136,
                "SK": 0.061940555681755514,
                "SI": 0.20454944630626265,
                "ES": 2.2718750737618336,
                "SE": 0.5402994219901459,
                "UK": 1.3634243599035993
            }
        },
        {
            "year": "2013",
            "data": {
                "AT": 0.14895528373572753,
                "BE": 0.25799770525762916,
                "BG": 0.4437867452010916,
                "HR": 3.0934003025144565,
                "CY": 3.5276326375631766,
                "CZ": 0.25594383248294333,
                "DK": 2.2733468474015224,
                "EE": 2.1775820137098365,
                "FI": 0.939341833468349,
                "FR": 0.7653451097075472,
                "DE": 0.2262322656497979,
                "EL": 6.66243760119134,
                "HU": 0.20595929091460274,
                "IE": 0.9006495705486254,
                "IT": 1.1202050598736666,
                "LV": 1.9772454832453081,
                "LT": 0.9532306503761581,
                "MT": 11.542008567542055,
                "NL": 0.8666949269497545,
                "PL": 0.2076423306422947,
                "PT": 2.92425544993373,
                "RO": 0.5117021135858543,
                "SK": 0.32135640694768297,
                "SI": 0.23382969443025442,
                "ES": 2.1733439509972388,
                "SE": 0.557975436978049,
                "UK": 1.223917777644081
            }
        },
        {
            "year": "2014",
            "data": {
                "AT": 0.14368895816166155,
                "BE": 0.2882115471537456,
                "BG": 0.6533302807308978,
                "HR": 3.443593614966617,
                "CY": 3.663768125896169,