{
    "type": "C10",
    "range_thresholds": [
        9.940988818660191,
        17.574877765105263,
        17.596901033760588,
        21.1216436760685,
        21.123706468699062,
        24.90747499769215,
        24.958175401898036,
        30.343742823890054,
        30.45738089385154,
        36.724147083183965,
        36.74841654998909,
        56.640142099905255
    ],
    "series": [
        {
            "year": "2008",
            "data": {
                "AT": 23.995812276498206,
                "BE": 38.107642151433154,
                "BG": 15.89642561459415,
                "HR": 26.079883427069962,
                "CY": 31.545201704306407,
                "CZ": 24.80834044729172,
                "DK": 38.81697689580476,
                "EE": 18.39008180516477,
                "FI": 16.38122446797465,
                "FR": 32.65029272159114,
                "DE": 32.45620076390646,
                "EL": 23.38193381080975,
                "HU": 20.987776753341695,
                "IE": 39.59544324834102,
                "IT": 21.855365659859345,
                "LV": 21.955408324436966,
                "LT": 20.404166895185238,
                "LU": 51.072316103381944,
                "NL": 33.24277380133344,
                "PL": 28.742755290871084,
                "PT": 21.54936221658959,
                "RO": 12.298590834285825,
                "SK": 16.436282541884445,
                "SI": 16.6652532383054,
                "ES": 25.971332914664114,
                "SE": 16.015277715877758,
                "UK": 36.724147083183965
            }
        },
        {
            "year": "2009",
            "data": {
                "AT": 25.290931343039773,
                "BE": 39.43866129437196,
                "BG": 19.177861788835333,
                "HR": 26.898610530446515,
                "CY": 34.803024394893164,
                "CZ": 27.417395879879713,
                "DK": 38.647886508715544,
                "EE": 22.302101299064457,
                "FI": 17.2331233666232,
                "FR": 35.85867565313322,
                "DE": 34.69233878350092,
                "EL": 25.365324851939548,
                "HU": 24.90747499769215,
                "IE": 40.609361024610365,
                "IT": 24.38277645798894,
                "LV": 21.03998694196868,
                "LT": 28.20195233392167,
                "LU": 54.16649157031127,
                "NL": 34.638945119045275,
                "PL": 29.349818536688776,
                "PT": 22.986684705585983,
                "RO": 12.786532637137011,
                "SK": 19.266144383778794,
                "SI": 17.262356644484772,
                "ES": 26.629005442571412,
                "SE": 17.133865496601157,
                "UK": 37.5182156484642
            }
        },
        {
            "year": "2010",
            "data": {
                "AT": 23.884662099025274,
                "BE": 34.59712648762754,
                "BG": 21.28426271635191,
                "HR": 27.902691101970245,
                "CY": 34.06892053223016,
                "CZ": 26.77834817231034,
                "DK": 35.937840179048045,
                "EE": 17.96857749568184,
                "FI": 15.986874618153843,
                "FR": 33.253504819419874,
                "DE": 33.60341066626284,
                "EL": 26.62181093341643,
                "HU": 23.246018662418386,
                "IE": 41.25750742798817,
                "IT": 24.592865772415053,
                "LV": 17.722160805851004,
                "LT": 23.794186142897214,
                "LU": 52.54056724230084,
                "NL": 36.49754468231659,
                "PL": 29.02128805660718,
                "PT": 21.559711483558157,
                "RO": 14.238945671990502,
                "SK": 21.082523820034147,
                "SI": 18.34200460282515,
                "ES": 26.6100628278787,
                "SE": 16.096086407151372,
                "UK": 38.39850254683023
            }
        },
        {
            "year": "2011",
            "data": {
                "AT": 23.366885651209063,
                "BE": 36.22855777461461,
                "BG": 19.07814832037595,
                "HR": 27.623005969455217,
                "CY": 31.788024903208605,
                "CZ": 23.96533831031307,
                "DK": 33.773503888667385,
                "EE": 15.838601270842082,
                "FI": 15.737357916114867,
                "FR": 32.46289739172336,
                "DE": 31.714931311905154,
                "EL": 27.205309874205636,
                "HU": 19.590787303001566,
                "IE": 39.45644294107417,
                "IT": 23.088683939701777,
                "LV": 17.292304193169887,
                "LT": 22.847587797531713,
                "LU": 52.30972849571184,
                "NL": 36.98908002130077,
                "PL": 27.491351709090424,
                "PT": 21.686600238885596,
                "RO": 12.325183617562612,
                "SK": 21.19421473399635,
                "SI": 17.574877765105263,
                "ES": 27.86857125754073,
                "SE": 16.441396720118608,
                "UK": 37.35779931462124
            }
        },
        {
            "year": "2012",
            "data": {
                "AT": 23.322227587604615,
                "BE": 35.71632804217506,
                "BG": 19.304491298351802,
                "HR": 27.93078217089074,
                "CY": 33.33569271808237,
                "CZ": 21.991256129361552,
                "DK": 30.56656053957512,
                "EE": 17.596901033760588,
                "FI": 17.06449267692681,
                "FR": 33.06919860495185,
                "DE": 32.36970845665252,
                "EL": 26.76664593999667,
                "HU": 19.820548034300913,
                "IE": 42.47603773546362,
                "IT": 23.568463006319117,
                "LV": 18.571088901943533,
                "LT": 20.36552260175661,
                "LU": 47.89110943310209,
                "NL": 35.95602391081648,
                "PL": 30.343742823890054,
                "PT": 20.89753486353246,
                "RO": 14.147627388936106,
                "SK": 18.554293454469864,
                "SI": 17.65943553110734,
                "ES": 27.27137822793421,
                "SE": 16.63184759911644,
                "UK": 36.955706204617044
            }
        },
        {
            "year": "2013",
            "data": {
                "AT": 24.96946814838452,
                "BE": 35.70351460544273,
                "BG": 19.378687873781,
                "HR": 27.218315198217574,
                "CY": 33.93009201218009,
                "CZ": 22.073681220821584,
                "DK": 32.00744095097986,
                "EE": 18.089091094899747,
                "FI": 17.006034000203453,
                "FR": 34.41172403428528,
                "DE": 32.007591154934126,
                "EL": 26.28978169646072,
                "HU": 20.464494543968716,
                "IE": 47.57510180335144,
                "IT": 23.17263078200056,
                "LV": 19.029452647755306,
                "LT": 21.68790375735834,
                "LU": 51.37805205452393,
                "NL": 37.60948458905612,
                "PL": 28.782669801416112,
                "PT": 20.35644491504255,
                "RO": 11.791872226071387,
                "SK": 15.577328989411368,
                "SI": 17.6736277373534,
                "ES": 26.695141274321543,
                "SE": 17.329249493718965,
                "UK": 37.51839037204449
            }
        },
        {
            "year": "2014",
            "data": {
                "AT": 25.563452079549915,
                "BE": 37.021276270533285,
                "BG": 20.014631121869158,
                "HR": 28.404783490685087,
                "CY": 38.67758146092586,
                "CZ": 21.710383890210558,
                "DK": 30.231284061974232,