{
    "type": "bC16",
    "range_thresholds": [
        0.5282236795373729,
        2.4505798565897208,
        2.4588014016462165,
        4.043479484574476,
        4.066515232838176,
        5.292114315526939,
        5.315102497139635,
        7.009096852860928,
        7.1134601442383465,
        9.95403818547962,
        9.955314569991172,
        31.47090748312229
    ],
    "series": [
        {
            "year": "2008",
            "data": {
                "AT": 14.488070093124295,
                "BE": 5.7884118733992285,
                "BG": 2.5734682015430455,
                "HR": 4.859742768164569,
                "CY": 9.312088361128424,
                "CZ": 10.351922979242302,
                "DK": 6.658770963871586,
                "EE": 19.427313259528038,
                "FI": 10.092269426379183,
                "FR": 4.251118485821135,
                "DE": 6.455905783530605,
                "EL": 2.0347732094649422,
                "HU": 3.464684492088871,
                "IE": 2.727243592507797,
                "IT": 6.003307676898581,
                "LV": 19.909893639241094,
                "LT": 9.143733086500106,
                "LU": 1.485140048240509,
                "MT": 1.65930147250487,
                "NL": 2.9290755545871137,
                "PL": 7.477208339436803,
                "PT": 7.726575937701581,
                "RO": 4.066515232838176,
                "SK": 5.158440865919524,
                "SI": 9.561236229712152,
                "ES": 4.821512700506619,
                "SE": 10.42714304760427,
                "UK": 5.945914991626936
            }
        },
        {
            "year": "2009",
            "data": {
                "AT": 13.343796752128839,
                "BE": 5.4534299455939355,
                "BG": 2.5435878166929773,
                "HR": 4.51101175278594,
                "CY": 8.414229552536135,
                "CZ": 11.323982331093132,
                "DK": 5.222104151373066,
                "EE": 21.514831557594196,
                "FI": 7.291351328997661,
                "FR": 4.034187525734634,
                "DE": 6.302878783145374,
                "EL": 2.215739508384453,
                "HU": 2.8019746307578948,
                "IE": 2.2604485889731287,
                "IT": 5.511645307020453,
                "LV": 18.28657457731044,
                "LT": 9.323601954881838,
                "LU": 1.575116071511475,
                "MT": 2.0614822537837165,
                "NL": 2.867457340854885,
                "PL": 6.490384541045692,
                "PT": 6.458090293940145,
                "RO": 3.977914342594688,
                "SK": 5.094858330092369,
                "SI": 7.740324871041866,
                "ES": 3.944441047733971,
                "SE": 10.156309994514148,
                "UK": 4.043479484574476
            }
        },
        {
            "year": "2010",
            "data": {
                "AT": 13.836423832857495,
                "BE": 4.729492040170724,
                "BG": 2.754356572402889,
                "HR": 3.4015438556205075,
                "CY": 7.294544245059408,
                "CZ": 11.607581726632013,
                "DK": 4.53962347000784,
                "EE": 24.43981012673468,
                "FI": 9.392142810858058,
                "FR": 3.8184474383148435,
                "DE": 6.7839376721013185,
                "EL": 2.251656509972752,
                "HU": 2.954150094679296,
                "IE": 1.6329427207911176,
                "IT": 5.190541492771173,
                "LV": 24.68482265822337,
                "LT": 9.180123338707775,
                "LU": 1.581488646089323,
                "MT": 1.816063957215646,
                "NL": 2.5230409512232903,
                "PL": 6.449742438951168,
                "PT": 6.9013592959121866,
                "RO": 5.167283293682051,
                "SK": 14.20683128688441,
                "SI": 8.101165441776445,
                "ES": 3.4982700639640916,
                "SE": 10.435760339965865,
                "UK": 4.396841901582477
            }
        },
        {
            "year": "2011",
            "data": {
                "AT": 13.81093307813788,
                "BE": 5.292114315526939,
                "BG": 2.56567031036087,
                "HR": 4.577501051538987,
                "CY": 6.635940127476976,
                "CZ": 9.969703791846776,
                "DK": 4.316228069296452,
                "EE": 23.878233546382084,
                "FI": 9.19059331186016,
                "FR": 3.7246101138842893,
                "DE": 6.630756649942398,
                "EL": 1.5436114864271957,
                "HU": 2.4145629191014617,
                "IE": 1.4389730976252544,
                "IT": 5.281117535349931,
                "LV": 27.166268740840493,
                "LT": 8.541998894542923,
                "LU": 1.493773315054701,
                "MT": 1.8453719960390902,
                "NL": 2.7770935771984235,
                "PL": 6.2197653346818,
                "PT": 6.747088799589954,
                "RO": 4.896663403271708,
                "SK": 9.95403818547962,
                "SI": 8.364764314511817,
                "ES": 3.185593039527797,
                "SE": 9.082532281862834,
                "UK": 4.642113970021598
            }
        },
        {
            "year": "2012",
            "data": {
                "AT": 12.7169159370866,
                "BE": 4.9026920621225525,
                "BG": 2.651688078014757,
                "HR": 5.123716274170078,
                "CY": 6.006616044030939,
                "CZ": 9.693895459271292,
                "DK": 3.8682327254910236,
                "EE": 24.091723031981847,
                "FI": 8.919646309687499,
                "FR": 3.508578134997393,
                "DE": 6.271145816659978,
                "EL": 1.0871628317326167,
                "HU": 2.392509801271918,
                "IE": 1.5769957512762924,
                "IT": 4.648745283226062,
                "LV": 26.421974308222662,
                "LT": 7.239179951920013,
                "LU": 1.2733234413527883,
                "MT": 1.8297815699229687,
                "NL": 2.4505798565897208,
                "PL": 5.9251166790600305,
                "PT": 6.594248901122205,
                "RO": 5.864805448942191,
                "SK": 7.1134601442383465,
                "SI": 8.651703253097946,
                "ES": 2.8652539724081967,
                "SE": 8.967526099210374,
                "UK": 5.124638254900855
            }
        },
        {
            "year": "2013",
            "data": {
                "AT": 13.140448397763688,
                "BE": 4.274786017517568,
                "BG": 2.8823524899749544,
                "HR": 5.315102497139635,
                "CY": 4.038470727188087,
                "CZ": 9.877133820650053,
                "DK": 4.0859485653742285,
                "EE": 26.317103432580595,
                "FI": 8.839716401425713,
                "FR": 3.5222637664593806,
                "DE": 6.136869643559605,
                "EL": 0.6371247755703443,
                "HU": 2.4588014016462165,
                "IE": 1.5261006612073933,
                "IT": 4.315975520994325,
                "LV": 25.85035129633919,
                "LT": 8.563784611350398,
                "LU": 1.292689025545496,
                "MT": 1.8699343489313944,
                "NL": 1.8216616628523536,
                "PL": 6.176894594572059,
                "PT": 6.323738475116677,
                "RO": 5.199374791854038,
                "SK": 5.826636600655973,
                "SI": 9.019433755092573,
                "ES": 2.601307456735927,
                "SE": 9.159166574567596,
                "UK": 4.970219896646222
            }
        },
        {
            "year": "2014",
            "data": {
                "AT": 13.072765744348628,
                "BE": 4.337675079197879,