{
    "type": "C11",
    "range_thresholds": [
        2.407615555206536,
        3.8610543203614816,
        3.9456566692689377,
        4.724086076306895,
        4.759951781723704,
        5.776614583543213,
        5.838015430985109,
        7.245357566070812,
        7.246069499056638,
        8.927252477945292,
        8.965669677382065,
        32.39245048498638
    ],
    "series": [
        {
            "year": "2008",
            "data": {
                "AT": 6.744382995340029,
                "BE": 8.616049635763948,
                "BG": 5.913068875579479,
                "HR": 6.564238360159705,
                "CY": 8.327600976581218,
                "CZ": 10.342165446583742,
                "DK": 3.431842843617451,
                "EE": 5.151438577952781,
                "FI": 2.8365719767951942,
                "FR": 6.613504235947926,
                "DE": 5.504335533743804,
                "EL": 7.653710108279971,
                "HU": 6.413466432224486,
                "IE": 7.206274889999807,
                "IT": 3.48048038067959,
                "LV": 5.190510033451054,
                "LT": 6.5014177145774745,
                "LU": 13.641286369023934,
                "MT": 32.39245048498638,
                "NL": 4.724086076306895,
                "PL": 8.072652201550556,
                "PT": 7.0377354918852095,
                "RO": 5.610123010978328,
                "SK": 5.521321030236219,
                "SI": 4.264449169116691,
                "ES": 7.512798094688838,
                "SE": 2.407615555206536,
                "UK": 10.875517745867743
            }
        },
        {
            "year": "2009",
            "data": {
                "AT": 8.394888975210682,
                "BE": 9.567641079306675,
                "BG": 7.111747196616959,
                "HR": 7.203338862309922,
                "CY": 9.38731441074376,
                "CZ": 10.656909647804046,
                "DK": 4.3949113450260935,
                "EE": 6.361817357745951,
                "FI": 3.4485800537674978,
                "FR": 6.709590651041421,
                "DE": 6.019048065605074,
                "EL": 8.156343893078565,
                "HU": 5.937049541806269,
                "IE": 4.797250279474766,
                "IT": 3.7083872312272024,
                "LV": 4.479533541354228,
                "LT": 6.822873901257823,
                "LU": 15.80949834739295,
                "MT": 28.925172873402772,
                "NL": 4.913032740365183,
                "PL": 8.771264943949806,
                "PT": 7.484012161843657,
                "RO": 5.548087178984296,
                "SK": 6.2697002708769185,
                "SI": 4.984720339730312,
                "ES": 8.327022289797172,
                "SE": 2.7240980575419926,
                "UK": 12.361512072324807
            }
        },
        {
            "year": "2010",
            "data": {
                "AT": 8.833986551489078,
                "BE": 8.079795676719662,
                "BG": 7.108404559589711,
                "HR": 7.930477290134212,
                "CY": 9.037641653589185,
                "CZ": 10.753477153102313,
                "DK": 4.098668375786392,
                "EE": 4.949997550493122,
                "FI": 3.243666110018687,
                "FR": 6.440901269716469,
                "DE": 5.494675900292919,
                "EL": 7.4634051498933776,
                "HU": 5.605179056174848,
                "IE": 6.359404707080964,
                "IT": 4.6405792889211686,
                "LV": 3.600117430783032,
                "LT": 4.8953061649627765,
                "LU": 15.668452326996071,
                "MT": 28.11767988930431,
                "NL": 4.759951781723704,
                "PL": 6.556489269559254,
                "PT": 7.239604175724533,
                "RO": 7.06175518025147,
                "SK": 5.749779223645677,
                "SI": 4.260109474392749,
                "ES": 7.602214595251325,
                "SE": 2.894536427814374,
                "UK": 11.642344144442697
            }
        },
        {
            "year": "2011",
            "data": {
                "AT": 8.30881666949291,
                "BE": 9.027550726901268,
                "BG": 5.776614583543213,
                "HR": 7.894698996770355,
                "CY": 8.085492929468947,
                "CZ": 9.101590232605236,
                "DK": 4.048003369999654,
                "EE": 4.195365541976629,
                "FI": 3.2426614951915878,
                "FR": 6.680697417583413,
                "DE": 5.2144994867865755,
                "EL": 6.924308670202945,
                "HU": 5.046495200052738,
                "IE": 6.725620681233233,
                "IT": 4.945961482557179,
                "LV": 2.4417533643327247,
                "LT": 3.833953609153006,
                "LU": 14.910070681749701,
                "MT": 28.571449180053506,
                "NL": 5.462900354717286,
                "PL": 5.452364923239263,
                "PT": 7.414103104177014,
                "RO": 4.007679964452597,
                "SK": 5.221675664193695,
                "SI": 3.9928284386605157,
                "ES": 7.942258751750391,
                "SE": 2.822067204052894,
                "UK": 11.008757820120394
            }
        },
        {
            "year": "2012",
            "data": {
                "AT": 10.437634308188473,
                "BE": 8.742417364402609,
                "BG": 5.890214581517833,
                "HR": 7.82852968689563,
                "CY": 7.788606520634526,
                "CZ": 9.614733275872203,
                "DK": 3.39690689278225,
                "EE": 4.3598505815948725,
                "FI": 3.0038558640772224,
                "FR": 7.131196748182908,
                "DE": 5.351227058675212,
                "EL": 5.516669864826756,
                "HU": 4.3727293274919035,
                "IE": 7.542853236250979,
                "IT": 4.31122112835594,
                "LV": 2.6667826623898154,
                "LT": 3.6405692948808834,
                "LU": 12.426693585054064,
                "MT": 28.330066375703893,
                "NL": 5.149618660903147,
                "PL": 4.325176266397636,
                "PT": 7.1814855581682835,
                "RO": 4.792476860891865,
                "SK": 5.360955094255939,
                "SI": 4.076378251389091,
                "ES": 7.357143131610392,
                "SE": 3.0018874602362957,
                "UK": 10.40089771132948
            }
        },
        {
            "year": "2013",
            "data": {
                "AT": 8.927252477945292,
                "BE": 8.892802022481499,
                "BG": 6.01183110832412,
                "HR": 8.534658366218212,
                "CY": 7.7907081218268015,
                "CZ": 8.667885829111292,
                "DK": 3.7737220124645914,
                "EE": 4.596351908685003,
                "FI": 2.9111703208666144,
                "FR": 7.618739381863539,
                "DE": 5.269335208634901,
                "EL": 4.374926954842064,
                "HU": 4.658473961607922,
                "IE": 7.324361456398727,
                "IT": 3.9456566692689377,
                "LV": 3.0702569615610376,
                "LT": 3.4316303413541687,
                "LU": 13.484520815494195,
                "MT": 28.951742161041246,
                "NL": 5.084610238105227,
                "PL": 4.204488228756931,
                "PT": 7.0571619367851,
                "RO": 4.901567614348709,
                "SK": 4.4510681278104505,
                "SI": 3.7461465628513686,
                "ES": 6.9777083560274535,
                "SE": 3.2813683465002117,
                "UK": 10.493425817547871
            }
        },
        {
            "year": "2014",
            "data": {
                "AT": 8.080856087440232,
                "BE": 8.920354517963874,