{
    "type": "bC17",
    "range_thresholds": [
        0.6061021379547625,
        1.7675964328995863,
        1.791610170918218,
        2.5931150366440407,
        2.624627343666133,
        4.31499808806872,
        4.344901964906316,
        5.636791396485686,
        5.652344830513152,
        7.697866901811919,
        8.248760882515818,
        26.401898411893036
    ],
    "series": [
        {
            "year": "2008",
            "data": {
                "AT": 11.409789230936893,
                "BE": 7.0635793826928905,
                "BG": 1.8114174926486406,
                "HR": 1.904135038770796,
                "CY": 2.660782730983712,
                "CZ": 4.5628654868922505,
                "DK": 3.8948160620574725,
                "EE": 1.4016106883562003,
                "FI": 24.04652981590183,
                "FR": 5.1864460511146095,
                "DE": 10.746072301636143,
                "EL": 2.828932662977058,
                "HU": 4.31499808806872,
                "IE": 1.255342831994982,
                "IT": 5.454693783846594,
                "LV": 1.7675964328995863,
                "LT": 2.797308434044016,
                "MT": 1.3346555322321783,
                "NL": 2.338930263361102,
                "PL": 5.931662114633377,
                "PT": 6.757988059687812,
                "RO": 1.1150739119496396,
                "SK": 3.9654300180438717,
                "SI": 6.550568624317847,
                "ES": 5.587922004549366,
                "SE": 18.990522843578134,
                "UK": 5.465673942484691
            }
        },
        {
            "year": "2009",
            "data": {
                "AT": 11.84962927927926,
                "BE": 6.600879934900648,
                "BG": 2.34537263223385,
                "HR": 1.5898045414120023,
                "CY": 2.2345776239145323,
                "CZ": 4.992974550653049,
                "DK": 3.8035455561407723,
                "EE": 1.8368088237954303,
                "FI": 26.001227034256285,
                "FR": 5.318403507978956,
                "DE": 11.291898863665454,
                "EL": 2.837026364617632,
                "HU": 4.754328479760712,
                "IE": 1.4261488424468525,
                "IT": 4.799683886407648,
                "LV": 1.791610170918218,
                "LT": 3.36841231862342,
                "MT": 1.1354257725918127,
                "NL": 2.2539569846160648,
                "PL": 6.5005324799576645,
                "PT": 6.718311940129677,
                "RO": 1.1446127957580934,
                "SK": 5.045546175932337,
                "SI": 7.391137055462186,
                "ES": 5.412492612299109,
                "SE": 18.403884185590332,
                "UK": 5.32504956077937
            }
        },
        {
            "year": "2010",
            "data": {
                "AT": 11.475142394777322,
                "BE": 5.9435235770372765,
                "BG": 2.1452332291272596,
                "HR": 1.196872622845157,
                "CY": 2.1846978683704754,
                "CZ": 5.116149029659786,
                "DK": 3.3154657084349073,
                "EE": 1.538775416547273,
                "FI": 23.94912283001905,
                "FR": 4.9005579218218465,
                "DE": 10.537354000352195,
                "EL": 2.726889676627441,
                "HU": 4.734742891393093,
                "IE": 1.0443084495059398,
                "IT": 5.73309169985468,
                "LV": 1.4342194440979166,
                "LT": 3.254706593574117,
                "MT": 0.7201632933786182,
                "NL": 2.270031352425299,
                "PL": 6.434308709455655,
                "PT": 9.2172200140401,
                "RO": 1.3647820681081286,
                "SK": 4.413931596917503,
                "SI": 5.987927268544712,
                "ES": 5.673192241033369,
                "SE": 18.464187294442784,
                "UK": 6.6046935365254065
            }
        },
        {
            "year": "2011",
            "data": {
                "AT": 11.350448923373275,
                "BE": 6.410112895535954,
                "BG": 1.8312889576144205,
                "HR": 1.7190524187550558,
                "CY": 2.016046820687744,
                "CZ": 4.394240621130926,
                "DK": 3.425566971716519,
                "EE": 1.433477468502032,
                "FI": 23.852991834468234,
                "FR": 4.666048872775216,
                "DE": 10.02084610140915,
                "EL": 2.4558434174284143,
                "HU": 4.02804189764104,
                "IE": 0.8338068133814694,
                "IT": 5.655496784346339,
                "LV": 1.601107343773259,
                "LT": 3.051657927873624,
                "MT": 0.7317854467051564,
                "NL": 2.4856217642912584,
                "PL": 6.554542693157711,
                "PT": 8.900195757202802,
                "RO": 1.2785118033316438,
                "SK": 3.5231990317946633,
                "SI": 5.605581927693704,
                "ES": 5.867556041837579,
                "SE": 18.114589237222347,
                "UK": 7.4149608627005605
            }
        },
        {
            "year": "2012",
            "data": {
                "AT": 11.095176272514461,
                "BE": 5.978642595203447,
                "BG": 2.0874866712263063,
                "HR": 2.045366918777919,
                "CY": 2.1070350484707774,
                "CZ": 4.274115442760966,
                "DK": 2.7400315227910537,
                "EE": 1.6188361457522837,
                "FI": 22.667918043904606,
                "FR": 4.7041426762439125,
                "DE": 10.480792410735845,
                "EL": 2.456800660360494,
                "HU": 4.155753916892235,
                "IE": 0.9275519597402594,
                "IT": 5.565885132808019,
                "LV": 1.94385965150101,
                "LT": 2.9843189583833585,
                "MT": 0.7256030363487633,
                "NL": 2.403208770828197,
                "PL": 6.923216364515568,
                "PT": 8.89993968693607,
                "RO": 1.6763848363816427,
                "SK": 3.541838399577382,
                "SI": 5.9489797300738045,
                "ES": 5.8841156777344095,
                "SE": 17.503849033324183,
                "UK": 7.401632510163589
            }
        },
        {
            "year": "2013",
            "data": {
                "AT": 11.072678242562358,
                "BE": 5.652344830513152,
                "BG": 2.1453390907596104,
                "HR": 1.9818504853572936,
                "CY": 2.1206307507612556,
                "CZ": 4.353404081541674,
                "DK": 3.1309150484675197,
                "EE": 1.5375727430664787,
                "FI": 22.05006283706291,
                "FR": 4.71859365492489,
                "DE": 9.968919573133329,
                "EL": 2.5451698125589464,
                "HU": 4.243506640275047,
                "IE": 0.8663320567585326,
                "IT": 5.368773707179534,
                "LV": 1.8575054617444273,
                "LT": 3.7156930751662647,
                "MT": 0.7415256900934839,
                "NL": 2.2073392418801405,
                "PL": 6.99716998919598,
                "PT": 8.266714567613487,
                "RO": 1.5211144860891996,
                "SK": 3.195593480930413,
                "SI": 6.060086247317428,
                "ES": 5.457274625162356,
                "SE": 16.638367065518977,
                "UK": 7.230547671394954
            }
        },
        {
            "year": "2014",
            "data": {
                "AT": 11.130126925492464,
                "BE": 6.122202112653193,
                "BG": 2.3509237982169973,
                "HR": 2.2973503542409115,
                "CY": 2.2831448806523285,
                "CZ": 4.344901964906316,
                "DK": 2.7983002991918653,