{
    "type": "bC22",
    "range_thresholds": [
        0.013210539541598041,
        0.03841020141064284,
        0.038585338966674335,
        0.07264537581112825,
        0.07378796987786901,
        0.1494733748613279,
        0.15028428622210904,
        0.6486078609896327,
        0.6539885600459466,
        1.0322456704814333,
        1.0743242664172563,
        4.886431727798808
    ],
    "series": [
        {
            "year": "2008",
            "data": {
                "AT": 0.15161349298036292,
                "BE": 0.24109815995237627,
                "BG": 0.04731592817946949,
                "HR": 0.08772957484288577,
                "CY": 0.05496231465566353,
                "CZ": 2.9017751748185083,
                "DK": 0.1124299677877093,
                "EE": 0.10293657182381595,
                "FI": 0.7232805606674023,
                "FR": 0.6539885600459466,
                "DE": 0.9795713855427167,
                "EL": 0.07448519026407611,
                "HU": 0.5859506914145367,
                "IE": 0.038585338966674335,
                "IT": 0.41627946140286476,
                "LV": 0.03804144419923566,
                "LT": 0.048013040972277043,
                "LU": 0.04685604373129541,
                "MT": 0.06938647579590446,
                "NL": 0.013426654180437236,
                "PL": 0.5663319617128993,
                "PT": 0.791047314878316,
                "RO": 0.28669991035810033,
                "SK": 1.7313663694758785,
                "SI": 1.274435913379742,
                "ES": 0.6235459664636956,
                "SE": 0.1494733748613279,
                "UK": 0.5878444944650343
            }
        },
        {
            "year": "2009",
            "data": {
                "AT": 0.12222822281173851,
                "BE": 0.23527540987618584,
                "BG": 0.0605273908885747,
                "HR": 0.08213959826442832,
                "CY": 0.06675497005277889,
                "CZ": 3.178521772419992,
                "DK": 0.10679372770341661,
                "EE": 0.16493735955312652,
                "FI": 0.7498139744050082,
                "FR": 0.7093159306961584,
                "DE": 0.8718061692856827,
                "EL": 0.08402938926866818,
                "HU": 0.7575447491451225,
                "IE": 0.028221338094699427,
                "IT": 0.4397111591226407,
                "LV": 0.02569492863275805,
                "LT": 0.03468889484104501,
                "LU": 0.059437469401084755,
                "MT": 0.05152174181217678,
                "NL": 0.013857549352168149,
                "PL": 0.6043178226628624,
                "PT": 0.8875779258133037,
                "RO": 0.46143384750702643,
                "SK": 1.8828897800087487,
                "SI": 1.209046343092569,
                "ES": 0.5753892098803406,
                "SE": 0.12985473570552516,
                "UK": 0.407640908054679
            }
        },
        {
            "year": "2010",
            "data": {
                "AT": 0.11287185449634224,
                "BE": 0.18842906479859386,
                "BG": 0.06777211097457013,
                "HR": 0.06183176020659998,
                "CY": 0.06308981898392138,
                "CZ": 3.2546758307939334,
                "DK": 0.08056089787747632,
                "EE": 0.14667664760813953,
                "FI": 0.672014258507258,
                "FR": 0.7164104948529626,
                "DE": 0.9062518037992873,
                "EL": 0.06819787627140234,
                "HU": 1.0322456704814333,
                "IE": 0.030952999461498192,
                "IT": 0.48676815422073827,
                "LV": 0.032955374317378196,
                "LT": 0.044351746328729826,
                "LU": 0.04394854462299481,
                "MT": 0.04563141581255811,
                "NL": 0.01434934435435678,
                "PL": 0.6802621594172167,
                "PT": 1.0234591418542458,
                "RO": 0.6657669346459926,
                "SK": 2.123198781855214,
                "SI": 1.4991870684358048,
                "ES": 0.6373025794191106,
                "SE": 0.14585630614091807,
                "UK": 0.4141675139995656
            }
        },
        {
            "year": "2011",
            "data": {
                "AT": 0.1247430458432594,
                "BE": 0.2016079714306941,
                "BG": 0.07446696143546148,
                "HR": 0.05854994335894677,
                "CY": 0.05597751162721173,
                "CZ": 2.798676976885554,
                "DK": 0.08795837678809071,
                "EE": 0.1280169271867034,
                "FI": 0.6664181148030246,
                "FR": 0.7579948727225629,
                "DE": 0.9227304504126269,
                "EL": 0.06916232565688646,
                "HU": 1.2615057304000465,
                "IE": 0.027621141968435993,
                "IT": 0.5211014193083569,
                "LV": 0.038278872386619964,
                "LT": 0.03953986042217603,
                "LU": 0.03424959432548532,
                "MT": 0.07084776278219523,
                "NL": 0.014369229754278854,
                "PL": 0.6486078609896327,
                "PT": 1.180985512716028,
                "RO": 0.5151245113880936,
                "SK": 2.640399469898632,
                "SI": 1.0743242664172563,
                "ES": 0.6399707583551737,
                "SE": 0.13017190190985023,
                "UK": 0.45405987223010685
            }
        },
        {
            "year": "2012",
            "data": {
                "AT": 0.10783201826607314,
                "BE": 0.23528791104325875,
                "BG": 0.0673565983214109,
                "HR": 0.0639641906591561,
                "CY": 0.05133912687310307,
                "CZ": 2.7171325248009177,
                "DK": 0.07378796987786901,
                "EE": 0.1371462441657076,
                "FI": 0.6352376775968684,
                "FR": 0.8070690390511776,
                "DE": 0.9458775969197364,
                "EL": 0.05538997184288672,
                "HU": 1.4942325374256067,
                "IE": 0.03149689503655704,
                "IT": 0.5068224393374845,
                "LV": 0.0360644856567824,
                "LT": 0.03888693924247587,
                "LU": 0.029401392086967487,
                "MT": 0.07038468355438617,
                "NL": 0.013629414174185192,
                "PL": 0.6675919998528901,
                "PT": 1.313523054150779,
                "RO": 0.7877895286337896,
                "SK": 3.744626194416187,
                "SI": 1.3569044371125736,
                "ES": 0.7178484580017691,
                "SE": 0.14798290497226832,
                "UK": 0.40451773641725614
            }
        },
        {
            "year": "2013",
            "data": {
                "AT": 0.11531360336178136,
                "BE": 0.19369681680222864,
                "BG": 0.08766842287647705,
                "HR": 0.06592459115515228,
                "CY": 0.05411930129075119,
                "CZ": 2.767069912348907,
                "DK": 0.07892770296861708,
                "EE": 0.11166564145921892,
                "FI": 0.46404047610391735,
                "FR": 0.7982041260684194,
                "DE": 0.893865465600612,
                "EL": 0.03841020141064284,
                "HU": 1.4726627716876506,
                "IE": 0.03209334289161119,
                "IT": 0.47170766117717555,
                "LV": 0.035621354303709704,
                "LT": 0.030179428822273088,
                "LU": 0.035818258568651784,
                "MT": 0.07195133189043283,
                "NL": 0.013210539541598041,
                "PL": 0.7160384094452473,
                "PT": 1.3413306578960993,
                "RO": 0.8204034104624126,
                "SK": 4.172530689795354,
                "SI": 1.2658420968238884,
                "ES": 0.6608525680466659,
                "SE": 0.13794379528283085,