{
    "type": "bchem",
    "range_thresholds": [
        0.07081412430867451,
        5.669990420430625,
        5.80972710857541,
        18.990835618285374,
        19.308709245532018,
        36.854862301969945,
        37.50033548518185,
        153.76590354545695,
        153.86988246349938,
        599.5970483058388,
        605.7055748451104,
        3551.132087152876
    ],
    "series": [
        {
            "year": "2008",
            "data": {
                "AT": 234.41214942896667,
                "BE": 254.40490972228298,
                "BG": 15.639312709418444,
                "HR": 7.808435552107706,
                "CY": 2.3001495574136763,
                "CZ": 25.623969222650214,
                "DK": 180.3812129592976,
                "EE": 3.4165765154742034,
                "FI": 123.93779553628148,
                "FR": 1248.0197018374186,
                "DE": 1908.8563940355232,
                "EL": 64.07151191896115,
                "HU": 30.37350322730921,
                "IE": 40.75300220399253,
                "IT": 917.8169155428802,
                "LV": 16.55698965915292,
                "LT": 6.746180619521668,
                "LU": 0.5933933127385674,
                "MT": 0.12259861807116025,
                "NL": 125.86442706943753,
                "PL": 148.22629802046993,
                "PT": 19.74949007885697,
                "RO": 12.018669066565874,
                "SK": 3.865082040406928,
                "SI": 7.38853933026124,
                "ES": 549.6415778313369,
                "SE": 397.0308518225686,
                "UK": 1124.523683513774
            }
        },
        {
            "year": "2009",
            "data": {
                "AT": 134.80262614250645,
                "BE": 301.53160377202136,
                "BG": 17.71262352167007,
                "HR": 6.792021751607244,
                "CY": 2.0685461837067742,
                "CZ": 28.534155853046666,
                "DK": 195.7358132201901,
                "EE": 2.2064433144553988,
                "FI": 112.4370957852307,
                "FR": 1279.7677341487101,
                "DE": 2004.254574721245,
                "EL": 59.35666041310958,
                "HU": 28.48959674099998,
                "IE": 27.46659821810512,
                "IT": 765.8962819737312,
                "LV": 18.95941548543396,
                "LT": 11.193482413128429,
                "LU": 0.6698814733435202,
                "MT": 0.1316834343127074,
                "NL": 98.2682485274672,
                "PL": 119.48283294428192,
                "PT": 20.001928461934316,
                "RO": 12.23236481795862,
                "SK": 2.499839922298733,
                "SI": 5.80972710857541,
                "ES": 492.02417200914147,
                "SE": 375.9995205465864,
                "UK": 894.789018301552
            }
        },
        {
            "year": "2010",
            "data": {
                "AT": 185.39139398634117,
                "BE": 356.94289217879003,
                "BG": 22.151046164309925,
                "HR": 8.271928059540574,
                "CY": 2.321763583683839,
                "CZ": 27.275584046973854,
                "DK": 153.86988246349938,
                "EE": 2.0910300809499565,
                "FI": 148.18905544744248,
                "FR": 1336.2729631525622,
                "DE": 2571.9826806033693,
                "EL": 49.87017390632642,
                "HU": 32.48653057188171,
                "IE": 29.062404609137467,
                "IT": 732.2035726787741,
                "LV": 36.2256425317042,
                "LT": 12.116038154046766,
                "LU": 0.6264042933999454,
                "MT": 0.07289384653813898,
                "NL": 130.93100150620364,
                "PL": 135.40215738915342,
                "PT": 25.557772580862874,
                "RO": 12.056812472033355,
                "SK": 11.22808891206236,
                "SI": 6.5201333634074174,
                "ES": 599.5970483058388,
                "SE": 470.7152981644165,
                "UK": 728.313148523103
            }
        },
        {
            "year": "2011",
            "data": {
                "AT": 103.93229312744005,
                "BE": 360.127170991683,
                "BG": 24.64806101333579,
                "HR": 7.570190634503807,
                "CY": 2.1691691964134265,
                "CZ": 25.70038974109541,
                "DK": 157.50182045197133,
                "EE": 2.19090942732627,
                "FI": 172.93679274079517,
                "FR": 1404.4370253845816,
                "DE": 2741.0244422504456,
                "EL": 44.271032688168,
                "HU": 32.070032232355196,
                "IE": 34.58200788930491,
                "IT": 763.8968503111714,
                "LV": 23.34372262893899,
                "LT": 14.32364330626745,
                "LU": 0.6252906869726658,
                "MT": 0.07081412430867451,
                "NL": 109.9532265938898,
                "PL": 150.59180590020736,
                "PT": 28.168686603941847,
                "RO": 12.174051240624877,
                "SK": 11.517589270568743,
                "SI": 6.7501157462699934,
                "ES": 619.2946439731929,
                "SE": 445.86112727095514,
                "UK": 647.1984623577039
            }
        },
        {
            "year": "2012",
            "data": {
                "AT": 109.27353388860264,
                "BE": 417.2141084818765,
                "BG": 20.109637102759038,
                "HR": 8.397292832598653,
                "CY": 2.055123097679104,
                "CZ": 24.66638101982752,
                "DK": 255.07712019457242,
                "EE": 1.175551463471225,
                "FI": 176.34762631456775,
                "FR": 931.2004032329526,
                "DE": 2658.860362066391,
                "EL": 38.93031090229551,
                "HU": 19.950891524182012,
                "IE": 33.18026893788275,
                "IT": 755.2821663099686,
                "LV": 11.153236812222808,
                "LT": 17.741352825079673,
                "LU": 0.7354740366832775,
                "MT": 0.07234900428018702,
                "NL": 134.40763705841283,
                "PL": 137.88227260211602,
                "PT": 21.183488496715512,
                "RO": 13.767711554594927,
                "SK": 5.155418581096099,
                "SI": 6.573797902434246,
                "ES": 592.1333662557953,
                "SE": 437.74649861529605,
                "UK": 684.5730070165569
            }
        },
        {
            "year": "2013",
            "data": {
                "AT": 114.91638339158987,
                "BE": 431.3928890111766,
                "BG": 19.308709245532018,
                "HR": 8.273467963469527,
                "CY": 1.76637359944073,
                "CZ": 21.73048403418602,
                "DK": 297.9241561843382,
                "EE": 1.1171375404761779,
                "FI": 179.5667169179328,
                "FR": 934.03164252009,
                "DE": 2901.3820183761577,
                "EL": 45.61398806087564,
                "HU": 22.26843435814897,
                "IE": 34.41266293027959,
                "IT": 773.9676556657747,
                "LV": 11.037676764519356,
                "LT": 22.387413942249246,
                "LU": 0.8197523850675551,
                "MT": 0.07282665568460361,
                "NL": 102.64187762777662,
                "PL": 141.6956698562802,
                "PT": 20.62130142529641,
                "RO": 13.91107295066422,
                "SK": 6.090409665112816,
                "SI": 9.917337754385736,
                "ES": 555.8824240002558,
                "SE": 447.4270085560932,
                "UK": 753.6851620656058
            }
        },
        {
            "year": "2014",
            "data": {
                "AT": 109.22344397704676,