{
    "type": "bC17",
    "range_thresholds": [
        1.15,
        60.96249999999999,
        61.1,
        135.4625,
        136.8625,
        363.4625,
        369.09999999999985,
        1036.8,
        1499.6500000000005,
        3472.9125,
        3496.3625,
        10738.85
    ],
    "series": [
        {
            "year": "2008",
            "data": {
                "AT": 1598.3625,
                "BE": 991.65,
                "BG": 64.975,
                "HR": 75.27499999999998,
                "CY": 25.625,
                "CZ": 369.09999999999985,
                "DK": 406.75,
                "EE": 17.7125,
                "FI": 2822.100000000001,
                "FR": 4130.7249999999985,
                "DE": 9393.649999999998,
                "EL": 356.975,
                "HU": 313.8625,
                "IE": 149.4125,
                "IT": 4233.700000000002,
                "LV": 27.55,
                "LT": 60.925,
                "MT": 1.85,
                "NL": 566.7,
                "PL": 1568.9125,
                "PT": 661.6125,
                "RO": 155.21249999999995,
                "SK": 114.91249999999998,
                "SI": 146.85,
                "ES": 3411.9,
                "SE": 3442.1874999999995,
                "UK": 3392.175
            }
        },
        {
            "year": "2009",
            "data": {
                "AT": 1549.9999999999998,
                "BE": 932.975,
                "BG": 67.83749999999999,
                "HR": 60.3625,
                "CY": 21.4,
                "CZ": 369.09999999999985,
                "DK": 370.15,
                "EE": 17.9875,
                "FI": 2925.4,
                "FR": 3968.9125,
                "DE": 9084.6625,
                "EL": 373.1875,
                "HU": 294.05,
                "IE": 166.6875,
                "IT": 3496.3625,
                "LV": 22.0375,
                "LT": 60.675,
                "MT": 1.7625000000000002,
                "NL": 524.1,
                "PL": 1499.6500000000005,
                "PT": 632.0625,
                "RO": 131.975,
                "SK": 129.1625,
                "SI": 150.5,
                "ES": 3012.1249999999995,
                "SE": 2949.65,
                "UK": 2907.6125
            }
        },
        {
            "year": "2010",
            "data": {
                "AT": 1653.3375,
                "BE": 955.475,
                "BG": 62.8625,
                "HR": 42.2125,
                "CY": 21.2,
                "CZ": 369.09999999999985,
                "DK": 359.4,
                "EE": 17.8125,
                "FI": 2917.9,
                "FR": 4062.9375,
                "DE": 9277.6375,
                "EL": 339.025,
                "HU": 302.9125,
                "IE": 138.1375,
                "IT": 4447.1625,
                "LV": 22.15,
                "LT": 62.96250000000001,
                "MT": 1.15,
                "NL": 561.6,
                "PL": 1606.1999999999996,
                "PT": 909.5499999999997,
                "RO": 141.87499999999997,
                "SK": 124.3625,
                "SI": 124.675,
                "ES": 3313.0000000000005,
                "SE": 3627.0875,
                "UK": 3829.1
            }
        },
        {
            "year": "2011",
            "data": {
                "AT": 1708.1375,
                "BE": 964.0499999999997,
                "BG": 60.96249999999999,
                "HR": 61.1,
                "CY": 18.925,
                "CZ": 369.1,
                "DK": 375.47499999999985,
                "EE": 19.6125,
                "FI": 2921.8,
                "FR": 3995.9,
                "DE": 9352.6625,
                "EL": 276.075,
                "HU": 302.5125,
                "IE": 125.45,
                "IT": 4581.2625,
                "LV": 23.2125,
                "LT": 70.3625,
                "MT": 1.15,
                "NL": 591.0,
                "PL": 1793.3625,
                "PT": 829.6250000000001,
                "RO": 156.98749999999995,
                "SK": 116.8625,
                "SI": 122.0,
                "ES": 3366.975,
                "SE": 3711.4125,
                "UK": 4372.0875
            }
        },
        {
            "year": "2012",
            "data": {
                "AT": 1683.5749999999996,
                "BE": 945.65,
                "BG": 69.8875,
                "HR": 67.225,
                "CY": 18.45,
                "CZ": 369.1,
                "DK": 342.4125,
                "EE": 22.6125,
                "FI": 2764.2,
                "FR": 4070.4125,
                "DE": 9596.05,
                "EL": 266.225,
                "HU": 300.225,
                "IE": 132.575,
                "IT": 4411.812500000001,
                "LV": 30.25,
                "LT": 77.13749999999997,
                "MT": 1.15,
                "NL": 600.1,
                "PL": 1804.925,
                "PT": 817.1875,
                "RO": 170.70000000000005,
                "SK": 114.3625,
                "SI": 122.15,
                "ES": 3247.8375,
                "SE": 3472.9125,
                "UK": 4619.2875
            }
        },
        {
            "year": "2013",
            "data": {
                "AT": 1650.25,
                "BE": 939.875,
                "BG": 72.5125,
                "HR": 65.925,
                "CY": 17.0125,
                "CZ": 369.09999999999985,
                "DK": 371.025,
                "EE": 22.312500000000004,
                "FI": 2793.4,
                "FR": 3914.975,
                "DE": 9562.1,
                "EL": 253.12500000000003,
                "HU": 313.175,
                "IE": 131.5875,
                "IT": 4456.225,
                "LV": 30.249999999999996,
                "LT": 97.45000000000002,
                "MT": 1.15,
                "NL": 565.4,
                "PL": 1951.125,
                "PT": 802.2875000000003,
                "RO": 180.7375,
                "SK": 113.3625,
                "SI": 124.4,
                "ES": 3083.5125,
                "SE": 3378.5124999999994,
                "UK": 4472.7249999999985
            }
        },
        {
            "year": "2014",
            "data": {
                "AT": 1688.625,
                "BE": 1034.4875000000004,
                "BG": 82.7625,
                "HR": 70.85,
                "CY": 17.0125,
                "CZ": 369.1,
                "DK": 355.5625,
                "EE": 21.4125,
                "FI": 3008.0,
                "FR": 4009.8,
                "DE": 10063.812499999996,
                "EL": 285.1124999999999,
                "HU": 323.2875,
                "IE": 142.9125,
                "IT": 4851.9375,
                "LV": 32.0875,
                "LT": 110.3625,
                "MT": 1.15,
                "NL": 599.2,
                "PL": 2066.7375,
                "PT": 706.6999999999998,
                "RO": 189.575,
                "SK": 125.7625,
                "SI": 128.41249999999997,
                "ES": 2693.25,
                "SE": 3724.375,
                "UK": 4810.0374999999985
            }
        },
        {
            "year": "2015",
            "data": {
                "AT": 1682.0625,
                "BE": 1025.875,
                "BG": 104.725,
                "HR": 77.25,
                "CY": 16.75,
                "CZ": 369.1,
                "DK": 350.4,
                "EE": 20.5125,
                "FI": 3274.2000000000007,
                "FR": 4074.6375,
                "DE": 10301.224999999997,
                "EL": 298.2,
                "HU": 340.45,
                "IE": 184.5,
                "IT": 4812.8875,
                "LV": 30.287499999999994,
                "LT": 114.15,
                "MT": 1.15,
                "NL": 583.7,
                "PL": 2127.3625,
                "PT": 881.3,
                "RO": 201.275,