{
    "type": "bC31",
    "range_thresholds": [
        0.66951766800529,
        59.8036326174056,
        61.830004913173504,
        100.06940070063344,
        100.5657906232572,
        210.76751719854232,
        219.0965668355436,
        349.16838566101785,
        356.54048937254083,
        1015.3223929312757,
        1016.4209377890917,
        3903.295820796278
    ],
    "series": [
        {
            "year": "2008",
            "data": {
                "AT": 469.7574749126127,
                "BE": 316.27041571644617,
                "BG": 81.00075950335399,
                "HR": 95.5785195350763,
                "CY": 21.15333703016709,
                "CZ": 173.6586617016698,
                "DK": 488.6999758221209,
                "EE": 71.59540526000127,
                "FI": 228.29502892860884,
                "FR": 1015.3223929312757,
                "DE": 3538.529666359912,
                "EL": 210.76751719854232,
                "HU": 128.3391290720555,
                "IE": 181.0698670023056,
                "IT": 3903.295820796278,
                "LV": 47.77596489645821,
                "LT": 128.53759965949126,
                "LU": 0.7916536363884016,
                "MT": 13.347812352464738,
                "NL": 297.3718008966001,
                "PL": 1509.448753454363,
                "PT": 310.1286593361049,
                "RO": 408.6558890712584,
                "SK": 100.86701391030249,
                "SI": 147.3516725086821,
                "ES": 1825.867516255274,
                "SE": 463.6599525759714,
                "UK": 1748.7439095291807
            }
        },
        {
            "year": "2009",
            "data": {
                "AT": 455.0780197558983,
                "BE": 317.93332501382474,
                "BG": 71.50872309587025,
                "HR": 77.32530341276455,
                "CY": 17.781518826239513,
                "CZ": 182.4017124360516,
                "DK": 399.5478910021724,
                "EE": 64.62152997596463,
                "FI": 158.60704967091797,
                "FR": 1054.8031682213318,
                "DE": 3004.414183593321,
                "EL": 219.44753228304714,
                "HU": 107.60865822370741,
                "IE": 116.6995253576133,
                "IT": 3603.065217287169,
                "LV": 35.080505943741905,
                "LT": 142.33055868257216,
                "LU": 0.7124064154856193,
                "MT": 13.087824548240313,
                "NL": 316.95921741837395,
                "PL": 1383.0458607477174,
                "PT": 260.12267283496084,
                "RO": 336.4771502846316,
                "SK": 94.91998763025188,
                "SI": 90.94983994639308,
                "ES": 1338.5918987128066,
                "SE": 365.5729794705068,
                "UK": 1164.8743815981286
            }
        },
        {
            "year": "2010",
            "data": {
                "AT": 473.60512867491343,
                "BE": 301.55221527274887,
                "BG": 63.53003729142336,
                "HR": 79.03499690255887,
                "CY": 17.149017482086705,
                "CZ": 180.44703105637572,
                "DK": 329.4273602504161,
                "EE": 64.68981283822998,
                "FI": 153.69971140527718,
                "FR": 1016.4209377890917,
                "DE": 3432.819173908626,
                "EL": 181.42289237794608,
                "HU": 98.37117633960493,
                "IE": 104.450150292229,
                "IT": 3105.298630378035,
                "LV": 31.271586008964515,
                "LT": 164.5515426890577,
                "LU": 0.66951766800529,
                "MT": 13.528142864005265,
                "NL": 337.29386652959585,
                "PL": 1376.6989522047104,
                "PT": 253.3260759657267,
                "RO": 309.9579906674277,
                "SK": 128.69528425227406,
                "SI": 91.98614881745472,
                "ES": 1316.4498872639426,
                "SE": 411.56977297221084,
                "UK": 1438.9192014904215
            }
        },
        {
            "year": "2011",
            "data": {
                "AT": 476.2434750120586,
                "BE": 283.88564011332534,
                "BG": 63.35362142603718,
                "HR": 74.89926935147247,
                "CY": 14.201490560932653,
                "CZ": 181.01508099371543,
                "DK": 323.49096778754614,
                "EE": 70.00713023575642,
                "FI": 153.46729342896882,
                "FR": 978.235332106362,
                "DE": 3307.125306296793,
                "EL": 124.63319292890013,
                "HU": 91.12752428700183,
                "IE": 87.43627338737807,
                "IT": 3425.7504666073146,
                "LV": 34.16231088596573,
                "LT": 192.38164117076104,
                "LU": 0.8255152634425327,
                "MT": 13.470041377821104,
                "NL": 343.35162592008203,
                "PL": 1368.9937055432392,
                "PT": 220.79999573344762,
                "RO": 315.00241127405707,
                "SK": 132.39412281514734,
                "SI": 76.31316560354847,
                "ES": 1059.1931907899705,
                "SE": 461.0266989453111,
                "UK": 1283.7321673866818
            }
        },
        {
            "year": "2012",
            "data": {
                "AT": 485.7616973347377,
                "BE": 273.672859263804,
                "BG": 70.64552989215957,
                "HR": 69.14618470430761,
                "CY": 10.839157521136027,
                "CZ": 194.85734054643,
                "DK": 312.57472281458723,
                "EE": 71.33814259114435,
                "FI": 148.1062232571879,
                "FR": 973.1071079546632,
                "DE": 3494.070448082617,
                "EL": 80.83743434932475,
                "HU": 87.91412320614265,
                "IE": 90.65180123888092,
                "IT": 2909.924536453061,
                "LV": 40.747110667683,
                "LT": 219.0965668355436,
                "LU": 0.8400055321054456,
                "MT": 13.126483347379748,
                "NL": 374.6936622141539,
                "PL": 1208.9207933633124,
                "PT": 201.34881021028272,
                "RO": 310.74575909453995,
                "SK": 116.33848378452869,
                "SI": 69.26218928169344,
                "ES": 942.0499533595672,
                "SE": 448.7387347679325,
                "UK": 1449.2589672035306
            }
        },
        {
            "year": "2013",
            "data": {
                "AT": 457.43522774714637,
                "BE": 302.8070409281975,
                "BG": 69.97890266582604,
                "HR": 58.65555379468706,
                "CY": 9.464802804389334,
                "CZ": 195.3915342558339,
                "DK": 321.0074155806265,
                "EE": 73.75958594088327,
                "FI": 126.0974518524626,
                "FR": 942.2102141205867,
                "DE": 3272.689332312998,
                "EL": 42.42383472320603,
                "HU": 97.54280350273243,
                "IE": 96.72059632768936,
                "IT": 3217.0444831373384,
                "LV": 44.79464682211696,
                "LT": 223.5285837002438,
                "LU": 0.8282604196745539,
                "MT": 13.353141696172715,
                "NL": 307.2103151064221,
                "PL": 1392.3974938393992,
                "PT": 219.45372487645068,
                "RO": 344.7178519559085,
                "SK": 133.26618945669398,
                "SI": 59.8036326174056,
                "ES": 788.276162693808,
                "SE": 438.95609904518983,
                "UK": 1366.1712287447199
            }
        },
        {
            "year": "2014",
            "data": {
                "AT": 452.9587151544422,
                "BE": 305.40882441967767,