{
    "type": "bC21",
    "range_thresholds": [
        4.038996760173248,
        60.72583526659735,
        60.733468809335186,
        210.53404526583333,
        210.7752005548444,
        558.6430095213884,
        559.3375603192753,
        1973.4997463270406,
        2126.443694106202,
        4189.001955916374,
        4210.558526573532,
        8132.041125154181
    ],
    "series": [
        {
            "year": "2008",
            "data": {
                "AT": 750.8719523509192,
                "BE": 1692.0507532873469,
                "BG": 41.44447549230176,
                "HR": 125.85614378916388,
                "CY": 27.397710377076145,
                "CZ": 161.1019446421133,
                "DK": 1734.86790348556,
                "EE": 5.150000000000001,
                "FI": 307.79480842644625,
                "FR": 4712.783137425989,
                "DE": 7640.907252487291,
                "EL": 254.1459418252681,
                "HU": 475.3061441360615,
                "IE": 3991.447922631655,
                "IT": 3728.544263406117,
                "LT": 7.000000000000003,
                "NL": 1019.3235838067143,
                "PL": 708.4334873048007,
                "PT": 219.2962438483866,
                "RO": 135.19870465839568,
                "SK": 35.828470898445936,
                "SI": 402.0,
                "ES": 2327.115212940519,
                "SE": 2378.7112846458745,
                "UK": 5168.044907325115
            }
        },
        {
            "year": "2009",
            "data": {
                "AT": 878.4482410985103,
                "BE": 1717.2802718550954,
                "BG": 53.332155941083144,
                "HR": 125.82471886048836,
                "CY": 27.352095920644594,
                "CZ": 175.64887272134558,
                "DK": 1745.6947610621037,
                "EE": 4.050000000000002,
                "FI": 323.148427251311,
                "FR": 4323.821185639397,
                "DE": 7116.1585527679235,
                "EL": 345.6604405789016,
                "HU": 478.8627202277176,
                "IE": 4815.564371611777,
                "IT": 3805.4379435597334,
                "LT": 13.188972528105225,
                "NL": 1019.3019911528977,
                "PL": 579.2136240878002,
                "PT": 200.98729909148793,
                "RO": 122.56934232763105,
                "SK": 37.74930796692581,
                "SI": 402.0,
                "ES": 2126.443694106202,
                "SE": 2387.6287125179533,
                "UK": 4189.001955916374
            }
        },
        {
            "year": "2010",
            "data": {
                "AT": 970.329270785728,
                "BE": 3108.831806011521,
                "BG": 54.074316189665794,
                "HR": 125.94578310722521,
                "CY": 27.493649993549248,
                "CZ": 177.1830214904653,
                "DK": 1754.169026583499,
                "EE": 4.1793301956526365,
                "FI": 381.5588599526177,
                "FR": 4677.092161302919,
                "DE": 7177.9834794480375,
                "EL": 271.1252773434598,
                "HU": 583.772154176087,
                "IE": 4809.834783623555,
                "IT": 4491.815248395224,
                "LT": 13.187608940813833,
                "NL": 902.6582361505024,
                "PL": 687.2234479432981,
                "PT": 198.50621885175843,
                "RO": 184.2369391874559,
                "SK": 52.82279572922727,
                "SI": 402.0,
                "ES": 2222.80721944996,
                "SE": 2372.507646309256,
                "UK": 4577.905437106615
            }
        },
        {
            "year": "2011",
            "data": {
                "AT": 928.336970908972,
                "BE": 2410.5507507009816,
                "BG": 56.2491323998213,
                "HR": 125.97414792447915,
                "CY": 27.889503774923263,
                "CZ": 162.73788731611484,
                "DK": 1922.486113633956,
                "EE": 4.097428394721022,
                "FI": 433.53639170351255,
                "FR": 4569.280135888145,
                "DE": 7430.560647416497,
                "EL": 210.7752005548444,
                "HU": 640.429264340476,
                "IE": 5510.338970938297,
                "IT": 4291.832275280172,
                "LT": 6.394640230091992,
                "NL": 1137.8247891394406,
                "PL": 612.2063773096946,
                "PT": 185.5448358988713,
                "RO": 158.00443764142582,
                "SK": 52.82493733968508,
                "SI": 402.0,
                "ES": 1973.4997463270406,
                "SE": 2374.386989531444,
                "UK": 4859.386845555738
            }
        },
        {
            "year": "2012",
            "data": {
                "AT": 883.6858152369726,
                "BE": 2410.7556558246647,
                "BG": 64.79783977026915,
                "HR": 125.97893926410187,
                "CY": 30.69827988872977,
                "CZ": 162.25625739533444,
                "DK": 2348.513882778376,
                "EE": 4.1241342498631814,
                "FI": 436.0836884366531,
                "FR": 4683.7934208081515,
                "DE": 7273.143749878814,
                "EL": 220.63904324584828,
                "HU": 646.7583982440477,
                "IE": 4895.708328877456,
                "IT": 4101.211864425477,
                "LT": 11.091536458058306,
                "NL": 1516.4575288382598,
                "PL": 492.79350452075,
                "PT": 210.53404526583333,
                "RO": 154.6439064561533,
                "SK": 52.82235692646936,
                "SI": 402.0,
                "ES": 2215.2696914470985,
                "SE": 2371.1202883950004,
                "UK": 4743.901788883217
            }
        },
        {
            "year": "2013",
            "data": {
                "AT": 938.3474228770392,
                "BE": 3220.7630119228124,
                "BG": 64.91960787333929,
                "HR": 129.32695187043666,
                "CY": 30.72758165158805,
                "CZ": 158.19734784231255,
                "DK": 2409.666850598179,
                "EE": 4.060407688763832,
                "FI": 431.8468701267192,
                "FR": 4674.281661191991,
                "DE": 7177.224778658245,
                "EL": 325.22759636353624,
                "HU": 558.6430095213884,
                "IE": 4353.143114648485,
                "IT": 4253.614819362691,
                "LT": 15.839330372868085,
                "NL": 812.2256499276767,
                "PL": 666.0859851021413,
                "PT": 224.29820398044743,
                "RO": 173.5828849031246,
                "SK": 52.78858447890367,
                "SI": 402.0,
                "ES": 2349.169302772888,
                "SE": 2784.46078388361,
                "UK": 4210.558526573532
            }
        },
        {
            "year": "2014",
            "data": {
                "AT": 1142.400212280219,
                "BE": 3120.8846852339943,
                "BG": 64.87059265943552,
                "HR": 137.19093898717622,
                "CY": 30.89648072993025,
                "CZ": 155.03669975284132,
                "DK": 2902.811979996572,
                "EE": 4.0411429436524235,
                "FI": 430.90048334341765,
                "FR": 4544.557521711267,
                "DE": 7850.532994509309,
                "EL": 276.547748686069,
                "HU": 592.5749924379045,
                "IE": 4325.535481040686,
                "IT": 4088.578968274544,
                "LT": 31.186465838241297,
                "NL": 772.1851249461347,
                "PL": 515.4032501167579,
                "PT": 224.2623000106254,
                "RO": 177.76389913672284,
                "SK": 52.791329814612894,
                "SI": 402.0,