{
    "type": "Biod",
    "range_thresholds": [
        0.0,
        0.2916500114736849,
        0.4136760237654865,
        22.68604880802219,
        24.848583503519627,
        100.74171423447396,
        103.0595383642086,
        662.6905775541265
    ],
    "series": [
        {
            "year": "2008",
            "data": {
                "AT": 85.60033593538546,
                "BE": 50.144552262172134,
                "BG": 0.0,
                "HR": 1.62103407788973,
                "CY": 0.4731450908313626,
                "DK": 5.477111925126171,
                "EE": 0.0,
                "FI": 10.805126645594614,
                "FR": 0.0,
                "DE": 536.0268210934074,
                "EL": 15.6234268899488,
                "HU": 0.0,
                "IT": 100.74171423447396,
                "LV": 0.0,
                "LT": 5.006439099680907,
                "PL": 34.5591711917862,
                "PT": 16.858501250355886,
                "RO": 5.426852205695681,
                "SK": 0.0,
                "ES": 158.08816799374173,
                "SE": 45.16567029688422,
                "UK": 184.8412719166688
            }
        },
        {
            "year": "2009",
            "data": {
                "AT": 73.486864521872,
                "BE": 78.35693740193547,
                "BG": 0.0,
                "HR": 1.0329119954182886,
                "CY": 0.4602154554978579,
                "DK": 6.1682673346464325,
                "EE": 0.0,
                "FI": 35.79166631309845,
                "FR": 0.0,
                "DE": 450.33774996099083,
                "EL": 13.310268127791414,
                "HU": 0.0,
                "IT": 104.82606382825172,
                "LV": 0.0,
                "LT": 5.408564269995243,
                "PL": 35.12134636971817,
                "PT": 25.62126249084773,
                "RO": 4.18253202854296,
                "SK": 0.0,
                "ES": 147.4369007416383,
                "SE": 40.52238613392817,
                "UK": 103.2052141596678
            }
        },
        {
            "year": "2010",
            "data": {
                "AT": 118.7457852878923,
                "BE": 88.61807692480848,
                "BG": 0.0,
                "HR": 4.3215649298093215,
                "CY": 0.5251280387430761,
                "DK": 22.68604880802219,
                "EE": 0.0,
                "FI": 51.43764788563797,
                "FR": 0.0,
                "DE": 603.5311575108378,
                "EL": 11.729855303940713,
                "HU": 0.0,
                "IT": 105.12040961726628,
                "LV": 0.0,
                "LT": 6.001770812232658,
                "PL": 33.88553209319465,
                "PT": 34.20114826066429,
                "RO": 2.8301475822504316,
                "SK": 0.0,
                "ES": 216.025553988698,
                "SE": 59.59270290125015,
                "UK": 144.9749913414055
            }
        },
        {
            "year": "2011",
            "data": {
                "AT": 91.58818252792943,
                "BE": 111.95581640421273,
                "BG": 0.0,
                "HR": 2.23170402026654,
                "CY": 0.6064981467777708,
                "DK": 20.371927788829968,
                "EE": 0.0,
                "FI": 28.684891011616987,
                "FR": 0.0,
                "DE": 662.6905775541265,
                "EL": 8.852509522258746,
                "HU": 0.0,
                "IT": 127.46262765461536,
                "LV": 0.0,
                "LT": 6.120261422429247,
                "PL": 53.70516160488539,
                "PT": 36.13099907211453,
                "RO": 3.737627580040665,
                "SK": 0.0,
                "ES": 186.3879188988577,
                "SE": 64.65814386594235,
                "UK": 186.22163949292545
            }
        },
        {
            "year": "2012",
            "data": {
                "AT": 121.95507247264528,
                "BE": 53.44035473798954,
                "HR": 7.550439007697488,
                "CY": 0.18799096277020394,
                "DK": 40.70331927970067,
                "EE": 0.0,
                "FI": 11.454436625505927,
                "DE": 313.68554484689685,
                "EL": 8.173780163627692,
                "IE": 0.0,
                "IT": 140.8137821913071,
                "LT": 4.080212796711154,
                "PL": 103.0595383642086,
                "PT": 54.6278698485026,
                "RO": 5.9696855225025995,
                "SK": 0.0,
                "SI": 0.0,
                "ES": 116.7327816443192,
                "SE": 81.44994701321045,
                "UK": 29.181166656650664
            }
        },
        {
            "year": "2013",
            "data": {
                "AT": 121.69752551437875,
                "BE": 67.76004489862628,
                "HR": 7.176815017028949,
                "CY": 0.2916500114736849,
                "DK": 42.29430461726603,
                "EE": 0.0,
                "FI": 155.13510729487317,
                "DE": 331.38957784130434,
                "EL": 14.783005245571813,
                "IE": 0.0,
                "IT": 146.0420836926105,
                "LT": 7.004160214090983,
                "PL": 112.72459709612812,
                "PT": 39.05285948358372,
                "RO": 2.5599908889321608,
                "SK": 0.0,
                "SI": 0.0,
                "ES": 130.59260748111356,
                "SE": 80.82831279367454,
                "UK": 46.69446894074129
            }
        },
        {
            "year": "2014",
            "data": {
                "AT": 129.369397689337,
                "BE": 54.190731899841175,
                "HR": 8.842034491011415,
                "CY": 0.19400457942000515,
                "DK": 27.42980721589751,
                "EE": 0.0,
                "FI": 136.66662202864032,
                "DE": 314.9672619260268,
                "EL": 26.9330436204613,
                "IE": 0.0,
                "IT": 153.16072544990539,
                "LT": 6.4612726700560055,
                "PL": 113.91540115675873,
                "PT": 38.23738628028085,
                "RO": 11.193428460878401,
                "SK": 0.0,
                "SI": 0.0,
                "ES": 121.99290495864972,
                "SE": 106.91481550636404,
                "UK": 36.51042706153203
            }
        },
        {
            "year": "2015",
            "data": {
                "AT": 117.88351379633612,
                "BE": 37.17243124182087,
                "HR": 4.599264542663461,
                "CY": 0.2612758132640087,
                "DK": 33.47518073097716,
                "EE": 0.13329658857347287,
                "FI": 146.0489953073073,
                "DE": 291.24864452655163,
                "EL": 31.543275915051503,
                "IE": 0.0,
                "IT": 134.00804053404644,
                "LT": 5.3869130587109435,
                "PL": 116.45615576349584,
                "PT": 39.05475928397152,
                "RO": 15.573240919646883,
                "SK": 0.0,
                "SI": 0.0,
                "ES": 161.26094512930726,
                "SE": 123.29177268181871,
                "UK": 18.854288347054545
            }
        },
        {
            "year": "2016",
            "data": {
                "AT": 137.69213300616008,
                "BE": 33.63137436471103,
                "HR": 0.23028600000987984,
                "CY": 0.4136760237654865,
                "DK": 37.63041451586522,
                "EE": 0.0,
                "FI": 193.74903059205863,
                "DE": 338.0773030696967,
                "EL": 21.402901709062657,
                "HU": 20.852276272230878,
                "IE": 0.0,
                "IT": 55.32869735479001,
                "LT": 3.1372239241887576,
                "PL": 126.9624222807438,
                "PT": 41.8857582332278,