{
    "type": "bC15",
    "range_thresholds": [
        0.18749999999999994,
        4.261963216793484,
        4.312500000000001,
        9.712500000000002,
        9.8625,
        34.27171311640199,
        35.07500000000002,
        131.58664234330044,
        133.14105504775114,
        342.018262696736,
        348.19347072763225,
        3668.368352714127
    ],
    "series": [
        {
            "year": "2008",
            "data": {
                "AT": 141.825,
                "BE": 5.325000000000001,
                "BG": 22.190654672394732,
                "HR": 36.475,
                "CY": 1.0875,
                "CZ": 8.625,
                "DK": 4.8443205816497885,
                "EE": 5.751664861022199,
                "FI": 37.02756118156357,
                "FR": 605.3747531003182,
                "DE": 379.35914695057176,
                "EL": 47.43750000000002,
                "HU": 42.26029469246318,
                "IE": 2.597328881469115,
                "IT": 2760.596752177447,
                "LV": 1.1442823384362475,
                "LT": 6.257501410760423,
                "PL": 133.14105504775114,
                "PT": 245.6725933357159,
                "RO": 149.88568907913128,
                "SK": 40.612499999999976,
                "SI": 19.425000000000004,
                "ES": 533.7267847217736,
                "SE": 10.725,
                "UK": 160.91006781780618
            }
        },
        {
            "year": "2009",
            "data": {
                "AT": 116.0125,
                "BE": 5.325000000000001,
                "BG": 20.468482684282748,
                "HR": 35.07500000000002,
                "CY": 0.6749999999999998,
                "CZ": 8.625,
                "DK": 4.837499999999999,
                "EE": 4.945104163362043,
                "FI": 29.33367020879012,
                "FR": 581.5881042946849,
                "DE": 324.71210535883597,
                "EL": 46.62499999999999,
                "HU": 31.16396423869645,
                "IE": 1.9146972015741144,
                "IT": 2175.7085753973224,
                "LV": 0.7400386592285249,
                "LT": 3.6242439403696167,
                "PL": 104.34677371916412,
                "PT": 239.09430825574398,
                "RO": 120.64467859517653,
                "SK": 40.35,
                "SI": 19.200000000000006,
                "ES": 468.41159800302233,
                "SE": 8.887500000000003,
                "UK": 133.77972207329114
            }
        },
        {
            "year": "2010",
            "data": {
                "AT": 133.38750000000002,
                "BE": 4.387500000000001,
                "BG": 22.80873230343248,
                "HR": 34.17500000000001,
                "CY": 0.41250000000000026,
                "CZ": 8.625,
                "DK": 5.0546703792017444,
                "EE": 5.725336519336787,
                "FI": 34.27171311640199,
                "FR": 639.4284607431204,
                "DE": 353.9933925847982,
                "EL": 38.1625,
                "HU": 39.88633435109708,
                "IE": 1.7241507027123804,
                "IT": 2839.4860719065973,
                "LV": 0.8906275387100996,
                "LT": 3.4698789953001534,
                "PL": 117.50325532534964,
                "PT": 254.72988236750402,
                "RO": 125.27803834110763,
                "SK": 46.35000000000001,
                "SI": 16.65,
                "ES": 472.5653129587674,
                "SE": 9.712500000000002,
                "UK": 191.35207312934693
            }
        },
        {
            "year": "2011",
            "data": {
                "AT": 141.2125,
                "BE": 5.587500000000002,
                "BG": 27.197006842193783,
                "HR": 33.47500000000001,
                "CY": 0.3375,
                "CZ": 8.625,
                "DK": 3.987079166694649,
                "EE": 6.683885605834843,
                "FI": 36.99590181943972,
                "FR": 726.689109195479,
                "DE": 376.7327807029823,
                "EL": 24.512500000000006,
                "HU": 43.857744418212576,
                "IE": 2.3434588509316767,
                "IT": 2873.3122564140635,
                "LV": 0.9635543580708807,
                "LT": 3.6461523476248234,
                "PL": 123.2399505229384,
                "PT": 273.2166758299947,
                "RO": 142.47497849022395,
                "SK": 54.26250000000001,
                "SI": 25.65000000000001,
                "ES": 478.6921813240898,
                "SE": 10.950000000000005,
                "UK": 236.50817910385842
            }
        },
        {
            "year": "2012",
            "data": {
                "AT": 140.0125,
                "BE": 5.587500000000002,
                "BG": 25.28774205287303,
                "HR": 36.62499999999999,
                "CY": 0.2250000000000001,
                "CZ": 8.625000000000002,
                "DK": 3.8280311887717526,
                "EE": 6.370652647813658,
                "FI": 36.961059855628726,
                "FR": 797.5822287386369,
                "DE": 358.1556791712272,
                "EL": 22.1625,
                "HU": 42.17535969277022,
                "IE": 2.360120511559272,
                "IT": 3062.833661404029,
                "LV": 1.3006842843832849,
                "LT": 4.094951074794595,
                "PL": 113.80603544306271,
                "PT": 280.01909164404856,
                "RO": 141.01004953185569,
                "SK": 45.37500000000001,
                "SI": 18.825,
                "ES": 440.42985821070937,
                "SE": 9.8625,
                "UK": 186.43168500168525
            }
        },
        {
            "year": "2013",
            "data": {
                "AT": 147.9125,
                "BE": 5.587500000000002,
                "BG": 25.123500718345745,
                "HR": 36.52500000000003,
                "CY": 0.18749999999999994,
                "CZ": 8.625000000000002,
                "DK": 6.339987370690809,
                "EE": 6.91807619968499,
                "FI": 35.08684172169196,
                "FR": 788.2196706702257,
                "DE": 357.74749044296374,
                "EL": 17.300000000000004,
                "HU": 48.985156281156385,
                "IE": 2.0883977900552484,
                "IT": 3262.065644131284,
                "LV": 1.343165636457214,
                "LT": 4.196977061142549,
                "PL": 131.58664234330044,
                "PT": 306.5347610312293,
                "RO": 145.27362201807685,
                "SK": 47.25000000000003,
                "SI": 20.4375,
                "ES": 483.3997227916626,
                "SE": 9.712500000000002,
                "UK": 219.60395787872852
            }
        },
        {
            "year": "2014",
            "data": {
                "AT": 154.98749999999995,
                "BE": 5.587500000000002,
                "BG": 27.135548413426285,
                "HR": 37.225,
                "CY": 0.1875,
                "CZ": 8.625000000000005,
                "DK": 8.046265989166265,
                "EE": 6.780770393331758,
                "FI": 34.20675404338482,
                "FR": 833.5801224833009,
                "DE": 361.29643731224746,
                "EL": 23.437500000000004,
                "HU": 51.48138789746883,
                "IE": 2.377414075286416,
                "IT": 3458.949780419019,
                "LV": 1.327773791399406,
                "LT": 4.1922464178932755,
                "PL": 150.29834521050591,
                "PT": 334.98672184271925,
                "RO": 159.86912283505097,
                "SK": 53.100000000000016,
                "SI": 24.2625,
                "ES": 522.4225854645563,
                "SE": 8.3625,
                "UK": 227.9295645898193
            }
        },
        {
            "year": "2015",