{
    "type": "bD3511",
    "range_thresholds": [
        0.09566876339511474,
        3.2426313131076903,
        3.3500193903782685,
        11.137436213015896,
        12.395983334293339,
        48.36859926626954,
        48.46441116688055,
        138.88378417634294,
        139.09018516131272,
        206.6844076759459,
        211.06111162912015,
        733.1191305338733
    ],
    "series": [
        {
            "year": "2008",
            "data": {
                "AT": 144.90718516630474,
                "BE": 111.36648715349169,
                "BG": 0.1634715757295295,
                "HR": 0.34488732011946777,
                "CY": 0.5474083627878585,
                "DK": 79.64946744592527,
                "EE": 0.3226863670684356,
                "FI": 248.58604733919896,
                "FR": 116.735392544993,
                "EL": 9.039229454235837,
                "HU": 44.7760677719974,
                "IT": 170.96863489688744,
                "LV": 1.768306901028741,
                "LT": 0.5021216585457726,
                "LU": 1.1297694323888872,
                "PL": 61.70685149623611,
                "PT": 82.28981076234791,
                "RO": 0.43051474086202174,
                "SK": 18.300263642400587,
                "SI": 4.504587017523863,
                "ES": 97.30362227141107,
                "SE": 266.06556796169275,
                "UK": 138.88378417634294
            }
        },
        {
            "year": "2009",
            "data": {
                "AT": 149.08985813501968,
                "BE": 122.78650224268692,
                "BG": 0.09566876339511474,
                "HR": 0.3910128129904589,
                "CY": 1.3435210951673073,
                "DK": 46.952953302366495,
                "EE": 6.719975854656068,
                "FI": 222.69367249471503,
                "FR": 129.99515656740516,
                "EL": 10.677028355781212,
                "HU": 58.052315506719026,
                "IT": 241.00469418129185,
                "LV": 1.7910230216041962,
                "LT": 0.5176887818564591,
                "LU": 1.1631856064718906,
                "PL": 115.03051027116086,
                "PT": 89.54347519479794,
                "RO": 0.2291467633163972,
                "SK": 24.15265738753884,
                "SI": 2.940605140832796,
                "ES": 104.09987256990816,
                "SE": 286.6219671729148,
                "UK": 160.57264357611814
            }
        },
        {
            "year": "2010",
            "data": {
                "AT": 133.85652529697649,
                "BE": 129.2583037748463,
                "BG": 0.5343420520473627,
                "HR": 0.4670931836170728,
                "CY": 2.127003903064869,
                "DK": 130.25652072750177,
                "EE": 9.783929202110848,
                "FI": 266.7056661408466,
                "FR": 131.5641483297176,
                "EL": 4.9678625048210385,
                "HU": 57.021031173413974,
                "IT": 305.36028740191426,
                "LV": 2.054731937964097,
                "LT": 2.3225607978541847,
                "LU": 1.0574136432899253,
                "PL": 154.60833514857472,
                "PT": 114.37540265410456,
                "RO": 2.860690133021609,
                "SK": 21.298843788777372,
                "SI": 3.3801574478224063,
                "ES": 80.46035049484317,
                "SE": 379.3363997988465,
                "UK": 181.1979231817984
            }
        },
        {
            "year": "2011",
            "data": {
                "AT": 123.09438599677604,
                "BE": 132.17838598733564,
                "BG": 0.8958772500733089,
                "HR": 1.0050344495997636,
                "CY": 3.2426313131076903,
                "DK": 118.52034092123722,
                "EE": 12.472328089867695,
                "FI": 262.83169229716543,
                "FR": 148.21143606667127,
                "EL": 5.221475317272863,
                "HU": 42.84319684991252,
                "IT": 376.18834267758143,
                "LV": 4.081055298693311,
                "LT": 1.896277852495586,
                "LU": 1.4436154082753463,
                "PL": 192.57256110221104,
                "PT": 130.33782937984643,
                "RO": 4.943254963937541,
                "SK": 23.935346260059863,
                "SI": 5.230072660268099,
                "ES": 179.95401973603558,
                "SE": 352.81652274215173,
                "UK": 227.38662421995076
            }
        },
        {
            "year": "2012",
            "data": {
                "AT": 134.31032147689396,
                "BE": 159.41158991503184,
                "BG": 1.5600701559867425,
                "HR": 1.8187508048614904,
                "CY": 3.991348095368187,
                "DK": 94.5780283852312,
                "EE": 15.47381480316275,
                "FI": 249.16460914937926,
                "FR": 154.952297441917,
                "EL": 5.029002716803998,
                "HU": 41.530604769864006,
                "IT": 469.6570425316297,
                "LV": 9.744540210110193,
                "LT": 3.836602792168564,
                "LU": 1.4211326630766103,
                "PL": 260.97441495707324,
                "PT": 150.30056758482638,
                "RO": 6.15690091961252,
                "SK": 27.48463717433118,
                "SI": 5.841436476776626,
                "ES": 204.2222076851527,
                "SE": 335.53797587670584,
                "UK": 206.6844076759459
            }
        },
        {
            "year": "2013",
            "data": {
                "AT": 132.53198084751762,
                "BE": 144.22213884073827,
                "BG": 2.9055876408010186,
                "HR": 2.9891465791045713,
                "CY": 3.8145646810366616,
                "DK": 144.6159259436221,
                "EE": 10.830707734102145,
                "FI": 291.44949981270304,
                "FR": 160.59693855329738,
                "EL": 5.214787619090608,
                "HU": 48.46441116688055,
                "IT": 681.0643850293102,
                "LV": 17.40866857040999,
                "LT": 11.137436213015896,
                "LU": 1.881524452639065,
                "PL": 194.3838574647957,
                "PT": 139.7750539178401,
                "RO": 10.796495288166122,
                "SK": 26.452984737336163,
                "SI": 4.974323309309584,
                "ES": 218.73379655865017,
                "SE": 284.41500691442695,
                "UK": 167.52502628199306
            }
        },
        {
            "year": "2014",
            "data": {
                "AT": 128.55880633577237,
                "BE": 140.42857079557788,
                "BG": 4.588844994550907,
                "HR": 4.4712127761805425,
                "CY": 3.1566288002996736,
                "DK": 143.60728170451648,
                "EE": 15.841260835669214,
                "FI": 299.34443696686594,
                "FR": 174.23702975089654,
                "EL": 10.432678661437672,
                "HU": 52.920704965173826,
                "IT": 689.3065355438388,
                "LV": 40.18131465559176,
                "LT": 14.948650551303446,
                "LU": 2.2423355329601127,
                "PL": 243.65550253757272,
                "PT": 138.13946754842394,
                "RO": 15.269839679616814,
                "SK": 40.39148554044643,
                "SI": 4.398569552236219,
                "ES": 151.56000791612087,
                "SE": 251.1564354196369,
                "UK": 188.3328946682292
            }
        },
        {
            "year": "2015",
            "data": {
                "AT": 122.71962995989323,
                "BE": 151.19935866380604,
                "BG": 5.975615987492237,
                "HR": 6.174641523304329,
                "CY": 3.3500193903782685,