{
    "type": "bC22",
    "range_thresholds": [
        0.07286698540028624,
        1.0051342760766506,
        1.045717549640059,
        4.258656375635826,
        4.50185115305116,
        27.65622897085918,
        27.755952182248866,
        107.94815393787329,
        108.68397356705604,
        262.7765747565174,
        267.7275751534894,
        1002.4312940973281
    ],
    "series": [
        {
            "year": "2008",
            "data": {
                "AT": 21.23907083373236,
                "BE": 33.84756896801889,
                "BG": 1.6972080958353426,
                "HR": 3.4681593541607736,
                "CY": 0.5293214273570839,
                "CZ": 234.73083309212245,
                "DK": 11.741476020691204,
                "EE": 1.3008348492031347,
                "FI": 84.88418436616425,
                "FR": 520.8666721049242,
                "DE": 856.2896738003825,
                "EL": 9.39907518566984,
                "HU": 42.6206327628774,
                "IE": 4.592476104074551,
                "IT": 323.0983123123149,
                "LV": 0.5929191574400964,
                "LT": 1.045717549640059,
                "LU": 0.17036954625845482,
                "MT": 0.09617835997557812,
                "NL": 3.2531474081316216,
                "PL": 149.79364581284938,
                "PT": 77.44417228803256,
                "RO": 39.90713921254969,
                "SK": 50.17252530673603,
                "SI": 28.570178348342143,
                "ES": 380.72766249160486,
                "SE": 27.093271036740642,
                "UK": 364.8354107829243
            }
        },
        {
            "year": "2009",
            "data": {
                "AT": 15.988158016848773,
                "BE": 33.25406274527827,
                "BG": 1.7506927568660595,
                "HR": 3.118717660620669,
                "CY": 0.6392959205538467,
                "CZ": 234.96862928067048,
                "DK": 10.392855225724718,
                "EE": 1.6151984444584118,
                "FI": 84.36162638918906,
                "FR": 529.334199551723,
                "DE": 701.3935307960568,
                "EL": 11.053375498654404,
                "HU": 46.85331155270422,
                "IE": 3.2984946266823605,
                "IT": 320.3105962752481,
                "LV": 0.31605758827222763,
                "LT": 0.6248488888499731,
                "LU": 0.2037705922572827,
                "MT": 0.07997622754033333,
                "NL": 3.2222183764116736,
                "PL": 139.4139980917785,
                "PT": 83.50382175370422,
                "RO": 53.20378406603989,
                "SK": 48.20067892163146,
                "SI": 24.61887437210473,
                "ES": 320.2118410051037,
                "SE": 20.812238183594946,
                "UK": 222.5823039283904
            }
        },
        {
            "year": "2010",
            "data": {
                "AT": 16.262566799892646,
                "BE": 30.29167098520745,
                "BG": 1.985949251714758,
                "HR": 2.180744323081383,
                "CY": 0.6122147056685472,
                "CZ": 234.80567946354847,
                "DK": 8.732886792797736,
                "EE": 1.6978941549393545,
                "FI": 81.87650206714349,
                "FR": 593.9591188118345,
                "DE": 797.9114793988975,
                "EL": 8.478812033021986,
                "HU": 66.03951340802541,
                "IE": 4.094355422610594,
                "IT": 377.58633473446014,
                "LV": 0.5089608456598859,
                "LT": 0.8579872710295847,
                "LU": 0.15006250063888724,
                "MT": 0.07286698540028624,
                "NL": 3.5499914046548198,
                "PL": 169.81421467239028,
                "PT": 100.99436283994068,
                "RO": 69.20935295100658,
                "SK": 59.82111473881186,
                "SI": 31.214665672226893,
                "ES": 372.16849983404165,
                "SE": 28.651874916754217,
                "UK": 240.11542989624317
            }
        },
        {
            "year": "2011",
            "data": {
                "AT": 18.77267374247301,
                "BE": 30.32086455031304,
                "BG": 2.47896003393319,
                "HR": 2.081031096086305,
                "CY": 0.525471133246594,
                "CZ": 235.07854057900943,
                "DK": 9.64108184052208,
                "EE": 1.7514973479652298,
                "FI": 81.63086883792101,
                "FR": 649.1298729390749,
                "DE": 861.2033748296683,
                "EL": 7.7749212023129735,
                "HU": 94.74113277995808,
                "IE": 4.155725528180606,
                "IT": 422.12072290128174,
                "LV": 0.5549586220624116,
                "LT": 0.9116760445342336,
                "LU": 0.12381250052712856,
                "MT": 0.11133717890450416,
                "NL": 3.416535414510358,
                "PL": 177.46303129862494,
                "PT": 110.08466922697929,
                "RO": 63.25175021521586,
                "SK": 87.58054264503225,
                "SI": 23.381615360107702,
                "ES": 367.2339094418073,
                "SE": 26.670305220295067,
                "UK": 267.7275751534894
            }
        },
        {
            "year": "2012",
            "data": {
                "AT": 16.362361957424,
                "BE": 37.215807691291865,
                "BG": 2.2550487771125383,
                "HR": 2.102308723967707,
                "CY": 0.4495449145453019,
                "CZ": 234.6435486675053,
                "DK": 9.221033782147668,
                "EE": 1.9157092917244605,
                "FI": 77.46295822193653,
                "FR": 698.3427440470274,
                "DE": 866.0307692597809,
                "EL": 6.002194435957519,
                "HU": 107.94815393787329,
                "IE": 4.50185115305116,
                "IT": 401.7340494451651,
                "LV": 0.5612291454659584,
                "LT": 1.0051342760766506,
                "LU": 0.12468750053085385,
                "MT": 0.11155188447783572,
                "NL": 3.4033711699170737,
                "PL": 174.0453319515446,
                "PT": 120.60695449312318,
                "RO": 80.21766220937913,
                "SK": 120.91031968313969,
                "SI": 27.861227389195452,
                "ES": 396.2286380666487,
                "SE": 29.36106678514361,
                "UK": 252.455619864222
            }
        },
        {
            "year": "2013",
            "data": {
                "AT": 17.186110693282703,
                "BE": 32.20801298413831,
                "BG": 2.9631942760058827,
                "HR": 2.1929397318384947,
                "CY": 0.4341654542538317,
                "CZ": 234.60388365471886,
                "DK": 9.353224389867997,
                "EE": 1.6204369102497143,
                "FI": 58.78671074668669,
                "FR": 662.2628323151198,
                "DE": 857.3878950387733,
                "EL": 3.8200131810827034,
                "HU": 108.68397356705604,
                "IE": 4.874669850670159,
                "IT": 391.529907401062,
                "LV": 0.5801037950517085,
                "LT": 0.7915038403969666,
                "LU": 0.1413125006016344,
                "MT": 0.1115861969172858,
                "NL": 3.383820173675468,
                "PL": 199.66364169886228,
                "PT": 130.17660297753395,
                "RO": 97.47961955163127,
                "SK": 148.01898712855274,
                "SI": 25.98490358360792,
                "ES": 373.4001482779275,
                "SE": 28.010250935400208,
                "UK": 282.02184191623434
            }
        },
        {
            "year": "2014",
            "data": {
                "AT": 16.188122330284894,