{
    "type": "bC13",
    "range_thresholds": [
        0.17608755247693414,
        15.422244452807355,
        15.509762588489801,
        37.253213890568105,
        38.63691044344175,
        60.01611587244192,
        60.68740612303521,
        181.8534706039132,
        184.0228846545017,
        468.7725665192887,
        473.7261864973754,
        2726.277258030828
    ],
    "series": [
        {
            "year": "2008",
            "data": {
                "AT": 181.8534706039132,
                "BE": 363.92621278099233,
                "BG": 45.07715383839899,
                "HR": 30.312893783218943,
                "CY": 5.0613072347298464,
                "CZ": 229.6710419369973,
                "DK": 79.5433563930505,
                "EE": 24.49193806105937,
                "FI": 86.70935171478399,
                "FR": 781.3334697802612,
                "DE": 1128.921181082156,
                "EL": 144.54860520341813,
                "HU": 39.91323734915944,
                "IE": 24.6731383988836,
                "IT": 2679.3699524580084,
                "LV": 9.077127697519911,
                "LT": 41.6579866121539,
                "LU": 1.1168869136082928,
                "MT": 0.2936608440320124,
                "PL": 268.67546554728693,
                "PT": 331.62674974641135,
                "RO": 161.75856626399963,
                "SK": 17.018693548020035,
                "SI": 65.84355676410942,
                "ES": 600.9857816041838,
                "SE": 102.44445871929271,
                "UK": 918.5400079733816
            }
        },
        {
            "year": "2009",
            "data": {
                "AT": 158.79552605237112,
                "BE": 346.0174091004611,
                "BG": 28.037755319791607,
                "HR": 24.62140800726901,
                "CY": 4.320900371189956,
                "CZ": 215.6958423092043,
                "DK": 62.67845831786267,
                "EE": 16.453613372979806,
                "FI": 69.16305583497657,
                "FR": 679.9083697514246,
                "DE": 927.9276632276365,
                "EL": 124.64630516588647,
                "HU": 32.998838939596354,
                "IE": 19.296375283028386,
                "IT": 2229.208538733491,
                "LV": 4.794969738341288,
                "LT": 30.459400429604305,
                "LU": 1.0826333637448982,
                "MT": 0.2847961413372658,
                "PL": 212.53863373014386,
                "PT": 279.42862871343397,
                "RO": 96.60211748574044,
                "SK": 12.588366807971505,
                "SI": 42.8744867183405,
                "ES": 461.29290271314835,
                "SE": 83.31418034879484,
                "UK": 685.4993700852233
            }
        },
        {
            "year": "2010",
            "data": {
                "AT": 179.13392758063281,
                "BE": 367.27238154855394,
                "BG": 29.303098218641118,
                "HR": 21.8637066962147,
                "CY": 4.000216013326718,
                "CZ": 205.37357562600639,
                "DK": 57.06180329921293,
                "EE": 16.57615295766898,
                "FI": 62.45033661341796,
                "FR": 763.4289161020309,
                "DE": 1006.5814763170654,
                "EL": 99.7514273868202,
                "HU": 33.766816176299585,
                "IE": 15.896985643262365,
                "IT": 2578.7318924941383,
                "LV": 5.70091463140952,
                "LT": 34.27988038926923,
                "LU": 1.24704564922745,
                "MT": 0.19235813785917874,
                "PL": 229.78395428070087,
                "PT": 311.4885890208868,
                "RO": 113.58275135809534,
                "SK": 20.907947102892724,
                "SI": 51.61038289427802,
                "ES": 494.53690303371246,
                "SE": 96.0694196581472,
                "UK": 704.291362772693
            }
        },
        {
            "year": "2011",
            "data": {
                "AT": 176.55331462646174,
                "BE": 350.3181681938624,
                "BG": 32.858359852921325,
                "HR": 20.460001118336876,
                "CY": 3.987814044368833,
                "CZ": 198.29474009745525,
                "DK": 56.71664867575664,
                "EE": 15.422244452807355,
                "FI": 61.874155985797174,
                "FR": 711.1219320961592,
                "DE": 1057.1437126461456,
                "EL": 91.5511471574692,
                "HU": 40.154714675823776,
                "IE": 13.456768580164642,
                "IT": 2726.277258030828,
                "LV": 3.895626038367863,
                "LT": 42.71617339645674,
                "LU": 1.1823998431762257,
                "MT": 0.18563605882395767,
                "PL": 234.2125403393001,
                "PT": 281.2583940956197,
                "RO": 113.04365967896808,
                "SK": 24.96640278189448,
                "SI": 43.93402951933222,
                "ES": 468.7725665192887,
                "SE": 95.65096956472792,
                "UK": 660.0487458701602
            }
        },
        {
            "year": "2012",
            "data": {
                "AT": 171.91233760444928,
                "BE": 316.89890807964133,
                "BG": 32.60697434640353,
                "HR": 17.659974879980137,
                "CY": 3.116036849341528,
                "CZ": 199.53308871599125,
                "DK": 55.48992722200239,
                "EE": 17.430855889022233,
                "FI": 58.20825724076732,
                "FR": 658.8173122011942,
                "DE": 1001.2249766792572,
                "EL": 58.608396986309536,
                "HU": 35.7564936029512,
                "IE": 13.85101985537584,
                "IT": 2283.7737325911858,
                "LV": 6.762542992401501,
                "LT": 42.98729519963148,
                "LU": 1.1657644516261647,
                "MT": 0.18373010453115335,
                "PL": 211.21908378214488,
                "PT": 268.45744067085656,
                "RO": 112.50305538672028,
                "SK": 19.428038315700547,
                "SI": 43.15220710316244,
                "ES": 440.7744319122654,
                "SE": 92.6700452303515,
                "UK": 801.3188421952863
            }
        },
        {
            "year": "2013",
            "data": {
                "AT": 175.30552367134848,
                "BE": 305.47166663784685,
                "BG": 39.43543200208837,
                "HR": 15.509762588489801,
                "CY": 2.431924011518814,
                "CZ": 178.87287349681202,
                "DK": 58.992677706928156,
                "EE": 16.749517779369253,
                "FI": 55.699766525288155,
                "FR": 686.4768562699602,
                "DE": 998.5876817144052,
                "EL": 48.19375505520074,
                "HU": 37.253213890568105,
                "IE": 16.102799616918954,
                "IT": 2293.327071911206,
                "LV": 7.735657088179784,
                "LT": 43.908920963987036,
                "LU": 1.1555908024509136,
                "MT": 0.1836869594327792,
                "PL": 217.44661755325907,
                "PT": 299.471989153768,
                "RO": 126.29868980076552,
                "SK": 20.113391753239906,
                "SI": 43.94890569400296,
                "ES": 460.1343085053616,
                "SE": 92.37351329776348,
                "UK": 718.4741392400945
            }
        },
        {
            "year": "2014",
            "data": {
                "AT": 191.5636454063913,
                "BE": 328.2296588162055,
                "BG": 38.63691044344175,
                "HR": 15.529601625611479,
                "CY": 2.613375867881484,
                "CZ": 176.56300123369786,
                "DK": 59.094517980151174,