{
    "type": "bC16",
    "range_thresholds": [
        2.3,
        130.4248571144938,
        135.2402901095073,
        252.01275045870307,
        256.6541884797179,
        530.1,
        537.1614519432991,
        837.4251562494278,
        847.6454466769023,
        2121.1153182462403,
        2162.8918379545253,
        6737.2527998862215
    ],
    "series": [
        {
            "year": "2008",
            "data": {
                "AT": 2029.589457396127,
                "BE": 812.6303002017116,
                "BG": 92.30952945627384,
                "HR": 192.1172235293454,
                "CY": 89.68122856303093,
                "CZ": 837.3893077967389,
                "DK": 695.4000000000002,
                "EE": 245.5077497396627,
                "FI": 1184.428429641857,
                "FR": 3385.7869597563194,
                "DE": 5643.412556811927,
                "EL": 256.7622679588108,
                "HU": 252.01275045870307,
                "IE": 324.6,
                "IT": 4659.510637783646,
                "LV": 310.31832807067696,
                "LT": 199.149272034209,
                "LU": 5.4,
                "MT": 2.3,
                "NL": 709.6864505909589,
                "PL": 1977.7063160604043,
                "PT": 756.4380370951318,
                "RO": 566.0378104204102,
                "SK": 149.48425096589844,
                "SI": 214.34284882092115,
                "ES": 2943.9421612301435,
                "SE": 1890.004912177164,
                "UK": 3690.228213202383
            }
        },
        {
            "year": "2009",
            "data": {
                "AT": 1745.4457416627054,
                "BE": 770.7932659991765,
                "BG": 73.57067109227927,
                "HR": 171.27636752483969,
                "CY": 80.58100577810151,
                "CZ": 837.1125941068132,
                "DK": 508.19999999999993,
                "EE": 210.6904254970666,
                "FI": 820.3504838347667,
                "FR": 3010.5533125140255,
                "DE": 5070.850103655591,
                "EL": 291.46232058251206,
                "HU": 173.29905657167114,
                "IE": 264.20000000000005,
                "IT": 4014.995658222521,
                "LV": 224.93195997036696,
                "LT": 167.9454577115565,
                "LU": 5.4,
                "MT": 3.2,
                "NL": 666.7538034662341,
                "PL": 1497.3089061532642,
                "PT": 607.5807037228393,
                "RO": 458.6575017416512,
                "SK": 130.4248571144938,
                "SI": 157.61024106986414,
                "ES": 2195.134541875861,
                "SE": 1627.7846281370587,
                "UK": 2207.842642336192
            }
        },
        {
            "year": "2010",
            "data": {
                "AT": 1993.5507204833207,
                "BE": 760.3084851115718,
                "BG": 80.711848801222,
                "HR": 119.9690487230378,
                "CY": 70.78522858202159,
                "CZ": 837.4186112371273,
                "DK": 492.1,
                "EE": 282.90945722233505,
                "FI": 1144.3147084055825,
                "FR": 3165.7851078190583,
                "DE": 5972.933484273781,
                "EL": 279.9408626012437,
                "HU": 188.99632167592793,
                "IE": 216.0,
                "IT": 4026.305995058667,
                "LV": 381.2309365416181,
                "LT": 177.59005277297845,
                "LU": 5.4,
                "MT": 2.9,
                "NL": 624.1939331336296,
                "PL": 1610.0527303297185,
                "PT": 681.0221886897901,
                "RO": 537.1614519432991,
                "SK": 400.2773983060853,
                "SI": 168.67486129285413,
                "ES": 2042.900756664993,
                "SE": 2049.9908974319264,
                "UK": 2549.08834637716
            }
        },
        {
            "year": "2011",
            "data": {
                "AT": 2078.417590354362,
                "BE": 795.9084167513985,
                "BG": 85.40961034304816,
                "HR": 162.69737397046987,
                "CY": 62.29278289760169,
                "CZ": 837.4183361455493,
                "DK": 473.09999999999985,
                "EE": 326.6963490663019,
                "FI": 1125.7738955743732,
                "FR": 3189.6728816769128,
                "DE": 6188.6220423863415,
                "EL": 173.52594147131126,
                "HU": 181.33760363626038,
                "IE": 216.50000000000003,
                "IT": 4277.9947801857725,
                "LV": 393.8505532431447,
                "LT": 196.95405298459343,
                "LU": 5.4,
                "MT": 2.9,
                "NL": 660.3025157338258,
                "PL": 1701.7653911480752,
                "PT": 628.9247672816405,
                "RO": 601.2576059274078,
                "SK": 330.1697624667172,
                "SI": 182.05090203548323,
                "ES": 1827.9863111294687,
                "SE": 1860.8770754400011,
                "UK": 2737.1322435429565
            }
        },
        {
            "year": "2012",
            "data": {
                "AT": 1929.656746582587,
                "BE": 775.4654463315388,
                "BG": 88.77654315435178,
                "HR": 168.40099610923747,
                "CY": 52.59621385643402,
                "CZ": 837.136212611452,
                "DK": 483.4,
                "EE": 336.52206771521617,
                "FI": 1087.6908184282097,
                "FR": 3035.911382969197,
                "DE": 5741.763261365362,
                "EL": 117.80765511335663,
                "HU": 172.8425863156055,
                "IE": 225.4,
                "IT": 3684.839349084031,
                "LV": 411.17408975825964,
                "LT": 187.11546966941108,
                "LU": 5.4,
                "MT": 2.9,
                "NL": 611.9289300998572,
                "PL": 1544.7142858001284,
                "PT": 605.4802575567734,
                "RO": 597.1912107575987,
                "SK": 229.68667510141842,
                "SI": 177.64484000902843,
                "ES": 1581.5255525694213,
                "SE": 1779.233437441813,
                "UK": 3198.2373348554884
            }
        },
        {
            "year": "2013",
            "data": {
                "AT": 1958.426362020914,
                "BE": 710.8137646742916,
                "BG": 97.42356619964676,
                "HR": 176.80351505464836,
                "CY": 32.39813589500391,
                "CZ": 837.4251562494278,
                "DK": 484.2,
                "EE": 381.9008713489313,
                "FI": 1119.854577204992,
                "FR": 2922.390779443757,
                "DE": 5886.431401937489,
                "EL": 63.36402703680437,
                "HU": 181.4619827979445,
                "IE": 231.8,
                "IT": 3582.3744983557713,
                "LV": 420.98025702701887,
                "LT": 224.59896269520425,
                "LU": 5.1,
                "MT": 2.9,
                "NL": 466.6104260890264,
                "PL": 1722.3954090644079,
                "PT": 613.7210000852643,
                "RO": 617.7851897648768,
                "SK": 206.69778417796383,
                "SI": 185.14877731817612,
                "ES": 1469.8113271053878,
                "SE": 1859.819454631896,
                "UK": 3074.514932689485
            }
        },
        {
            "year": "2014",
            "data": {
                "AT": 1983.3555540584248,
                "BE": 732.9504263208748,
                "BG": 106.3419591757621,
                "HR": 206.24201512854856,
                "CY": 30.79761678080389,
                "CZ": 837.4102151008686,
                "DK": 500.19999999999993,
                "EE": 425.5906967195935,
                "FI": 1165.0566730470316,