{
    "type": "Bioeth",
    "range_thresholds": [
        0.0,
        0.06668740836142349,
        0.07426745968960745,
        4.674913543669576,
        4.687767268375663,
        15.633232754964368,
        16.672922425360227,
        72.22904449282683,
        87.74964672452161,
        355.7566244957636
    ],
    "series": [
        {
            "year": "2008",
            "data": {
                "AT": 0.0,
                "BE": 72.13337484407744,
                "BG": 1.0630704371557438,
                "HR": 0.4805343326304232,
                "EE": 0.2850005289865721,
                "FI": 3.2534627131232847,
                "FR": 167.79276765367908,
                "DE": 49.74265886502914,
                "EL": 10.280283451521706,
                "HU": 2.6050230958497926,
                "IE": 0.0,
                "IT": 20.824944996175123,
                "LV": 0.0,
                "LT": 5.217952994707543,
                "NL": 68.22566537672922,
                "PL": 52.699937875988034,
                "PT": 0.21588598413261265,
                "RO": 5.049421977134043,
                "SK": 1.7030437683387512,
                "SI": 0.0,
                "ES": 63.22601962814547,
                "SE": 148.39646308893597,
                "UK": 165.02836947215874
            }
        },
        {
            "year": "2009",
            "data": {
                "AT": 0.0,
                "BE": 89.34813303328795,
                "BG": 0.17229331812891302,
                "HR": 0.5238092565781546,
                "EE": 0.007145584175454716,
                "FI": 3.43064830374854,
                "FR": 239.38566114256287,
                "DE": 64.00623307870555,
                "EL": 16.672922425360227,
                "HU": 3.77112293324018,
                "IE": 0.0,
                "IT": 9.830506213538838,
                "LV": 0.0,
                "LT": 11.309200721716325,
                "NL": 64.43472187612967,
                "PL": 36.37143063863818,
                "PT": 0.13903111421356465,
                "RO": 11.145399413283762,
                "SK": 3.2535697516431945,
                "SI": 0.0,
                "ES": 24.894582371604795,
                "SE": 127.11612806501059,
                "UK": 190.22553724382968
            }
        },
        {
            "year": "2010",
            "data": {
                "AT": 0.0,
                "BE": 102.66370585763559,
                "BG": 2.1789685658997406,
                "HR": 0.5648989379906689,
                "EE": 0.006551555102183094,
                "FI": 7.009770099945888,
                "FR": 305.57087023322015,
                "DE": 89.94407089886198,
                "EL": 12.774982692168734,
                "HU": 3.003771497290016,
                "IE": 0.0,
                "IT": 7.435560949298812,
                "LV": 0.0,
                "LT": 12.514053387006815,
                "NL": 71.21938050395816,
                "PL": 40.70099512141375,
                "PT": 0.09346970702871372,
                "RO": 9.306581058338939,
                "SK": 5.657593367441052,
                "SI": 0.0,
                "ES": 43.98958672564273,
                "SE": 172.3196214214389,
                "UK": 201.3711983599265
            }
        },
        {
            "year": "2011",
            "data": {
                "AT": 0.0,
                "BE": 127.59241800147228,
                "BG": 7.193757129119843,
                "HR": 0.5141735810059992,
                "EE": 0.2207005999053176,
                "FI": 8.504937012624765,
                "FR": 297.462238059784,
                "DE": 110.95712750690869,
                "EL": 8.095773915386001,
                "HU": 3.2695893998617547,
                "IE": 0.0,
                "IT": 11.435048390531064,
                "LV": 0.0,
                "LT": 10.026730863552807,
                "NL": 51.798376699222864,
                "PL": 68.43653694099649,
                "PT": 0.1528388547860973,
                "RO": 4.54894413353372,
                "SK": 4.386092271869615,
                "SI": 0.0,
                "ES": 57.886910293826475,
                "SE": 176.00262174509254,
                "UK": 69.16687837344135
            }
        },
        {
            "year": "2012",
            "data": {
                "AT": 0.0,
                "BE": 142.87221397787266,
                "BG": 11.087259360050947,
                "HR": 0.7830477725046956,
                "EE": 0.051458123067645016,
                "FI": 9.078852571528602,
                "FR": 272.769321847884,
                "DE": 90.47688814948292,
                "EL": 11.215246433241155,
                "HU": 4.687767268375663,
                "IE": 0.0,
                "IT": 10.911528961249644,
                "LV": 0.0,
                "LT": 17.301860050160617,
                "NL": 67.28990655881132,
                "PL": 48.21831667255209,
                "PT": 0.05487394073768125,
                "RO": 3.5948964448361433,
                "SK": 2.9150920007313394,
                "SI": 0.0,
                "ES": 41.56613140732684,
                "SE": 181.84030103033746,
                "UK": 95.91610548442505
            }
        },
        {
            "year": "2013",
            "data": {
                "AT": 0.0,
                "BE": 158.7655744130841,
                "BG": 5.099392654967237,
                "HR": 0.5960745622569033,
                "EE": 0.023285404482724124,
                "FI": 8.851050842565632,
                "FR": 303.0192157874733,
                "DE": 90.7768250667792,
                "EL": 10.026875950248717,
                "HU": 8.078911034113224,
                "IE": 0.0,
                "IT": 13.346545034134131,
                "LV": 0.0,
                "LT": 19.87138433439298,
                "NL": 51.37728674866686,
                "PL": 48.167770200204075,
                "PT": 0.06668740836142349,
                "RO": 2.2888830447204827,
                "SK": 3.0374424912860576,
                "SI": 0.0,
                "ES": 29.30415149625649,
                "SE": 198.7860679262313,
                "UK": 110.19961124883574
            }
        },
        {
            "year": "2014",
            "data": {
                "AT": 0.0,
                "BE": 155.5779309970647,
                "BG": 6.525886734957969,
                "HR": 0.16504633366067722,
                "EE": 0.0882338031359793,
                "FI": 5.240825279193608,
                "FR": 355.7566244957636,
                "DE": 87.74964672452161,
                "EL": 8.176355112906109,
                "HU": 8.973345653700092,
                "IE": 0.0,
                "IT": 7.633164772714427,
                "LV": 0.0,
                "LT": 15.633232754964368,
                "NL": 44.644955638888064,
                "PL": 36.2313786740007,
                "PT": 0.08135802140514226,
                "RO": 3.877940819549523,
                "SK": 3.3898529460761524,
                "SI": 0.0,
                "ES": 37.106247055133814,
                "SE": 102.08673220854624,
                "UK": 118.93784180828995
            }
        },
        {
            "year": "2015",
            "data": {
                "AT": 0.0,
                "BE": 222.06706851787743,
                "BG": 12.757837383361135,
                "HR": 0.07426745968960745,
                "EE": 0.24687793260279997,
                "FI": 4.674913543669576,
                "FR": 306.7721768016393,
                "DE": 126.78792156036295,
                "EL": 12.692200251258173,
                "HU": 15.555817192391515,
                "IE": 0.0,
                "IT": 18.36346477866816,
                "LV": 0.0,
                "LT": 19.55806609859648,
                "NL": 72.22904449282683,
                "PL": 36.72840097725929,
                "PT": 0.09793235501453264,
                "RO": 3.5787671462542363,