{
    "type": "bC14",
    "range_thresholds": [
        0.641816090565369,
        19.587315804274965,
        20.040733780470898,
        43.39008962084584,
        45.56710327491952,
        66.84548838027283,
        67.5757788410215,
        172.61335230042417,
        172.90925181771894,
        421.4724395277809,
        428.8876884890609,
        3478.354725647164
    ],
    "series": [
        {
            "year": "2008",
            "data": {
                "AT": 101.0757591463365,
                "BE": 111.7667630001524,
                "BG": 172.90925181771894,
                "HR": 99.20069789034008,
                "CY": 7.3063664777546276,
                "CZ": 84.41425485571823,
                "DK": 41.01383563472343,
                "EE": 25.49031052744121,
                "FI": 58.77512949010994,
                "FR": 923.3749535237014,
                "DE": 841.7338288652567,
                "EL": 282.5663983614103,
                "HU": 102.08828566634287,
                "IE": 25.380912192380052,
                "IT": 3478.354725647164,
                "LV": 32.42977200769873,
                "LT": 57.54072632933436,
                "MT": 0.8022948096983086,
                "PL": 480.39203384129036,
                "PT": 467.14828208431817,
                "RO": 476.39912584211316,
                "SK": 54.39287385330275,
                "SI": 43.113733794007615,
                "ES": 984.2512058679956,
                "SE": 24.13249962627888,
                "UK": 514.0975129262591
            }
        },
        {
            "year": "2009",
            "data": {
                "AT": 93.7304596608525,
                "BE": 97.8989300078282,
                "BG": 149.01095992392328,
                "HR": 90.00662306768658,
                "CY": 6.5532915821675015,
                "CZ": 83.90016133227077,
                "DK": 34.25088948645968,
                "EE": 20.08298486992199,
                "FI": 43.39008962084584,
                "FR": 843.2437349580756,
                "DE": 690.9040491696887,
                "EL": 260.07872028232214,
                "HU": 76.84069456031159,
                "IE": 23.217975981308804,
                "IT": 2908.336239011431,
                "LV": 19.587315804274965,
                "LT": 40.8163147223876,
                "MT": 0.7813325331992858,
                "PL": 321.12467932206937,
                "PT": 397.96963035198166,
                "RO": 336.7809856470618,
                "SK": 46.42922107934313,
                "SI": 28.31878342717007,
                "ES": 815.0791641131932,
                "SE": 16.712960628560367,
                "UK": 274.4581578030451
            }
        },
        {
            "year": "2010",
            "data": {
                "AT": 86.29082509640808,
                "BE": 72.89953175796207,
                "BG": 139.99322211473742,
                "HR": 72.19269042658263,
                "CY": 5.0591743899535935,
                "CZ": 85.18213797798155,
                "DK": 34.347885510629894,
                "EE": 19.3043356759336,
                "FI": 40.33079776618319,
                "FR": 763.1916548676479,
                "DE": 711.3114832270031,
                "EL": 206.21321167803399,
                "HU": 76.19852688829971,
                "IE": 16.652865977439408,
                "IT": 2988.0505061614595,
                "LV": 23.16066679603108,
                "LT": 41.95229984336838,
                "MT": 0.7697441836406718,
                "PL": 326.38108340026145,
                "PT": 375.5977027792203,
                "RO": 334.8768423227429,
                "SK": 54.47791854408924,
                "SI": 26.094768515968735,
                "ES": 723.7558903609117,
                "SE": 15.35184766864289,
                "UK": 398.20879155196366
            }
        },
        {
            "year": "2011",
            "data": {
                "AT": 88.18548540118161,
                "BE": 66.04157746307855,
                "BG": 162.19253348379792,
                "HR": 67.5757788410215,
                "CY": 4.240416990477072,
                "CZ": 81.06108367856861,
                "DK": 33.26827407417298,
                "EE": 21.221397245583894,
                "FI": 40.26034645185247,
                "FR": 781.0257126965738,
                "DE": 792.5415212546885,
                "EL": 147.96677416061922,
                "HU": 82.41939397874464,
                "IE": 27.388329485510468,
                "IT": 3312.550115394029,
                "LV": 25.113592361781784,
                "LT": 51.780116844206034,
                "MT": 0.7620579076342442,
                "PL": 308.95489162708475,
                "PT": 370.77949499748115,
                "RO": 373.89835279357504,
                "SK": 61.24310023264554,
                "SI": 25.692149275588235,
                "ES": 675.3437814909984,
                "SE": 15.814008094453275,
                "UK": 378.05879029369873
            }
        },
        {
            "year": "2012",
            "data": {
                "AT": 77.53109402813388,
                "BE": 58.2510499417055,
                "BG": 159.31142364779052,
                "HR": 54.30842257038545,
                "CY": 2.8293258042235627,
                "CZ": 82.18714773381964,
                "DK": 29.564233737717966,
                "EE": 19.12197403651533,
                "FI": 39.36824770914495,
                "FR": 684.7647828412829,
                "DE": 751.0780255975574,
                "EL": 138.9169300240605,
                "HU": 82.83155102092245,
                "IE": 28.171436316862746,
                "IT": 2867.651021267293,
                "LV": 23.088874694886044,
                "LT": 49.2720974272649,
                "MT": 0.7447483557722685,
                "PL": 263.6552090919393,
                "PT": 340.94334648945807,
                "RO": 360.8252689321377,
                "SK": 51.92373477623715,
                "SI": 21.882564588237205,
                "ES": 594.6268573852071,
                "SE": 13.377099452839365,
                "UK": 374.78960413365564
            }
        },
        {
            "year": "2013",
            "data": {
                "AT": 73.6925896273233,
                "BE": 53.68822817769273,
                "BG": 165.53141214084428,
                "HR": 48.26237777268785,
                "CY": 1.6085320521405364,
                "CZ": 76.57642340335646,
                "DK": 31.249894543682426,
                "EE": 18.65832798113356,
                "FI": 52.47003063427957,
                "FR": 690.4417981245263,
                "DE": 733.8037202813806,
                "EL": 106.71602114372948,
                "HU": 71.94231304965405,
                "IE": 24.507646226100587,
                "IT": 2781.5581607200893,
                "LV": 24.398010242547603,
                "LT": 51.04543417517663,
                "MT": 0.7144170689107819,
                "PL": 264.8149445317814,
                "PT": 345.07480594155714,
                "RO": 377.08120854281,
                "SK": 48.48483981691113,
                "SI": 17.760684668840845,
                "ES": 504.17499264985656,
                "SE": 14.551845658205206,
                "UK": 357.75663592205103
            }
        },
        {
            "year": "2014",
            "data": {
                "AT": 69.72947065664798,
                "BE": 52.4615452543789,
                "BG": 172.142918462694,
                "HR": 50.76355437506393,
                "CY": 1.5520507544021391,
                "CZ": 73.74232787947828,
                "DK": 29.171048705156327,
                "EE": 20.30256690836981,
                "FI": 50.27148292446954,
                "FR": 751.1808930926845,
                "DE": 832.2036488100491,
                "EL": 94.2823430303567,
                "HU": 63.762256678490104,
                "IE": 26.931678508280694,