{
    "type": "1000_T_of_dry_matter_(Net_trade)",
    "range_thresholds": [
        1.2581461,
        861.0554713,
        874.503969659997,
        1998.8027525862,
        2003.5090758569,
        3843.931651216,
        4004.7858275429,
        5514.1971001,
        5539.8664801,
        13710.6043810282,
        13829.7801909999,
        43162.0521964962
    ],
    "series": [
        {
            "year": 2009,
            "data": {
                "BE": 5389.8504475,
                "BG": 1979.1183889,
                "CZ": 3843.931651216,
                "DK": 3748.83408729999,
                "DE": 22380.800683072,
                "EE": 1988.56564789852,
                "IE": 322.5291770712,
                "EL": 756.8620673,
                "ES": 8993.9480555,
                "FR": 18907.58852753,
                "HR": 1298.36698635945,
                "IT": 5485.706862146,
                "CY": 30.967146395,
                "LV": 4473.0400001,
                "LT": 1560.4875509738,
                "LU": 178.242445081159,
                "HU": 1763.27962229999,
                "MT": 1.2581461,
                "NL": 2240.0184877984,
                "AT": 9545.12527170772,
                "PL": 5116.5073201,
                "PT": 1083.70250929999,
                "RO": 13499.3212162999,
                "SI": 851.9327048584,
                "SK": 1475.775495617,
                "FI": 13710.6043810282,
                "SE": 22352.958007956,
                "UK": 2301.91963989079,
                "EU28": 155281.242524599
            }
        },
        {
            "year": 2010,
            "data": {
                "BE": 5230.08479372152,
                "BG": 2486.8433383,
                "CZ": 4004.7858275429,
                "DK": 4620.7380697,
                "DE": 24574.0363139307,
                "EE": 2044.26238415126,
                "IE": 324.5833409387,
                "EL": 861.0554713,
                "ES": 9260.77096809999,
                "FR": 18066.290213581,
                "HR": 1298.36698635945,
                "IT": 5485.948751536,
                "CY": 33.75506005635,
                "LV": 4398.9800001,
                "LT": 1774.37607634816,
                "LU": 167.79351901204,
                "HU": 1997.5847669,
                "MT": 1.3875073,
                "NL": 2240.0184877984,
                "AT": 10220.864095369,
                "PL": 5514.1971001,
                "PT": 1606.13889809999,
                "RO": 14395.2404968999,
                "SI": 943.5552516238,
                "SK": 2003.5090758569,
                "FI": 15217.4501714848,
                "SE": 22396.141623525,
                "UK": 3527.56596553539,
                "EU28": 164696.324552471
            }
        },
        {
            "year": 2011,
            "data": {
                "BE": 4636.5581926,
                "BG": 2554.9549728,
                "CZ": 4166.7960037698,
                "DK": 4691.3375771,
                "DE": 31000.2719446894,
                "EE": 2099.959120404,
                "IE": 326.6375048062,
                "EL": 1181.6337401,
                "ES": 11815.4294429999,
                "FR": 17224.9918996319,
                "HR": 1298.36698635945,
                "IT": 5489.209640826,
                "CY": 36.5429737177,
                "LV": 4348.3800001,
                "LT": 1988.26460172253,
                "LU": 157.34459294292,
                "HU": 2031.5993795,
                "MT": 1.4613189,
                "NL": 2240.01848779839,
                "AT": 10896.6029190303,
                "PL": 5539.8664801,
                "PT": 1165.77948079999,
                "RO": 12975.1160225999,
                "SI": 1035.1777983892,
                "SK": 3041.2426559968,
                "FI": 16724.2959619414,
                "SE": 22439.325239094,
                "UK": 4753.21229118,
                "EU28": 175860.340228
            }
        },
        {
            "year": 2012,
            "data": {
                "BE": 5026.5551711,
                "BG": 2706.6033979,
                "CZ": 4478.1598568019,
                "DK": 5071.6924457,
                "DE": 28543.1240706928,
                "EE": 2193.642701015,
                "IE": 551.5380691258,
                "EL": 1042.3117783,
                "ES": 10929.4751561,
                "FR": 19336.69735932,
                "HR": 1298.36698635945,
                "IT": 9025.301956777,
                "CY": 38.56934819032,
                "LV": 4558.1400001,
                "LT": 2202.1531270969,
                "LU": 170.32992411138,
                "HU": 2022.0109601,
                "MT": 1.9544573,
                "NL": 2071.0093370059,
                "AT": 10889.2114328891,
                "PL": 5781.7975001,
                "PT": 1221.37156229999,
                "RO": 13209.1686952999,
                "SI": 1182.2973142155,
                "SK": 2398.13268021914,
                "FI": 17254.3566938552,
                "SE": 22837.970878946,
                "UK": 5450.42917662399,
                "EU28": 181492.372034845
            }
        },
        {
            "year": 2013,
            "data": {
                "BE": 5811.5694526,
                "BG": 2806.0492937,
                "CZ": 4792.176709634,
                "DK": 5353.2080067,
                "DE": 43162.0521964962,
                "EE": 2287.326281626,
                "IE": 776.4958290804,
                "EL": 856.2061651,
                "ES": 10941.0006539999,
                "FR": 21448.402819008,
                "HR": 971.764570886119,
                "IT": 12576.618272528,
                "CY": 40.59572266294,
                "LV": 6420.4163327,
                "LT": 2416.25310237126,
                "LU": 183.31525527984,
                "HU": 1849.1665535,
                "MT": 2.9554725,
                "NL": 1902.0001862134,
                "AT": 10947.919946648,
                "PL": 5121.5595001,
                "PT": 4841.3615355,
                "RO": 13829.7801909999,
                "SI": 1329.4168300418,
                "SK": 2930.72270424149,
                "FI": 17784.417425769,
                "SE": 23236.616518798,
                "UK": 6448.218061968,
                "EU28": 211067.585588952
            }
        },
        {
            "year": 2014,
            "data": {
                "BE": 4554.6641711,
                "BG": 2627.22000649999,
                "CZ": 5378.476778013,
                "DK": 5145.82193329999,
                "DE": 28532.4091585186,
                "EE": 2315.7828380212,
                "IE": 775.9153192202,
                "EL": 727.9656815,
                "ES": 10470.4212381,
                "FR": 20075.4088994239,
                "HR": 1298.36698635945,
                "IT": 16103.524588479,
                "CY": 44.62750157047,
                "LV": 7607.7418413,
                "LT": 2629.93017784563,
                "LU": 165.40345434359,
                "HU": 1790.9314137,
                "MT": 3.4471987,
                "NL": 2012.541922568,
                "AT": 10870.2691171849,
                "PL": 5015.1362001,
                "PT": 5122.8770919,
                "RO": 13496.8617066999,
                "SI": 1326.3276412239,
                "SK": 2131.91272846385,
                "FI": 17591.0226681736,
                "SE": 21791.965855644,
                "UK": 10923.4503590115,
                "EU28": 200530.424474265
            }
        },
        {
            "year": 2015,
            "data": {
                "BE": 4783.17179547035,
                "BG": 2960.51133762004,
                "CZ": 5966.273846292,
                "DK": 5728.20907759349,
                "DE": 26745.8421204412,
                "EE": 2344.2393944164,
                "IE": 775.392004995,
                "EL": 874.503969659997,
                "ES": 11310.6619208999,
                "FR": 18702.41497984,