{
    "categories": [
        "Austria",
        "Belgium",
        "Bulgaria",
        "Croatia",
        "Cyprus",
        "Czechia",
        "Denmark",
        "Estonia",
        "Finland",
        "France",
        "Germany",
        "Greece",
        "Hungary",
        "Ireland",
        "Italy",
        "Latvia",
        "Lithuania",
        "Luxembourg",
        "Malta",
        "Netherlands",
        "Poland",
        "Portugal",
        "Romania",
        "Slovakia",
        "Slovenia",
        "Spain",
        "Sweden",
        "United Kingdom"
    ],
    "data": [
        {
            "year": 2009,
            "series": [
                {
                    "name": "1000 t of dry matter (net trade)",
                    "data": [
                        9545.12527170772,
                        5389.8504475,
                        1979.1183889,
                        1298.36698635945,
                        30.967146395,
                        3843.931651216,
                        3748.83408729999,
                        1988.56564789852,
                        13710.6043810282,
                        18907.58852753,
                        22380.800683072,
                        756.8620673,
                        1763.27962229999,
                        322.5291770712,
                        5485.706862146,
                        4473.0400001,
                        1560.4875509738,
                        178.242445081159,
                        1.2581461,
                        2240.0184877984,
                        5116.5073201,
                        1083.70250929999,
                        13499.3212162999,
                        1475.775495617,
                        851.9327048584,
                        8993.9480555,
                        22352.958007956,
                        2301.91963989079
                    ]
                }
            ]
        },
        {
            "year": 2010,
            "series": [
                {
                    "name": "1000 t of dry matter (net trade)",
                    "data": [
                        10220.864095369,
                        5230.08479372152,
                        2486.8433383,
                        1298.36698635945,
                        33.75506005635,
                        4004.7858275429,
                        4620.7380697,
                        2044.26238415126,
                        15217.4501714848,
                        18066.290213581,
                        24574.0363139307,
                        861.0554713,
                        1997.5847669,
                        324.5833409387,
                        5485.948751536,
                        4398.9800001,
                        1774.37607634816,
                        167.79351901204,
                        1.3875073,
                        2240.0184877984,
                        5514.1971001,
                        1606.13889809999,
                        14395.2404968999,
                        2003.5090758569,
                        943.5552516238,
                        9260.77096809999,
                        22396.141623525,
                        3527.56596553539
                    ]
                }
            ]
        },
        {
            "year": 2011,
            "series": [
                {
                    "name": "1000 t of dry matter (net trade)",
                    "data": [
                        10896.6029190303,
                        4636.5581926,
                        2554.9549728,
                        1298.36698635945,
                        36.5429737177,
                        4166.7960037698,
                        4691.3375771,
                        2099.959120404,
                        16724.2959619414,
                        17224.9918996319,
                        31000.2719446894,
                        1181.6337401,
                        2031.5993795,
                        326.6375048062,
                        5489.209640826,
                        4348.3800001,
                        1988.26460172253,
                        157.34459294292,
                        1.4613189,
                        2240.01848779839,
                        5539.8664801,
                        1165.77948079999,
                        12975.1160225999,
                        3041.2426559968,
                        1035.1777983892,
                        11815.4294429999,
                        22439.325239094,
                        4753.21229118
                    ]
                }
            ]
        },
        {
            "year": 2012,
            "series": [
                {
                    "name": "1000 t of dry matter (net trade)",
                    "data": [
                        10889.2114328891,
                        5026.5551711,
                        2706.6033979,
                        1298.36698635945,
                        38.56934819032,
                        4478.1598568019,
                        5071.6924457,
                        2193.642701015,
                        17254.3566938552,
                        19336.69735932,
                        28543.1240706928,
                        1042.3117783,
                        2022.0109601,
                        551.5380691258,
                        9025.301956777,
                        4558.1400001,
                        2202.1531270969,
                        170.32992411138,
                        1.9544573,
                        2071.0093370059,
                        5781.7975001,
                        1221.37156229999,
                        13209.1686952999,
                        2398.13268021914,
                        1182.2973142155,
                        10929.4751561,
                        22837.970878946,
                        5450.42917662399
                    ]
                }
            ]
        },
        {
            "year": 2013,
            "series": [
                {
                    "name": "1000 t of dry matter (net trade)",
                    "data": [
                        10947.919946648,
                        5811.5694526,
                        2806.0492937,
                        971.764570886119,
                        40.59572266294,
                        4792.176709634,
                        5353.2080067,
                        2287.326281626,
                        17784.417425769,
                        21448.402819008,
                        43162.0521964962,
                        856.2061651,
                        1849.1665535,
                        776.4958290804,
                        12576.618272528,
                        6420.4163327,
                        2416.25310237126,
                        183.31525527984,
                        2.9554725,
                        1902.0001862134,
                        5121.5595001,
                        4841.3615355,
                        13829.7801909999,
                        2930.72270424149,
                        1329.4168300418,
                        10941.0006539999,
                        23236.616518798,
                        6448.218061968
                    ]
                }
            ]
        },
        {
            "year": 2014,
            "series": [
                {
                    "name": "1000 t of dry matter (net trade)",