{
    "type": "Material_Footprint_(Biomass)_per_capita",
    "range_thresholds": [
        1.11221529155502,
        3.44459879630713,
        3.44702966436279,
        3.82149872783057,
        3.82827285259537,
        4.29433390120634,
        4.31530746962218,
        5.29677572004892,
        5.30935528530309,
        5.91465452163273,
        5.91485031656952,
        15.1954741018692
    ],
    "series": [
        {
            "year": "2000",
            "data": {
                "AT": 5.76269296031019,
                "BE": 4.44160799717332,
                "BG": 1.11221529155502,
                "HR": 2.66177017898534,
                "CY": 3.44987946391656,
                "DK": 5.6740178319679,
                "EE": 3.51177389658583,
                "FI": 6.32964941477892,
                "FR": 5.94128146897102,
                "DE": 5.50659284927918,
                "HU": 2.89603681656612,
                "IE": 5.16660621454717,
                "IT": 4.18224014460502,
                "LV": 3.44459879630713,
                "LT": 4.44779094389084,
                "LU": 11.4540624577221,
                "MT": 3.69566488852138,
                "NL": 4.72477845922702,
                "PL": 3.51316889705307,
                "PT": 3.90286367599709,
                "RO": 2.16936787422777,
                "SK": 2.89018154689638,
                "SI": 3.49998063866262,
                "ES": 4.88308750274516,
                "SE": 6.44849712440495
            }
        },
        {
            "year": "2001",
            "data": {
                "AT": 5.70828457492132,
                "BE": 4.07440183994234,
                "BG": 1.3318414646356,
                "HR": 3.08865537830529,
                "CY": 3.49322282412874,
                "DK": 5.31751965542765,
                "EE": 3.53814356099499,
                "FI": 6.05671323737678,
                "FR": 5.54592482894532,
                "DE": 5.29677572004892,
                "HU": 3.73478333589202,
                "IE": 4.81819602674959,
                "IT": 4.01637787342747,
                "LV": 3.55549318537468,
                "LT": 3.98563514630427,
                "LU": 10.5136756641329,
                "MT": 3.20063634427728,
                "NL": 5.00197526375452,
                "PL": 3.50762855523458,
                "PT": 3.55554963636055,
                "RO": 2.96699779181668,
                "SK": 3.38959808563175,
                "SI": 3.47529181245344,
                "ES": 4.61438743520714,
                "SE": 5.84433802854258
            }
        },
        {
            "year": "2002",
            "data": {
                "AT": 5.70955466725806,
                "BE": 4.25258842717502,
                "BG": 1.41472900245433,
                "HR": 3.43445897112688,
                "CY": 3.63537216238845,
                "DK": 5.51064519233077,
                "EE": 3.78260429352904,
                "FI": 6.3050485741189,
                "FR": 5.95526853299446,
                "DE": 5.1946011087505,
                "HU": 3.46892545460839,
                "IE": 4.98164619866569,
                "IT": 4.16996796447194,
                "LV": 3.91369745319598,
                "LT": 4.54255369178757,
                "LU": 11.1682907920653,
                "MT": 3.37839986244807,
                "NL": 5.63913892648548,
                "PL": 3.56470786451221,
                "PT": 3.71289761413327,
                "RO": 2.67890816592293,
                "SK": 3.47437869364466,
                "SI": 3.73386029219459,
                "ES": 4.78402315846034,
                "SE": 5.99936731379867
            }
        },
        {
            "year": "2003",
            "data": {
                "AT": 5.91465452163273,
                "BE": 4.37174297957814,
                "BG": 1.32751383574403,
                "HR": 2.76433111731153,
                "CY": 3.5634016162035,
                "DK": 5.57390353905944,
                "EE": 4.15734618973289,
                "FI": 6.4055711165439,
                "FR": 5.8802184908143,
                "DE": 5.32158222727024,
                "HU": 3.11500957014603,
                "IE": 5.23661535475449,
                "IT": 4.29192634527534,
                "LV": 3.9429011937418,
                "LT": 4.91663425446468,
                "LU": 11.6564667063099,
                "MT": 3.30361274866013,
                "NL": 5.72526699204262,
                "PL": 3.36430150077944,
                "PT": 3.82827285259537,
                "RO": 2.77461893065181,
                "SK": 3.24228141112608,
                "SI": 3.60895038374229,
                "ES": 5.09559775835955,
                "SE": 6.17261257485123
            }
        },
        {
            "year": "2004",
            "data": {
                "AT": 6.34068716490168,
                "BE": 4.49777803053152,
                "BG": 1.75055377163945,
                "HR": 3.34507700870453,
                "CY": 3.57305846141665,
                "DK": 5.62943650477968,
                "EE": 3.98714399386901,
                "FI": 6.32000969061564,
                "FR": 6.15278332064061,
                "DE": 5.70614623569272,
                "HU": 4.38501283380726,
                "IE": 5.36618476928483,
                "IT": 4.42888812635072,
                "LV": 4.12742627328197,
                "LT": 5.1576815715985,
                "LU": 13.1804527919365,
                "MT": 3.41491628539753,
                "NL": 5.83225385459559,
                "PL": 3.77087850614695,
                "PT": 4.02729964700746,
                "RO": 3.87857088205156,
                "SK": 3.97445354768726,
                "SI": 4.01688937095454,
                "ES": 5.03145576774577,
                "SE": 6.16487882563186
            }
        },
        {
            "year": "2005",
            "data": {
                "AT": 6.21471712515069,
                "BE": 4.40262651933471,
                "BG": 1.63361233291552,
                "HR": 3.28954374052233,
                "CY": 3.40495573430071,
                "DK": 5.71733378190096,
                "EE": 4.07170961783589,
                "FI": 6.3249974757208,
                "FR": 5.95593617261026,
                "DE": 5.39900744000023,
                "HU": 4.13516628471917,
                "IE": 5.31605323266659,
                "IT": 4.44209723961082,
                "LV": 4.39394435926026,
                "LT": 5.15981152138056,
                "LU": 13.2278056622153,
                "MT": 3.29751934058856,
                "NL": 5.5790131677106,
                "PL": 3.57605751383389,
                "PT": 3.77029002179973,
                "RO": 3.39941341097282,
                "SK": 4.10395292577482,
                "SI": 4.02608300134099,
                "ES": 4.81983683445621,
                "SE": 6.99876629437913
            }
        },
        {
            "year": "2006",
            "data": {
                "AT": 6.11815103319538,
                "BE": 4.35640549186233,
                "BG": 1.64690197022698,
                "HR": 3.4254726761097,
                "CY": 3.34165559550419,
                "DK": 5.52811259770075,
                "EE": 4.08161435176984,
                "FI": 6.00123920668034,
                "FR": 5.78468285394786,
                "DE": 5.28071665326246,
                "HU": 3.58884940846152,
                "IE": 5.275872165303,
                "IT": 4.31530746962218,
                "LV": 4.56785679457744,
                "LT": 4.70478749245914,
                "LU": 13.6844469170064,
                "MT": 3.56090248015605,
                "NL": 5.64299314206341,
                "PL": 3.40265975076938,
                "PT": 3.87892642145232,
                "RO": 3.30003329893604,
                "SK": 3.86817104843697,
                "SI": 4.03526665206101,
                "ES": 4.90391260186687,